$MeshFormat
2.2 0 8
$EndMeshFormat
$PhysicalNames
6
1 1 "Bottom Wall"
1 2 "Outlet"
1 3 "Top Wall"
1 4 "Inlet"
1 5 "Cylinder"
2 6 "Channel With Cylinder"
$EndPhysicalNames
$Nodes
3356
1 0 0 0
2 6 0 0
3 6 1 0
4 0 1 0
5 0.9 0.5599999999999999 0
6 1 0.6599999999999999 0
7 1.1 0.5599999999999999 0
8 1 0.46 0
9 0.04999999999978031 0 0
10 0.0999999999995585 0 0
11 0.1499999999993342 0 0
12 0.1999999999991098 0 0
13 0.2499999999988855 0 0
14 0.2999999999986612 0 0
15 0.3499999999984419 0 0
16 0.3999999999982407 0 0
17 0.4499999999980576 0 0
18 0.4999999999978795 0 0
19 0.5499999999977014 0 0
20 0.5999999999975234 0 0
21 0.6499999999973454 0 0
22 0.6999999999971673 0 0
23 0.7499999999969675 0 0
24 0.7999999999967187 0 0
25 0.8499999999964482 0 0
26 0.8999999999961775 0 0
27 0.9499999999959069 0 0
28 0.9999999999956506 0 0
29 1.049999999995443 0 0
30 1.099999999995265 0 0
31 1.149999999995087 0 0
32 1.199999999994909 0 0
33 1.249999999994731 0 0
34 1.299999999994553 0 0
35 1.349999999994375 0 0
36 1.399999999994197 0 0
37 1.449999999994019 0 0
38 1.49999999999384 0 0
39 1.549999999993662 0 0
40 1.599999999993484 0 0
41 1.649999999993306 0 0
42 1.699999999993128 0 0
43 1.74999999999295 0 0
44 1.799999999992772 0 0
45 1.849999999992593 0 0
46 1.899999999992415 0 0
47 1.949999999992237 0 0
48 1.999999999992059 0 0
49 2.049999999991881 0 0
50 2.099999999991702 0 0
51 2.149999999991524 0 0
52 2.199999999991346 0 0
53 2.249999999991168 0 0
54 2.29999999999099 0 0
55 2.349999999990812 0 0
56 2.399999999990634 0 0
57 2.449999999990456 0 0
58 2.499999999990278 0 0
59 2.549999999990099 0 0
60 2.599999999989921 0 0
61 2.649999999989743 0 0
62 2.699999999989565 0 0
63 2.749999999989386 0 0
64 2.799999999989208 0 0
65 2.84999999998903 0 0
66 2.899999999988852 0 0
67 2.949999999988674 0 0
68 2.999999999988583 0 0
69 3.049999999988688 0 0
70 3.09999999998888 0 0
71 3.149999999989072 0 0
72 3.199999999989264 0 0
73 3.249999999989456 0 0
74 3.299999999989648 0 0
75 3.349999999989839 0 0
76 3.399999999990031 0 0
77 3.449999999990222 0 0
78 3.499999999990415 0 0
79 3.549999999990606 0 0
80 3.599999999990798 0 0
81 3.649999999990989 0 0
82 3.699999999991181 0 0
83 3.749999999991373 0 0
84 3.799999999991565 0 0
85 3.849999999991757 0 0
86 3.899999999991948 0 0
87 3.94999999999214 0 0
88 3.999999999992331 0 0
89 4.049999999992524 0 0
90 4.099999999992715 0 0
91 4.149999999992907 0 0
92 4.199999999993098 0 0
93 4.249999999993291 0 0
94 4.299999999993481 0 0
95 4.349999999993674 0 0
96 4.399999999993865 0 0
97 4.449999999994057 0 0
98 4.499999999994248 0 0
99 4.549999999994441 0 0
100 4.599999999994631 0 0
101 4.649999999994824 0 0
102 4.699999999995015 0 0
103 4.749999999995207 0 0
104 4.799999999995399 0 0
105 4.849999999995591 0 0
106 4.899999999995782 0 0
107 4.949999999995974 0 0
108 4.999999999996166 0 0
109 5.049999999996357 0 0
110 5.099999999996549 0 0
111 5.149999999996741 0 0
112 5.199999999996932 0 0
113 5.249999999997124 0 0
114 5.299999999997316 0 0
115 5.349999999997507 0 0
116 5.399999999997699 0 0
117 5.449999999997891 0 0
118 5.499999999998082 0 0
119 5.549999999998274 0 0
120 5.599999999998466 0 0
121 5.649999999998657 0 0
122 5.699999999998849 0 0
123 5.749999999999041 0 0
124 5.799999999999233 0 0
125 5.849999999999424 0 0
126 5.899999999999617 0 0
127 5.949999999999807 0 0
128 6 0.04999999999989967 0
129 6 0.09999999999981468 0
130 6 0.1499999999997036 0
131 6 0.1999999999995579 0
132 6 0.2499999999994122 0
133 6 0.2999999999992664 0
134 6 0.3499999999991207 0
135 6 0.399999999998975 0
136 6 0.4499999999988292 0
137 6 0.4999999999986943 0
138 6 0.5499999999988151 0
139 6 0.5999999999989468 0
140 6 0.6499999999990784 0
141 6 0.69999999999921 0
142 6 0.7499999999993417 0
143 6 0.7999999999994734 0
144 6 0.8499999999996051 0
145 6 0.8999999999997368 0
146 6 0.9499999999998684 0
147 5.950000000000371 1 0
148 5.900000000000741 1 0
149 5.850000000001112 1 0
150 5.800000000001483 1 0
151 5.750000000001854 1 0
152 5.700000000002224 1 0
153 5.650000000002595 1 0
154 5.600000000002965 1 0
155 5.550000000003336 1 0
156 5.500000000003707 1 0
157 5.450000000004078 1 0
158 5.400000000004448 1 0
159 5.350000000004819 1 0
160 5.300000000005189 1 0
161 5.25000000000556 1 0
162 5.200000000005931 1 0
163 5.150000000006301 1 0
164 5.100000000006673 1 0
165 5.050000000007043 1 0
166 5.000000000007414 1 0
167 4.950000000007784 1 0
168 4.900000000008156 1 0
169 4.850000000008526 1 0
170 4.800000000008897 1 0
171 4.750000000009267 1 0
172 4.700000000009638 1 0
173 4.650000000010009 1 0
174 4.60000000001038 1 0
175 4.55000000001075 1 0
176 4.500000000011121 1 0
177 4.450000000011492 1 0
178 4.400000000011863 1 0
179 4.350000000012233 1 0
180 4.300000000012604 1 0
181 4.250000000012975 1 0
182 4.200000000013345 1 0
183 4.150000000013716 1 0
184 4.100000000014086 1 0
185 4.050000000014457 1 0
186 4.000000000014712 1 0
187 3.95000000001477 1 0
188 3.900000000014771 1 0
189 3.850000000014771 1 0
190 3.800000000014772 1 0
191 3.750000000014773 1 0
192 3.700000000014773 1 0
193 3.650000000014774 1 0
194 3.600000000014775 1 0
195 3.550000000014776 1 0
196 3.500000000014777 1 0
197 3.450000000014777 1 0
198 3.400000000014778 1 0
199 3.350000000014778 1 0
200 3.300000000014779 1 0
201 3.25000000001478 1 0
202 3.200000000014781 1 0
203 3.150000000014781 1 0
204 3.100000000014782 1 0
205 3.050000000014783 1 0
206 3.000000000014697 1 0
207 2.950000000014414 1 0
208 2.900000000014044 1 0
209 2.850000000013675 1 0
210 2.800000000013306 1 0
211 2.750000000012936 1 0
212 2.700000000012567 1 0
213 2.650000000012198 1 0
214 2.600000000011828 1 0
215 2.550000000011459 1 0
216 2.50000000001109 1 0
217 2.45000000001072 1 0
218 2.400000000010352 1 0
219 2.350000000009983 1 0
220 2.300000000009614 1 0
221 2.250000000009244 1 0
222 2.200000000008875 1 0
223 2.150000000008506 1 0
224 2.100000000008137 1 0
225 2.050000000007768 1 0
226 2.000000000007428 1 0
227 1.950000000007186 1 0
228 1.900000000007001 1 0
229 1.850000000006817 1 0
230 1.800000000006633 1 0
231 1.750000000006448 1 0
232 1.700000000006264 1 0
233 1.65000000000608 1 0
234 1.600000000005896 1 0
235 1.550000000005711 1 0
236 1.500000000005528 1 0
237 1.450000000005343 1 0
238 1.400000000005158 1 0
239 1.350000000004975 1 0
240 1.30000000000479 1 0
241 1.250000000004607 1 0
242 1.200000000004422 1 0
243 1.150000000004238 1 0
244 1.100000000004054 1 0
245 1.050000000003869 1 0
246 1.000000000003685 1 0
247 0.9500000000035012 1 0
248 0.9000000000033168 1 0
249 0.8500000000031318 1 0
250 0.8000000000029481 1 0
251 0.7500000000027638 1 0
252 0.7000000000025794 1 0
253 0.6500000000023951 1 0
254 0.6000000000022114 1 0
255 0.5500000000020264 1 0
256 0.5000000000018427 1 0
257 0.4500000000016584 1 0
258 0.4000000000014741 1 0
259 0.3500000000012897 1 0
260 0.3000000000011054 1 0
261 0.2500000000009217 1 0
262 0.2000000000007367 1 0
263 0.150000000000553 1 0
264 0.1000000000003687 1 0
265 0.05000000000018501 1 0
266 0 0.04999999999989967 0
267 0 0.09999999999981468 0
268 0 0.1499999999997036 0
269 0 0.1999999999995579 0
270 0 0.2499999999994122 0
271 0 0.2999999999992664 0
272 0 0.3499999999991207 0
273 0 0.399999999998975 0
274 0 0.4499999999988292 0
275 0 0.4999999999986943 0
276 0 0.5499999999988151 0
277 0 0.5999999999989468 0
278 0 0.6499999999990784 0
279 0 0.69999999999921 0
280 0 0.7499999999993417 0
281 0 0.7999999999994734 0
282 0 0.8499999999996051 0
283 0 0.8999999999997368 0
284 0 0.9499999999998684 0
285 0.9025072088027839 0.5822520934874902 0
286 0.9099031133459752 0.6033883741946133 0
287 0.9218168520248143 0.6223489805264706 0
288 0.9376510200388294 0.6381831484259973 0
289 0.9566116262597371 0.6500968868728284 0
290 0.9777479067742059 0.6574927912569465 0
291 1.022252093560208 0.6574927911806188 0
292 1.043388374258911 0.6500968866230609 0
293 1.062348980459333 0.6381831480287264 0
294 1.078183148391111 0.622348980004917 0
295 1.090096886939058 0.603388373602736 0
296 1.097492791250359 0.5822520932546569 0
297 1.097492791217145 0.5377479065998223 0
298 1.090096886748053 0.5166116260006379 0
299 1.078183148129563 0.4976510196671122 0
300 1.062348980114136 0.4818168516959882 0
301 1.043388373985505 0.4699031132452737 0
302 1.02225209349175 0.462507208803756 0
303 0.9777479065879129 0.4625072087855735 0
304 0.9566116259490856 0.4699031132767733 0
305 0.9376510195919791 0.4818168519303538 0
306 0.9218168515851503 0.4976510200248506 0
307 0.9099031130859149 0.5166116263454074 0
308 0.9025072087424824 0.5377479067767077 0
309 1.574104771985858 0.044419507512658 0
310 1.575895667668368 0.9573333366543968 0
311 0.04274973116728136 0.475610501431579 0
312 0.4771629945264013 0.9563013812005985 0
313 4.075000000014273 0.9566987298110989 0
314 4.325000000352164 0.9566987303843162 0
315 4.725000000109818 0.9566987305922408 0
316 5.124771898940969 0.9568677489806038 0
317 5.374999999484613 0.95669872977916 0
318 1.874652454072851 0.04376586094369161 0
319 2.674998390877367 0.04330174308557999 0
320 2.424999999950483 0.04330127045222977 0
321 3.274999614676096 0.9567062074997522 0
322 3.625000197062412 0.9566985935267674 0
323 2.123075366193136 0.04250502844812087 0
324 2.923657916871877 0.04278177324772926 0
325 4.525159360629273 0.04274092575400901 0
326 3.874999999991852 0.04330127018938754 0
327 4.924999999017454 0.04330126955701764 0
328 0.5249999999977905 0.0433012701890677 0
329 3.424999502084429 0.04330206178492983 0
330 2.265008028860406 0.9579501828566729 0
331 4.224999980890711 0.04330129421070328 0
332 3.181944897775386 0.04212543828223679 0
333 5.222973094689356 0.04042547528249571 0
334 3.024999122393442 0.9566945969380101 0
335 1.974833759868595 0.9566050072563071 0
336 2.775003215230725 0.9566999635112647 0
337 5.476211428597874 0.04554292159145659 0
338 2.52500393108973 0.9566970617582942 0
339 1.77487736567419 0.9563642506840422 0
340 3.871866409441839 0.9554782420447827 0
341 3.674704827406006 0.04749970829154927 0
342 4.924999999606972 0.9566987299719618 0
343 4.522510021720562 0.9558693568804917 0
344 4.725000001829987 0.04330127138446398 0
345 5.957919618257193 0.5224325059258381 0
346 1.377022048787604 0.04391274906917397 0
347 5.571867046167629 0.9574718283235688 0
348 1.38465602998406 0.9554856126480407 0
349 0.7262301605478548 0.04386761366820989 0
350 1.22499999999482 0.04330127018906758 0
351 0.6750000000024869 0.9566987295474565 0
352 5.674999999998755 0.04330127018938792 0
353 0.04325761641269405 0.6742307928496004 0
354 0.3248520020983414 0.04230262497817872 0
355 0.8781051681830161 0.0438270852477619 0
356 1.072926776238409 0.04224435305403319 0
357 5.945210071154189 0.3215541357118302 0
358 0.3250000000011979 0.9566987298106189 0
359 1.725850914093963 0.04386976728806011 0
360 0.04330127010422171 0.3249999999516202 0
361 5.966221558652316 0.7256969175969441 0
362 2.124944359265637 0.9566812694929201 0
363 3.42461876801295 0.9569149333659215 0
364 4.025070693860673 0.043257290958468 0
365 4.374999999500377 0.04330127115538152 0
366 5.073763023142591 0.04263650393559684 0
367 2.280587156805558 0.04104330492340145 0
368 1.220735984994722 0.9557082021008891 0
369 0.8210188911678354 0.9597715676379196 0
370 5.725000000002038 0.9566987298110989 0
371 1.073809339710339 0.9579976188136224 0
372 5.820310460300824 0.04749021803272657 0
373 0.0402428868418303 0.1736099839004087 0
374 0.1730860542322576 0.9589091802703372 0
375 0.04611037454643618 0.8222150204349964 0
376 0.1777242559369683 0.0447126299709697 0
377 5.955970355883111 0.1763105567470308 0
378 0.9750000000035929 0.9566987298106191 0
379 0.5754255903534967 0.9574098802733803 0
380 0.9756882535392933 0.042319387750666 0
381 0.6256865816943008 0.04384531081547548 0
382 1.476637083148259 0.9574853666887498 0
383 1.474999999993929 0.04330127018906758 0
384 0.03846464762702746 0.57386937655042 0
385 1.674028021752831 0.9564746486629175 0
386 1.874896017747064 0.9567098246490285 0
387 0.4250000000006529 0.04330127044470622 0
388 5.951917610757819 0.6242191679047807 0
389 5.95814626201526 0.8227677731923757 0
390 5.574999999998369 0.04330127018938792 0
391 2.42639905084884 0.9571108058739722 0
392 2.624996443367252 0.9566955143351791 0
393 5.378861456222441 0.04375582077855519 0
394 3.175004846491173 0.956692854748056 0
395 5.02499999965773 0.956698729878641 0
396 4.22814389293414 0.9580750760577466 0
397 5.22497999299957 0.9571809612591548 0
398 2.924999311421131 0.9566984810706204 0
399 3.975000000014742 0.9566987298109138 0
400 3.02217694935397 0.04348561904300461 0
401 3.775000075498313 0.9566986905130932 0
402 3.776923965468065 0.04536701340050088 0
403 3.57281327705701 0.04431687216806632 0
404 3.274999803295778 0.04330133455572917 0
405 3.524469232075284 0.9566530066730184 0
406 1.974783707234444 0.04362107210830445 0
407 2.824995711803578 0.04330806824233283 0
408 5.474958563178137 0.9568962140043736 0
409 4.625000000010195 0.9566987298110994 0
410 2.574921384610384 0.04296118593735598 0
411 4.82500000026883 0.9566987305992904 0
412 4.424910615435714 0.9574523399384061 0
413 5.959219347172981 0.4242124044541479 0
414 5.825000000001303 0.9566987300286782 0
415 4.124999991036749 0.04330127384858597 0
416 4.824999996279995 0.04330126873021277 0
417 4.62527006873632 0.04253728624799512 0
418 5.956698730188489 0.9249999999998026 0
419 0.07499999995019957 0.9566987300281975 0
420 5.925247505850243 0.04524989166878753 0
421 0.04508556938044224 0.07670381300775053 0
422 1.024617879258302 0.9576102625836739 0
423 1.048880616046159 0.9169104678653814 0
424 1.013126502281481 0.6777086178789523 0
425 1.093037987994095 0.9161926952400863 0
426 1.070587332995212 0.8792361247321865 0
427 1.111198630850377 0.8779228014571705 0
428 1.092491247357611 0.8438762191939708 0
429 1.129872226651421 0.8424999307596499 0
430 1.06318627756507 0.6605603838539472 0
431 1.060846424822539 0.843161813611086 0
432 1.111239568469716 0.8108739139162141 0
433 1.147702943252118 0.8098303779588212 0
434 1.130289431013454 0.7793982961341586 0
435 1.165246544113859 0.7783781166800053 0
436 1.184358203429514 0.8083717575671192 0
437 1.199415546394319 0.7766253824547134 0
438 1.181897358782811 0.7473944331134099 0
439 1.215583753760722 0.7460407081224829 0
440 1.197417695476482 0.7181310970099932 0
441 1.23057805659691 0.7162341825130234 0
442 1.250370706445135 0.7443593601526683 0
443 1.265957191065534 0.7130796703550508 0
444 1.245269518463378 0.6837608782938538 0
445 1.281392217998408 0.6806340843865893 0
446 1.261721965817047 0.6513161748753791 0
447 1.297317451973383 0.6477082700232932 0
448 1.279090211631496 0.6176612989004653 0
449 1.314780991476501 0.6141872861552158 0
450 1.291356368487254 0.5833980377452525 0
451 1.330387821579247 0.5800634950680763 0
452 1.307123897355167 0.548504871874682 0
453 1.346002551090894 0.545112761017063 0
454 1.368984548165031 0.5773835460885242 0
455 1.385628054590562 0.5414046432119061 0
456 1.408968526509027 0.5747568650524773 0
457 1.42701977553864 0.5379219270543731 0
458 1.450783745783625 0.5720095667653898 0
459 1.468720103764869 0.5339595180304176 0
460 1.493022985054028 0.569127488026077 0
461 1.512184627977915 0.5308396513902169 0
462 1.537755078953356 0.5658636966926851 0
463 1.556801447498409 0.5268665326374292 0
464 1.582227458363966 0.5625772217081106 0
465 1.600582865907902 0.5225077510643964 0
466 1.626378005300325 0.5594993540650816 0
467 1.648016415930962 0.5158322597834342 0
468 1.671308836607176 0.5568916429459597 0
469 1.692284671983069 0.5147695949787907 0
470 1.718156237956156 0.5543051461180805 0
471 1.739011653416078 0.5111027300135002 0
472 1.76580563172667 0.5497323952688127 0
473 1.785719715128738 0.5066549856508511 0
474 1.81230739865421 0.5464634497740367 0
475 1.832888631224457 0.5022710188120346 0
476 1.860378188892903 0.5433498646256963 0
477 1.880857369643645 0.4983748136369821 0
478 1.909503053745083 0.5397227371156206 0
479 1.930248179410222 0.4953059378199079 0
480 1.957767543599543 0.5353310817177162 0
481 1.978941369224194 0.4916803981201261 0
482 2.006144998721645 0.5307655767001529 0
483 1.323286604695229 0.512965594875355 0
484 2.027805568825491 0.4878210352418215 0
485 2.054495561410401 0.527567754127286 0
486 2.076461908519539 0.4836137165255925 0
487 2.103812539335573 0.5241150096403993 0
488 2.125494612613469 0.4796986531724975 0
489 2.153051073238381 0.5205865881309572 0
490 2.174746344845868 0.4758176459640613 0
491 2.202753419078822 0.5168156650374709 0
492 2.224057516148211 0.4719646435730614 0
493 2.252345351500891 0.5133692784132607 0
494 2.273394166959206 0.4680394976757243 0
495 2.302242694664369 0.5094470321365355 0
496 2.322930083490596 0.4641292859316696 0
497 2.351236374243431 0.5051056861219275 0
498 2.372465367889887 0.4602356853188783 0
499 2.400669798190221 0.5012238107202196 0
500 2.422101917269691 0.4562838247720727 0
501 2.450266720142685 0.4973626461134582 0
502 2.471685423224579 0.4524440495715256 0
503 2.499893696465796 0.4935008805989682 0
504 1.448151924743283 0.500197726479069 0
505 2.521364366661506 0.4485091975535613 0
506 2.549538510241147 0.4896068715808133 0
507 2.571048880382542 0.4446060042096117 0
508 2.599125194838177 0.4857654457100029 0
509 2.620735828399869 0.4407505551457145 0
510 2.648892374161236 0.4819518767515709 0
511 2.67049187481582 0.4368513027459791 0
512 2.698731826508736 0.4780021483010666 0
513 2.720269059071812 0.4329505357506322 0
514 2.748500976854158 0.4741281989040473 0
515 2.770054058837172 0.42907548660286 0
516 2.798249138273316 0.4702973734437146 0
517 2.819841520794451 0.4251881960730368 0
518 2.848128048068667 0.466375352544024 0
519 1.579228008950558 0.4870706582336046 0
520 2.869646338135345 0.4212883655359509 0
521 2.897918200115864 0.4624737085727138 0
522 2.919453737660524 0.4173941987594212 0
523 2.94772966614328 0.4585859007347641 0
524 2.969268300822053 0.4135001030027712 0
525 2.997547792165237 0.4546974301965729 0
526 2.975956452209598 0.4998012627328886 0
527 3.025775501020861 0.4959411172417921 0
528 3.047367068498937 0.4508089088707616 0
529 3.075662630021757 0.4920196116233057 0
530 3.097200839843129 0.4469134572407682 0
531 3.125484773972789 0.4881243960584714 0
532 3.147031527651812 0.443019671479612 0
533 3.175314509910404 0.4842289837051152 0
534 3.196862297208765 0.439126145352464 0
535 3.225147162391579 0.4803362452273834 0
536 3.246697947478942 0.4352293948889401 0
537 3.274974768935591 0.4764492273722625 0
538 3.296533777945275 0.4313361524861469 0
539 3.324818599089707 0.4725629546215336 0
540 3.346373761754831 0.427446868535542 0
541 3.374667829682144 0.4686650090974474 0
542 3.396215936015793 0.423551926375072 0
543 3.424509987174288 0.4647721920308497 0
544 3.446058119866565 0.4196585009051051 0
545 3.474352266035861 0.4608797898328257 0
546 3.49590145263074 0.4157678341245072 0
547 3.524195243137889 0.4569876423960972 0
548 3.545746119929903 0.4118749873281877 0
549 3.574039613494924 0.4530953419996624 0
550 3.552488178185818 0.4982084627490924 0
551 3.602333321555138 0.4943161443259023 0
552 3.623884925291554 0.4492025248233988 0
553 3.652178996354181 0.490423671306174 0
554 3.673730724773036 0.4453096472855126 0
555 3.702024910613178 0.4865310813436486 0
556 3.723576935012259 0.4414167461911103 0
557 3.751870904133312 0.4826386141541709 0
558 3.773423274919749 0.4375238630910506 0
559 3.801717680750955 0.4787461745218036 0
560 3.82327012834536 0.4336309894560088 0
561 3.851564794306404 0.4748532650402049 0
562 3.873117082427409 0.4297380875850478 0
563 3.90141178774336 0.4709605804250185 0
564 3.92296434205673 0.4258451940697606 0
565 3.951259174265576 0.4670679449688956 0
566 3.972811743177799 0.4219523357330682 0
567 4.00110680260937 0.4631750791019708 0
568 4.022659208115325 0.4180594150566052 0
569 4.05095436919019 0.4592822800861406 0
570 4.072506840125335 0.414166450687724 0
571 4.100802093074837 0.4553894907007079 0
572 4.122354656092456 0.4102736303457355 0
573 4.150649892228055 0.4514966696202772 0
574 4.129097285735246 0.4966125815995439 0
575 4.178945135584832 0.4927197596234451 0
576 4.200497776471619 0.4476038023206825 0
577 4.228793059979136 0.488826932265918 0
578 4.250345723661682 0.4437109267349304 0
579 4.278641013316475 0.4849340989614037 0
580 4.300193709213438 0.4398180506431831 0
581 4.328489024160605 0.4810412594284415 0
582 4.350041727718454 0.4359251264540128 0
583 4.378337068825743 0.4771484111014913 0
584 4.399889766673207 0.4320322400872771 0
585 4.428185137632003 0.4732555587917386 0
586 4.449737853158366 0.428139424471919 0
587 4.47803322706074 0.4693627089502971 0
588 4.499585964852503 0.4242465528465507 0
589 4.527881350980778 0.4654698515618602 0
590 4.549434077773319 0.4203536735111566 0
591 4.57772948383989 0.4615769915167709 0
592 4.599282219129043 0.4164607858284065 0
593 4.627577638039751 0.4576841276774134 0
594 4.649130386525725 0.4125679202248946 0
595 4.677425800138149 0.4537912627270936 0
596 4.655873039243016 0.4989074779065369 0
597 4.705721213383142 0.4950146134148621 0
598 4.727273977546776 0.4498983928690798 0
599 4.755569395279667 0.4911217473059709 0
600 4.777122164758294 0.4460055199188756 0
601 4.805417589321829 0.4872288439739377 0
602 4.826970357421408 0.4421126436347081 0
603 4.855265758083988 0.4833359448164247 0
604 4.87681854892764 0.4382197683704678 0
605 4.905113974422981 0.4794431432448042 0
606 4.926666749624867 0.4343268985712142 0
607 4.954962147403941 0.4755502537498502 0
608 4.976514954664717 0.4304340263327462 0
609 5.004810335517507 0.4716573502126258 0
610 5.026363159159829 0.4265411544904957 0
611 5.054658594622085 0.4677645347744941 0
612 5.076211371603553 0.4226482862874301 0
613 5.104506775498149 0.463871644570471 0
614 5.126059587951933 0.4187554156936355 0
615 5.154354972004639 0.4599787406693124 0
616 5.175907803883734 0.4148625378166968 0
617 5.204203238139696 0.4560859240763061 0
618 5.22575602166381 0.4109696662415528 0
619 5.254051455703863 0.4521930535392213 0
620 5.232498490628666 0.4973092353149051 0
621 5.28234675592052 0.4934164203216801 0
622 5.303899664575074 0.4483001847858925 0
623 5.332195037510322 0.4895235656826954 0
624 5.353747886853413 0.4444073130564616 0
625 5.382043294817691 0.4856306989335424 0
626 5.403596112070974 0.4405144410531292 0
627 5.431891536124376 0.4817378292099287 0
628 5.453444335635252 0.4366215691301954 0
629 5.481739766370698 0.4778449593007745 0
630 5.503292558910056 0.4327286972722628 0
631 2.826578203867871 0.5116409602358764 0
632 3.353116286542567 0.5137734486662786 0
633 1.72010746991809 0.4718568639239634 0
634 3.979554547740357 0.5082911583482577 0
635 5.082953677944039 0.5089877775377439 0
636 5.531587993611501 0.4739520883472407 0
637 4.456480479602779 0.5144788433454762 0
638 2.677061417804553 0.5232751460095977 0
639 5.510035207535698 0.5190683500948123 0
640 3.83001280638884 0.5199693003169887 0
641 5.55314078111218 0.4288358262533294 0
642 4.93340905384358 0.5206663799359883 0
643 3.68047286511362 0.5316454340062696 0
644 3.203598246480686 0.525470198456723 0
645 4.257088286232097 0.5300500989203336 0
646 1.847382146743841 0.4560722962049354 0
647 5.310642324696945 0.534639831317923 0
648 4.783864809489501 0.5323451128708221 0
649 3.054152032907441 0.5372277717205086 0
650 2.52788124078811 0.5346189589694277 0
651 2.329611719507292 0.5498858651986056 0
652 5.559883429842581 0.5151754794677742 0
653 2.051102554460075 0.4440508943672106 0
654 2.181382734862809 0.5611516282823481 0
655 1.302349333502059 0.7106303457264812 0
656 1.474215685453326 0.6078694016500532 0
657 2.033033570910679 0.570178391073872 0
658 2.195493428304305 0.4309573185169676 0
659 5.538330644732202 0.5602917421423994 0
660 1.607635292161711 0.597846366216009 0
661 2.343266870176903 0.4189240264001469 0
662 5.588178867335882 0.5563988713460722 0
663 1.888691825930237 0.5876885607742038 0
664 1.747514621020736 0.5957038282882596 0
665 2.493145490107005 0.4074699261241115 0
666 3.118738641913203 0.401809445258054 0
667 4.321746368299744 0.3947019464942532 0
668 4.798674929839661 0.4008892805892577 0
669 2.642275450250401 0.3957263607972492 0
670 3.745128343388456 0.3963013080770766 0
671 5.375300679801619 0.3992910492664211 0
672 5.566626081013553 0.6015151338678525 0
673 5.616474303761122 0.5976222631386827 0
674 4.99806773604029 0.3853177787882488 0
675 3.367924053190951 0.3823363208210522 0
676 4.471290577595484 0.3830232498857049 0
677 5.638027090366556 0.5525059996580538 0
678 5.524845344801739 0.3876124348316204 0
679 5.574693567362549 0.3837195637462804 0
680 2.791592029598843 0.3840069058458321 0
681 3.944516668247799 0.3807295745813318 0
682 5.147612371026836 0.3736391523258222 0
683 3.517453715082477 0.3706550287244511 0
684 4.094058655441567 0.3690504658810876 0
685 2.940949717432339 0.3722968837258409 0
686 1.119802551426646 0.5463821017418486 0
687 4.620834838658308 0.3713445512266538 0
688 5.594921517400257 0.6427385260435352 0
689 5.545073294440646 0.6466313967128184 0
690 5.644769741408338 0.6388456553395252 0
691 5.546398129976017 0.3424961719504386 0
692 5.596246353709447 0.3386033008432464 0
693 1.283760309177233 0.5158898228785025 0
694 1.300424166157668 0.4819381110218703 0
695 1.262194451415964 0.48493519709938 0
696 1.278363380314553 0.4512974690066991 0
697 1.241595221012308 0.4548958864809529 0
698 1.257558584915766 0.4208442805648543 0
699 1.294784434917849 0.416905478111362 0
700 1.272167009543821 0.385755938487838 0
701 1.311223747421026 0.3813632971437136 0
702 1.233653942164396 0.390071192284152 0
703 1.248987623856635 0.3550856540705332 0
704 1.211038993898554 0.3592956386964764 0
705 1.226350226047391 0.3244790995091973 0
706 1.18938314869555 0.3287624173077294 0
707 1.059617805480089 0.4596346132618653 0
708 1.203806216359422 0.2939183625697679 0
709 1.166082751136896 0.2981723296421502 0
710 1.242152576863632 0.2892265511306874 0
711 1.111496898595315 0.5992229772303854 0
712 5.623216953655679 0.6839619187824083 0
713 5.673065177518366 0.6800690482219054 0
714 1.181206943482279 0.2629014670305709 0
715 1.143440179144624 0.2674143273824243 0
716 1.127474412607223 0.3027800094297184 0
717 1.104941867398607 0.2723677760000246 0
718 1.090513582577958 0.3065188865257352 0
719 1.06899523727388 0.2773828175496538 0
720 1.013297353253027 0.4419827262348861 0
721 1.10056038422643 0.4968137225163389 0
722 5.62454179054378 0.3798266930322914 0
723 5.646094577092153 0.3347104297706842 0
724 5.674390014029774 0.3759338211799464 0
725 5.695942800740239 0.3308175582327813 0
726 5.567950916663033 0.2973799087074527 0
727 5.518102693320154 0.3012727799349159 0
728 1.054429282949188 0.3099901937456335 0
729 1.034027270211333 0.2820996239627999 0
730 1.019014469119181 0.3133992730566994 0
731 1.000301802484947 0.2868495947904692 0
732 0.9849268149780562 0.3173594904254857 0
733 0.968259616151363 0.2906202883149043 0
734 0.9531636099164186 0.3218882213636085 0
735 0.9347001634398175 0.2941496373303045 0
736 0.9208495470148859 0.3256364325575991 0
737 0.900240534898772 0.299341602477205 0
738 0.8878941863708313 0.3298379696223829 0
739 0.8664556941220248 0.3029907214728483 0
740 0.8548616403240444 0.3338201519576653 0
741 0.8328819300587913 0.307369131619404 0
742 0.8214088639449645 0.3381713503151951 0
743 0.7994360311751072 0.3113545539396386 0
744 0.7862923219954919 0.3436410358973773 0
745 0.7651373787819047 0.3150739735781747 0
746 0.7509050325196989 0.3486414891353247 0
747 0.7280946012734585 0.3191800539979363 0
748 0.7125971459751756 0.3544555127441397 0
749 0.6893581046390787 0.3235942322578881 0
750 0.6741986854300419 0.3599285541092417 0
751 0.698714920160175 0.3910268928674345 0
752 0.6604043639095744 0.3963821253640102 0
753 0.6838662772946367 0.4269881933048022 0
754 0.6459172819840531 0.4321078741100822 0
755 0.6706878126569816 0.462829835897473 0
756 0.6321258879500713 0.4682229266880577 0
757 0.6065061276910961 0.437103333518726 0
758 0.5923706533245645 0.4745850174368019 0
759 0.5663368842360997 0.4422116302665215 0
760 0.5518550074442981 0.4810652250481974 0
761 0.5249881299125521 0.4476892791390503 0
762 0.5094795562658908 0.486530903631133 0
763 0.6559226213924568 0.4988722774598168 0
764 0.5397409772525664 0.5205504703104826 0
765 0.4945379855961422 0.5258238273232543 0
766 0.4831097203243148 0.4532556706007715 0
767 0.5201456971905203 0.559446492810594 0
768 0.4769371450716686 0.565681844944016 0
769 0.4988615219768551 0.4137952735594985 0
770 0.4562911783605373 0.4193793635405244 0
771 0.5038883565337445 0.5997154747187049 0
772 0.4605458767463191 0.6061599737827035 0
773 0.8889936435486515 0.5209409238986242 0
774 0.4332352560808957 0.5716474255789253 0
775 0.4168799297553658 0.6126333813826935 0
776 0.3893703179832533 0.5776247941930042 0
777 0.3724265982224489 0.6193058335393743 0
778 0.4727204723031092 0.3792513649178838 0
779 0.4293764198316535 0.3849775440019832 0
780 0.4878099890057928 0.6405947078376847 0
781 0.531351241919489 0.6339852173265441 0
782 0.3444870326337334 0.5837142597834162 0
783 0.3275361748073822 0.6257941555380158 0
784 0.4457716447935239 0.3440283657731201 0
785 0.4019973877231619 0.349975979085845 0
786 0.8159084953518292 0.2782766645193042 0
787 0.3559852356507883 0.6617025817493685 0
788 0.3104380340476172 0.6683383224126878 0
789 0.5155375412599451 0.674870802118957 0
790 0.558110687988712 0.66832645051217 0
791 0.9149313391195513 0.4761998041432123 0
792 0.6937412780192029 0.4930697763572203 0
793 0.6791126922367844 0.528520509863272 0
794 0.9101972885251574 0.2653882596960523 0
795 0.7042962684438174 0.2861686480559795 0
796 0.6644942962575833 0.2916290264908045 0
797 0.4189681820338927 0.308479612136554 0
798 0.3740236130437114 0.314353098671439 0
799 0.356955073202447 0.3565049908598882 0
800 0.3286106609566346 0.3203957209948666 0
801 0.3112491370941465 0.3631768123243282 0
802 0.7162985683774767 0.5228739078938559 0
803 0.7019735880593507 0.5564375482379613 0
804 0.8826421056808507 0.5732857049714444 0
805 0.2994115707646049 0.5898478657611363 0
806 0.8087004387344835 0.3711453907579742 0
807 0.5426737133524808 0.7087273306857901 0
808 0.5852287241691919 0.7023301569699613 0
809 0.339717885201683 0.7047519573936828 0
810 0.2929807683207332 0.7115098370920291 0
811 1.015606695711794 0.2555848877805236 0
812 0.2827030034643979 0.3266522740121192 0
813 0.2652926401536935 0.3698603527015027 0
814 0.4636060716851783 0.3026331050926388 0
815 0.3002619769171539 0.2834735102026666 0
816 0.6818884431737904 0.2536776713418961 0
817 1.158653661330317 0.2311585331667546 0
818 5.651512390395588 0.725185311519825 0
819 5.701360613856899 0.7212924409624979 0
820 5.722913400983371 0.6761761775064 0
821 0.2537203585090625 0.2897432811255817 0
822 0.6402998630782115 0.2589089471931236 0
823 0.9607747251134316 0.4479006051086574 0
824 0.7369411647947238 0.5510460246506881 0
825 0.7251790745524747 0.582811044003155 0
826 0.7482317331883157 0.5209497697943425 0
827 5.724238237432671 0.3720409496282498 0
828 0.5695078004502455 0.7425129758114239 0
829 0.6129405526840771 0.7362713765042137 0
830 0.9160211444011996 0.6439788561552584 0
831 0.5264493771911086 0.7491142557143182 0
832 0.4364721633834346 0.2668844315521784 0
833 5.745791024514604 0.3269246871404556 0
834 5.717495587234353 0.2857012944482371 0
835 1.168179671392308 0.3644613639454094 0
836 0.2717317713004865 0.2457476936999838 0
837 1.257855559717555 0.5871266075134336 0
838 1.097169767305315 0.7795409986294394 0
839 0.7581186106425308 0.5778483525699074 0
840 0.7456270514940823 0.6083311957556543 0
841 5.539655480038785 0.2561565166182235 0
842 5.489807256296075 0.2600493875750632 0
843 0.3219893369829198 0.7481201886360387 0
844 0.2753398242231314 0.7550635345442483 0
845 5.601664166122353 0.7290781823510524 0
846 5.488482244412618 0.5641845370102271 0
847 4.89837132272528 0.3931035257578645 0
848 4.684168445343814 0.5401308341268578 0
849 4.556176730887669 0.5066931806586719 0
850 4.356784318939361 0.5222644939131403 0
851 4.157392471297694 0.537835708669179 0
852 4.222050404705127 0.4024877731093652 0
853 3.844822003043772 0.3885152935148941 0
854 3.580781611771198 0.5394296584968599 0
855 3.452795780769609 0.5059992620594538 0
856 3.645436376500322 0.4040882857957762 0
857 3.218407689377112 0.39401963228406 0
858 2.428753772397952 0.5422731641778702 0
859 1.955276913683393 0.4500854374614174 0
860 5.767343811496646 0.2818084231381106 0
861 5.75120883778004 0.7173995707241474 0
862 0.2463022421883126 0.7179129029336914 0
863 0.8760321766043546 0.3595917036047955 0
864 0.7747146716087192 0.6036373878483652 0
865 0.7660482138310232 0.6333863399153999 0
866 1.220197461099035 0.8068316094795037 0
867 0.7962489115033372 0.6260824150733606 0
868 0.7858610219784156 0.6584743716307124 0
869 0.7534300327172601 0.6637187294178426 0
870 0.7740788347798861 0.6901470622721773 0
871 0.8080068487252445 0.6846924204491167 0
872 0.7959633536980952 0.7164034132065722 0
873 0.9619604516966931 0.6721655963772091 0
874 0.8308030314633175 0.7109282821211398 0
875 0.8184591156177061 0.7424626648642964 0
876 0.788336769999084 0.7494886368929313 0
877 0.8519093479680585 0.7371605683509247 0
878 0.8397282419112591 0.7697020262204102 0
879 0.8734963892153905 0.7639400670756631 0
880 0.8621547572201359 0.797348895007626 0
881 0.8978157972371088 0.7913384853171657 0
882 5.739048373786736 0.2405850303346035 0
883 0.2282529150672667 0.7618951229019743 0
884 0.4128103949237636 0.4256676960367128 0
885 1.082413869619447 0.2431022828876808 0
886 0.5962565988295894 0.776297825203435 0
887 0.6908050963090057 0.5889827727463659 0
888 1.074056702416807 0.3383634984069538 0
889 0.5818417515782466 0.4040416154659386 0
890 1.227779742508508 0.6537704714106237 0
891 1.197764284947298 0.226575399506059 0
892 0.4791625649233879 0.2608950212696799 0
893 1.334675551743964 0.6451536667965312 0
894 5.629959603027608 0.7703015750799014 0
895 5.580111223630137 0.7741943868168338 0
896 1.163944295477445 0.7204783291461653 0
897 0.2242901791848071 0.2522417352366542 0
898 0.6594320486052166 0.220220239683296 0
899 0.7002448664456118 0.2155816553177752 0
900 0.3165027333691095 0.5480572539863537 0
901 0.2708290707685314 0.5541594078623956 0
902 1.226308218389905 0.4873704546778609 0
903 0.8278001035455602 0.8019533858659764 0
904 0.8853055883441466 0.8259102284458968 0
905 5.772761624929942 0.6722833069876087 0
906 0.4541938459395908 0.2248744823908307 0
907 0.4983302280703558 0.2186313771330997 0
908 5.729656050506864 0.7625158346510322 0
909 0.6391125799677785 0.7698547758854516 0
910 1.173287098564117 0.1934251042918345 0
911 1.216304106989499 0.1891056994084022 0
912 5.774086461389215 0.3681480796665574 0
913 5.752533668279312 0.4132643410811908 0
914 5.779504275050185 0.7586229640167922 0
915 0.7842563877345379 0.5731437662539982 0
916 0.2423830161456976 0.2077703712898139 0
917 0.2900484791387606 0.2014306194574813 0
918 0.2063441951591504 0.2966621330723912 0
919 5.788896598021308 0.2366921592595394 0
920 0.2575939161918742 0.7993983206570892 0
921 0.2102491082942745 0.8064638784712079 0
922 0.7205674092298259 0.4214581688795912 0
923 0.9196511513994134 0.8197459297519971 0
924 0.9346444595370568 0.7866667106437368 0
925 1.207497955791408 0.4590107330577965 0
926 0.9731213264836346 0.3479574782164055 0
927 0.3684759886284222 0.7412772159379554 0
928 0.3511910783398939 0.7847825134841511 0
929 5.760601160678594 0.1954687660587056 0
930 5.710752936061109 0.1993616371957277 0
931 5.511360042932432 0.2149331242692931 0
932 5.461511819415864 0.2188259953039008 0
933 0.6234256875571114 0.8100424859518578 0
934 0.5800301429567289 0.8169374571820209 0
935 0.6668748192939742 0.8038619162348316 0
936 1.334434674651633 0.413450095560516 0
937 1.349776078768381 0.3769845671332588 0
938 0.180305261162633 0.7684627329124024 0
939 0.674412336166807 0.1813160352839798 0
940 0.7163872304147487 0.176567475026377 0
941 0.634010149023955 0.1860641977851551 0
942 0.7395149575527176 0.6958614230761053 0
943 0.5109986108394293 0.2966826547603642 0
944 0.5648688982138086 0.5543579343476509 0
945 0.176594122176318 0.2588822884421363 0
946 5.439959032934564 0.2639422588730508 0
947 5.41166359615639 0.2227188669743607 0
948 5.390110809525895 0.267835129665018 0
949 5.361815372872764 0.2266117383473797 0
950 5.340262586436038 0.2717280013519054 0
951 5.311967150087955 0.2305046096262546 0
952 5.290414363847046 0.2756208722594972 0
953 5.262118927486489 0.2343974809641866 0
954 5.744466188089826 0.6310599137939771 0
955 5.794314412639027 0.6271670430584929 0
956 5.766018975373633 0.5859436500713149 0
957 5.56120826693111 0.2110402527963188 0
958 4.67068307843456 0.3674516985825373 0
959 4.642387708421945 0.3262283549661773 0
960 4.692235904290799 0.32233548203207 0
961 4.663940493412854 0.2811121253140613 0
962 4.713788684950138 0.2772192473186014 0
963 4.614092276779725 0.2850050013209471 0
964 4.685493253962557 0.2359958847112991 0
965 4.735341452788267 0.2321030066439349 0
966 4.763636884188737 0.2733263727736696 0
967 4.78518965389489 0.2282101278840304 0
968 4.813485085578027 0.2694334992600177 0
969 4.835037856956172 0.2243172500345239 0
970 4.863333290998696 0.2655406241820739 0
971 4.88488606466761 0.2204243720417304 0
972 4.913181499304125 0.2616477492626774 0
973 4.93473427543521 0.2165314943019893 0
974 4.963029711175016 0.2577548740203428 0
975 4.984582488167607 0.2126386169892258 0
976 5.012877926337185 0.253861998574713 0
977 5.034430703792097 0.2087457392269796 0
978 4.107544595895231 0.5417285256826008 0
979 4.135839814651224 0.5829516618739721 0
980 4.085991888045999 0.5868444696780128 0
981 4.114287103636363 0.6280676227380537 0
982 4.064439198664449 0.631960435876033 0
983 4.09273444002766 0.6731836179716092 0
984 4.142582398560771 0.6692907995863442 0
985 4.042886485658712 0.677076426883173 0
986 4.121029693970316 0.7144068321775378 0
987 4.170877698891188 0.7105140163609986 0
988 4.149324975504832 0.7556300846930226 0
989 4.199173013726703 0.7517372615398312 0
990 4.099476971630232 0.7595229253355859 0
991 4.220725744620128 0.7066211697657102 0
992 4.249021076694161 0.7478444306648943 0
993 4.270573813753241 0.7027283172142065 0
994 4.298881998882056 0.7438718315444176 0
995 4.32042249149754 0.6988304608322755 0
996 4.348717253653078 0.7400587602621367 0
997 4.370269050835313 0.6949422289845667 0
998 4.398498035663527 0.7365682867743211 0
999 4.420114233774515 0.6910749559895477 0
1000 4.448768103739139 0.7328070345873242 0
1001 4.470017183557675 0.687186114029273 0
1002 4.49826165889083 0.7283802275356106 0
1003 4.519830416833985 0.6832670422928024 0
1004 4.548101960914412 0.7244468402100315 0
1005 4.486628550188127 0.7800495405611918 0
1006 4.569668304158084 0.6793703245230753 0
1007 4.597949061105611 0.720591518960613 0
1008 4.578859176729322 0.76772006452838 0
1009 4.626253397442642 0.7618178882277314 0
1010 4.647800077942289 0.716700857423578 0
1011 4.676291494801527 0.7572719718275381 0
1012 4.697663166819133 0.7127654066158686 0
1013 4.725949780022038 0.7540321768185795 0
1014 4.747494699246309 0.7089126477662147 0
1015 4.775894713081541 0.7497096612036845 0
1016 4.797350437776748 0.7049944880185777 0
1017 4.825646183321373 0.7462464619996689 0
1018 4.847193125627766 0.7011280583047019 0
1019 4.875529843063196 0.7421535511895219 0
1020 4.897044832310447 0.6972241284048724 0
1021 4.925342600397965 0.7384607442713657 0
1022 4.946891270180449 0.6933431012919953 0
1023 4.975190418187555 0.7345676663277955 0
1024 4.996740780304189 0.6894512474593107 0
1025 5.025038415148343 0.7306748441205568 0
1026 5.046591043688927 0.6855587260347085 0
1027 5.074886772926829 0.7267820857381193 0
1028 5.096440035996585 0.6816659120175265 0
1029 5.124735205967851 0.7228892836707 0
1030 5.146288233392395 0.6777730561348514 0
1031 5.17458355728538 0.7189964384707588 0
1032 5.15303085004753 0.7641126911989617 0
1033 5.202879074181634 0.7602198316378136 0
1034 5.224431901524849 0.7151035823699806 0
1035 5.25272730968954 0.7563269753270023 0
1036 5.274280121726793 0.7112107206252231 0
1037 5.302575541901275 0.7524341154388507 0
1038 5.324128343776197 0.707317858693006 0
1039 5.35242376934277 0.7485412539704894 0
1040 5.055575800469681 0.7722542036059489 0
1041 5.373976567438672 0.7034249964702427 0
1042 5.402271994442501 0.7446483929128186 0
1043 4.375605026500025 0.7835855314588279 0
1044 4.954960831269255 0.7793809502814442 0
1045 5.281022754152532 0.7975503724318758 0
1046 4.275822169130243 0.7884900275075144 0
1047 4.848710702876417 0.7883798180359153 0
1048 4.127772218815501 0.8007461855871817 0
1049 4.077924162303491 0.8046390021188999 0
1050 5.380719200843278 0.7897646508040229 0
1051 4.748391901426433 0.793822241137448 0
1052 4.01459127925763 0.6358532508197832 0
1053 3.993038590699123 0.6809691900856071 0
1054 3.964743425416826 0.6397460841454518 0
1055 3.943190769153567 0.6848619507524143 0
1056 3.914895635255911 0.6436389129270236 0
1057 3.893343001813747 0.6887547136039975 0
1058 3.9216381083781 0.7299777715777617 0
1059 3.871790319554347 0.733870498227698 0
1060 3.843495238045893 0.6926474580181359 0
1061 3.821942632863751 0.737763209513135 0
1062 3.793647625559 0.6965402870115788 0
1063 3.772018429859898 0.7413583181830903 0
1064 3.743797268305238 0.7004146460479329 0
1065 3.72203813123667 0.7451633742075026 0
1066 3.693922305198808 0.7042927684148621 0
1067 3.672400305656502 0.7494412384610452 0
1068 3.644105509097229 0.7082186294246111 0
1069 3.622685865334801 0.7528080049426187 0
1070 3.594258542368483 0.7121114606963055 0
1071 3.572706376975728 0.7572264515524895 0
1072 3.54441186060017 0.7160035729074686 0
1073 3.522966727559676 0.7606624183884789 0
1074 3.494565560462433 0.7198971518368485 0
1075 3.472353659627634 0.7640005738719716 0
1076 3.444669366393721 0.7237127096096139 0
1077 3.422561892869913 0.7684472321870922 0
1078 3.394738837879931 0.727615190372691 0
1079 3.372659622554319 0.7734079681650927 0
1080 3.345029102674518 0.7315757910341398 0
1081 3.323708220084314 0.7770797772494887 0
1082 3.295202008992922 0.7354979240550865 0
1083 3.27363393218185 0.7805812482658501 0
1084 3.245341024439148 0.739361613557029 0
1085 3.223765363577778 0.7843641038557027 0
1086 3.195495773141785 0.7432497430508054 0
1087 3.17381608270618 0.7880051776572157 0
1088 3.145644291356832 0.7471223519706139 0
1089 3.123803017135271 0.7919340078471876 0
1090 3.095765566929584 0.7510054976365657 0
1091 3.074266619141579 0.7961499230189707 0
1092 3.045958649227159 0.7549303191888211 0
1093 3.024384733987609 0.7993514026755415 0
1094 2.996135696323707 0.7587867292348232 0
1095 3.698516866890985 0.7905913347886259 0
1096 3.900085441305839 0.7750936173534819 0
1097 3.017685548223871 0.7137224026482708 0
1098 2.967851676934033 0.7176152116665182 0
1099 2.94630640256518 0.7627169725014642 0
1100 2.918021857295502 0.7215083282982019 0
1101 2.89647757506487 0.7666072594112623 0
1102 2.868170837627543 0.7254017871282853 0
1103 2.846649957012783 0.7704978245746483 0
1104 2.818343750060331 0.7293093853563938 0
1105 2.79682675667836 0.7743890667348086 0
1106 2.768547188772573 0.7331868967185808 0
1107 2.746988792587504 0.7781801555443397 0
1108 2.718711740043922 0.7370759923859842 0
1109 2.697128462211554 0.7820404295700588 0
1110 2.668892094294418 0.7409789223128995 0
1111 2.647178356286969 0.7856912992631233 0
1112 2.619100011393509 0.7448451250688118 0
1113 2.597283772357078 0.7895083509640779 0
1114 2.569264533527795 0.7487246737262034 0
1115 2.547805174341082 0.7938267507254968 0
1116 2.519545645659056 0.7526586616565631 0
1117 2.498177015883655 0.7971592011205887 0
1118 2.469775892645531 0.7565541155047324 0
1119 2.448265272599439 0.8015964468146297 0
1120 2.420022803038777 0.7604517252165682 0
1121 2.398516368246722 0.8054791144903706 0
1122 2.37033075250188 0.7645840203775405 0
1123 2.391797107184488 0.7193646639692228 0
1124 2.34207777112139 0.7232386376044299 0
1125 2.320793772688028 0.7685251597621462 0
1126 2.292427363815858 0.7271539479262957 0
1127 2.271381585584223 0.772700386768253 0
1128 2.242807793540076 0.7310384394941363 0
1129 2.221311027284367 0.775927153649044 0
1130 2.193150184326316 0.7348916250006973 0
1131 2.171727084877892 0.7799091763372534 0
1132 2.143580922444014 0.7388035383831114 0
1133 2.122222282802733 0.7837338725613656 0
1134 2.094049483153514 0.7426717829708365 0
1135 2.072660868797373 0.7874839782878735 0
1136 2.044574426127447 0.7465940562945812 0
1137 2.023192389842197 0.7910547171409528 0
1138 1.995247354651881 0.7504995965841238 0
1139 1.973210703940347 0.7948029756072359 0
1140 1.94598380757459 0.7543779661020437 0
1141 1.92367826454531 0.7984664935899815 0
1142 1.896795922701306 0.7582710658720877 0
1143 1.875169717241968 0.8025867114217121 0
1144 1.847940741005131 0.762240121351531 0
1145 2.491288494986348 0.7115209721869735 0
1146 2.640601549613837 0.6998460231480541 0
1147 2.790018147911563 0.6881435873729983 0
1148 2.939565376567735 0.6764098468616198 0
1149 3.167200583068486 0.7020419595543128 0
1150 3.316727596156977 0.6903594449869214 0
1151 3.41639749410785 0.682565346692689 0
1152 1.826648468403258 0.8063863008129617 0
1153 1.799301223333883 0.7661675125853128 0
1154 1.778293458739152 0.8101521435981249 0
1155 1.750784733489128 0.7700733899191387 0
1156 3.80039000405358 0.7828788668644642 0
1157 1.729996999683848 0.8138332076225865 0
1158 1.702676227023798 0.7740606023864688 0
1159 1.682125619055442 0.8178865238969215 0
1160 1.654723745396217 0.7779374860973007 0
1161 1.634228284791756 0.8211266263499322 0
1162 1.607142366413129 0.7820015268355862 0
1163 1.587198890823404 0.8245921991413364 0
1164 1.560462341425836 0.7859673138700374 0
1165 1.674884237748935 0.7348985094679366 0
1166 3.351118728461205 0.8212653214328061 0
1167 1.820279770611497 0.7223250567564595 0
1168 2.199821094029705 0.8220547143573607 0
1169 1.540129787113325 0.8282119953690754 0
1170 1.51382055645031 0.7894312153862925 0
1171 1.533591279538479 0.7481724881534995 0
1172 1.488331543217924 0.7520239992956578 0
1173 1.468960837184714 0.792517779795644 0
1174 1.444307841558545 0.7560301857697509 0
1175 1.424330902342688 0.7956756566139327 0
1176 1.965937099050565 0.7103363040541255 0
1177 2.115454750310764 0.6979024888518884 0
1178 2.264104887985315 0.68608010495011 0
1179 3.516117448250927 0.6747829433735781 0
1180 3.765355120563616 0.6553176816798445 0
1181 5.062726142698318 0.2499691225585926 0
1182 5.084278921345888 0.2048528619126901 0
1183 5.112574360166024 0.246076246577021 0
1184 5.134127139422461 0.2009599846196016 0
1185 5.430567424086553 0.785871789605448 0
1186 4.868751226855681 0.6560132080937422 0
1187 5.245984696186887 0.6699873255340674 0
1188 5.018296076181079 0.6443354066951525 0
1189 2.990784623605588 0.3684064984117232 0
1190 2.962508504677694 0.3272085147450544 0
1191 3.012344105663264 0.323313831182954 0
1192 2.984062417699582 0.2821095346897965 0
1193 3.033892270788359 0.2782134929286854 0
1194 2.934227454629251 0.2860044160364837 0
1195 2.955774517297284 0.2409051198296065 0
1196 2.905945484359328 0.2448011210760702 0
1197 5.28367171324611 0.1892812183906527 0
1198 3.5988354810728 0.7971306154203506 0
1199 5.802381894270297 0.4093714713892807 0
1200 1.192407772734694 0.4900565883144657 0
1201 1.173936913196465 0.4631495465501347 0
1202 5.757951487807713 0.8037392281750088 0
1203 4.654548803387492 0.8030412617352454 0
1204 5.181326310850155 0.8053360935388578 0
1205 0.6275459001048146 0.6963054978076463 0
1206 0.39755025561629 0.7778238086101605 0
1207 0.3803977116759046 0.8214555800185379 0
1208 0.4263927595662897 0.8144908952295042 0
1209 0.8830360410771335 0.7311065219147305 0
1210 0.2535753937483626 0.5965040198064114 0
1211 0.2249428521364757 0.5597273014591326 0
1212 0.2040373031127055 0.6011037115211741 0
1213 0.2426683696323022 0.5165316570850924 0
1214 0.1965349520085984 0.5225327999320867 0
1215 0.4713857352023043 0.1827893038430697 0
1216 2.825089969969359 0.8151392060142826 0
1217 5.810449385087249 0.1915758947158026 0
1218 2.927486254001805 0.1996991511318273 0
1219 2.877656604059993 0.2035963209717536 0
1220 2.97731815370574 0.1958026042194823 0
1221 2.856115735148037 0.2486976686624464 0
1222 2.827829706124478 0.2074950448730994 0
1223 2.806289966282321 0.252593230175456 0
1224 2.778003744219542 0.2113936676631789 0
1225 2.756469030763113 0.2564876557952714 0
1226 2.728190956455922 0.215294170036329 0
1227 2.706653165640177 0.2603816016822858 0
1228 2.678443863198839 0.2189239091371135 0
1229 2.656849375615364 0.2642535282941633 0
1230 2.628358241400221 0.2227271111377581 0
1231 2.607013256377986 0.2681404462110715 0
1232 2.578777753209286 0.2269863700909949 0
1233 2.557246869007251 0.2720499851541968 0
1234 2.528993362482975 0.2308824711597774 0
1235 2.507470360469791 0.2759337087072219 0
1236 2.478906193227465 0.2356304897881403 0
1237 2.457686318210383 0.2798750068348723 0
1238 2.43002727026251 0.2404862905268051 0
1239 2.500732544523775 0.1897231432695706 0
1240 2.407963514180452 0.2837014328788369 0
1241 2.37973226738121 0.2425697492251164 0
1242 2.358242680733245 0.2875697365621659 0
1243 2.330031596101515 0.246466068702013 0
1244 2.308540241282139 0.2914373745686643 0
1245 2.280347683105614 0.250358811911673 0
1246 2.352064318507791 0.2026630893728105 0
1247 2.25884075313451 0.2953051818214311 0
1248 2.230681189736344 0.2542498475185205 0
1249 2.252148763762701 0.2092938387955775 0
1250 2.202489230914918 0.2131897570839786 0
1251 2.18101571849904 0.2581275197751717 0
1252 2.152870612838537 0.2171025557925855 0
1253 2.131417410676485 0.2619970841728418 0
1254 2.103268444095236 0.2210130663006299 0
1255 2.081892201102975 0.265984405471955 0
1256 2.054663637336497 0.2255084008110891 0
1257 2.032371076323247 0.2697206475139913 0
1258 2.004878424654839 0.2262102761077567 0
1259 1.983001593402081 0.273359004146418 0
1260 1.953414114512474 0.2328890537083371 0
1261 1.93354609776213 0.2773276311261647 0
1262 1.905821827522363 0.2370283345933535 0
1263 1.884514394525133 0.2810855083293158 0
1264 1.856719252369042 0.2405555440547588 0
1265 1.83559250040409 0.2848572881267333 0
1266 1.807472796802651 0.2449478972745342 0
1267 1.786898208922267 0.2885195744945511 0
1268 1.759639901073794 0.2487237114395083 0
1269 1.738526284953061 0.2921915438859389 0
1270 1.711422193377403 0.2525134434205471 0
1271 1.690611819895722 0.2958163889573046 0
1272 1.663271887212992 0.256161373199068 0
1273 1.642949996641438 0.2993669922673266 0
1274 1.615961303567126 0.2600615882339771 0
1275 1.595624414978169 0.3027033162735593 0
1276 1.56908395637129 0.2639341254001079 0
1277 1.548798929056907 0.3059910086201685 0
1278 1.522438875699295 0.2677867836713217 0
1279 1.542235925999921 0.2256968046497528 0
1280 1.498239598797178 0.2304700126735454 0
1281 1.636880454299634 0.2172947021166112 0
1282 1.503306846361152 0.3094992856855707 0
1283 1.780273019912061 0.204407363586113 0
1284 1.622232948810647 0.3417795588818897 0
1285 1.765816631663889 0.3320758002205181 0
1286 1.528929708419713 0.3470004652222731 0
1287 1.483656629796346 0.3501659293881356 0
1288 1.457177242297121 0.3129332307577883 0
1289 2.110492073817714 0.3070077280335304 0
1290 1.927504167255718 0.1982066293796446 0
1291 1.515668765149377 0.1875235627581303 0
1292 1.469219136865656 0.1914535556651248 0
1293 2.750013293867474 0.1704723512751606 0
1294 5.006033881992007 0.1674759391932044 0
1295 5.8077997122195 0.7998463572148644 0
1296 0.2606264613382585 0.1630382884019692 0
1297 0.212522705572034 0.1694365400066366 0
1298 1.326767609192085 0.3443540055164245 0
1299 0.4263466989354178 0.1877967949326805 0
1300 5.815867199944538 0.582050779241658 0
1301 2.050467045953601 0.831684843816427 0
1302 2.084192451023717 0.1805979633583943 0
1303 3.497011666939422 0.8036257326915226 0
1304 5.838744822877562 0.2327992881173148 0
1305 0.9092421634484843 0.8554836033886122 0
1306 4.707046023586834 0.1908796396455688 0
1307 4.657197822923259 0.1947725195748486 0
1308 0.2404099802331707 0.8443090004321493 0
1309 2.924736383293131 0.8073196400835287 0
1310 5.608406800650416 0.8154178301184739 0
1311 5.558558591763505 0.8193107097485147 0
1312 2.299119744744416 0.8131522703124604 0
1313 0.6234489324653927 0.2971475735100476 0
1314 3.101262632755058 0.8362150180217053 0
1315 2.674400696999112 0.8280131272813236 0
1316 0.840839733902321 0.6792924470073163 0
1317 5.433243784641343 0.1777186150774583 0
1318 5.822411251222775 0.6683576436499299 0
1319 0.5166861402239807 0.1767869779404942 0
1320 1.37161066827406 0.4093524843990931 0
1321 0.942343433728556 0.8492541635695607 0
1322 1.204199445075931 0.8396853322759624 0
1323 1.241953160118952 0.8382918967245098 0
1324 2.223962103175602 0.1682149867579692 0
1325 4.806319023072084 0.1819089062954154 0
1326 5.823934685870913 0.3642552082229327 0
1327 2.600299103813306 0.1819106860346077 0
1328 0.2942953012808817 0.4057985809497426 0
1329 1.509025715868993 0.387561068970874 0
1330 0.7176325259412286 0.6680453890367472 0
1331 1.911724070875989 0.3206701571071067 0
1332 0.2134246861842432 0.4798011621431781 0
1333 5.532912829997745 0.1698168602654268 0
1334 5.582761053864068 0.1659239892526313 0
1335 1.449314323800112 0.8326138346237245 0
1336 1.404769996630574 0.8354366004615912 0
1337 1.380687835352709 0.7990113944208709 0
1338 1.361210419402296 0.8379257971108407 0
1339 2.012955987533924 0.3143247514992515 0
1340 1.190548844592895 0.1547454154519752 0
1341 1.147984857197033 0.1596941046584155 0
1342 1.232901060902738 0.1499361525119701 0
1343 1.258351152791897 0.1850464440725833 0
1344 1.276267891418876 0.1459246266455674 0
1345 1.30224296073581 0.1811424001015113 0
1346 4.906438838287323 0.1753081148265835 0
1347 0.3087401704022465 0.1566654749949994 0
1348 2.363564632170906 0.6782982488999911 0
1349 2.572894169721473 0.8346994145829925 0
1350 5.408930714422108 0.8306664186709892 0
1351 3.665660222174218 0.6631016221235214 0
1352 5.240566141512281 0.2795137430821507 0
1353 5.652837227414524 0.421050085452931 0
1354 5.787571761996926 0.54082738619154 0
1355 3.94993327831313 0.7712008802102974 0
1356 3.928380453204721 0.816316783299448 0
1357 4.292126540513893 0.6576121796845766 0
1358 4.391821830040848 0.6498276545311013 0
1359 4.491525078204198 0.642041924687928 0
1360 4.719207092595401 0.6676894805401156 0
1361 5.345681138627112 0.6622015999840676 0
1362 5.117992828211351 0.6365496573889939 0
1363 5.423824790945385 0.6995321345579364 0
1364 3.251609030136878 0.8264108786439501 0
1365 0.1672853505347201 0.4853850918317708 0
1366 0.185293948529092 0.4425407512341822 0
1367 0.4732555579544415 0.6821038422160529 0
1368 0.1622617854608617 0.813509601182546 0
1369 1.337763034578066 0.8013199087754767 0
1370 1.212310779460192 0.5168239965725534 0
1371 0.4096107843745143 0.8581468044391136 0
1372 0.4560529299413224 0.8512021277951693 0
1373 5.732305722895667 0.1542453727584976 0
1374 0.6500662210700632 0.8439901901311324 0
1375 0.693161110485483 0.8377454365447319 0
1376 0.8719959174325664 0.8623685069350329 0
1377 1.320028423959807 0.1416917596788302 0
1378 1.344478360282634 0.175701219491791 0
1379 1.327238379926295 0.2174294506099928 0
1380 0.7416821396886381 0.2110154814196645 0
1381 0.7586786726804788 0.1724967229929 0
1382 5.837419987033792 0.5369345155295583 0
1383 2.474002128769001 0.8406127382442513 0
1384 0.161801656283428 0.3037176665392458 0
1385 0.1234887016961079 0.265897514356888 0
1386 1.463187767801725 0.7159657933822753 0
1387 1.419217211464357 0.7193843284721875 0
1388 0.4066556600948678 0.5369162158930767 0
1389 0.5985932319102369 0.2641305539813349 0
1390 1.164837445659629 0.1199242625649186 0
1391 0.1340415441784966 0.7752556054650719 0
1392 0.1509272858503851 0.7299374529570379 0
1393 4.679121600559281 0.1505774933041253 0
1394 4.629487119428974 0.1545253108779236 0
1395 2.849425881197191 0.1630958538702499 0
1396 1.371986174414135 0.2126444998805286 0
1397 5.105831701018852 0.1597365992262888 0
1398 5.155679870691028 0.1558437130765983 0
1399 0.1533014550430638 0.5251180742854396 0
1400 1.903461354643444 0.8432682895017074 0
1401 1.180517980444212 0.5192820784541314 0
1402 1.197101831589497 0.5445883168382089 0
1403 5.786246924806054 0.8449626215322537 0
1404 5.836095149496012 0.8410697505372653 0
1405 5.73639870037109 0.8488554921784004 0
1406 5.857647936493215 0.7959534861645812 0
1407 0.6860667610973417 0.1444126892039884 0
1408 0.8963054141802159 0.8937334241140739 0
1409 4.106219482136302 0.8458623132863541 0
1410 4.156067594216935 0.8419694878427406 0
1411 4.056309134177196 0.8495081284559849 0
1412 1.112106513310333 0.7508065914856921 0
1413 1.080645173214205 0.7511163707510773 0
1414 1.095289835235641 0.7244935208335906 0
1415 1.065732963201243 0.7245800506441675 0
1416 1.050132792600794 0.7505669904349559 0
1417 1.361208720544428 0.1309026992196909 0
1418 1.80558366117575 0.8493617435877765 0
1419 0.4905526110141606 0.1401861187488442 0
1420 0.5356883888750749 0.1341509710981765 0
1421 0.6816853244675608 0.7659222262058732 0
1422 2.949030945558334 0.1545932821360576 0
1423 2.998864903177799 0.1506957331865223 0
1424 1.352769105970058 0.2534414043020261 0
1425 1.370005505036653 0.3400901569355834 0
1426 1.488862018660905 0.1496115469490114 0
1427 1.535826993826973 0.1450980306032491 0
1428 1.12132007475316 0.1249392356358952 0
1429 0.1350793779933974 0.4487248708654072 0
1430 1.292535876957409 0.1096716360699234 0
1431 1.70913439987393 0.8573187828851491 0
1432 0.573528472940629 0.6281594031868373 0
1433 0.7833891074237075 0.2067677318258954 0
1434 0.8004816250863653 0.1683995193755354 0
1435 0.8248827780764043 0.2020664350329846 0
1436 0.8417802730324868 0.1643619788097847 0
1437 0.8176409918992661 0.1281284478186487 0
1438 0.8658302935671224 0.1977680069509463 0
1439 0.8824312402049963 0.1603474143928898 0
1440 0.906284195988761 0.1937189177412449 0
1441 0.9232661809234106 0.1561648026027639 0
1442 0.9472035807403641 0.1892461967698287 0
1443 0.9639620085127094 0.1520211508296431 0
1444 1.130360860044367 0.9140798915641555 0
1445 1.464933888942543 0.3906394228840147 0
1446 1.614996400251034 0.8673388537227544 0
1447 1.186574836526211 0.4336898852691105 0
1448 1.155960740142541 0.4377614316905016 0
1449 5.855671700830755 0.4049676429743252 0
1450 0.3632177144721704 0.8653606021062366 0
1451 1.179048096276795 0.6915311465950246 0
1452 1.154341156318503 0.6918206096079907 0
1453 1.162504895029013 0.665889827998669 0
1454 1.134524355603526 0.666767401128135 0
1455 1.146331859800127 0.6420056081612446 0
1456 2.287067551222753 0.3363496916450526 0
1457 0.6414540108511361 0.5347238609132733 0
1458 1.554917283720886 0.3853296478935411 0
1459 1.428288076200981 0.872844088303743 0
1460 2.237446327301229 0.3402230139355728 0
1461 0.9878518055762777 0.1848837929601943 0
1462 1.004733776475994 0.1494327887222221 0
1463 2.436194319004742 0.3248237456630529 0
1464 1.026798585472606 0.1810886109065301 0
1465 2.585516305946019 0.3132162270622382 0
1466 2.734926198276231 0.3015607678591679 0
1467 2.413227305553996 0.6743824606597181 0
1468 2.385023183497851 0.6333303635831535 0
1469 2.434673738564801 0.6294253164922392 0
1470 2.336440289741517 0.6375229885161906 0
1471 3.936448253624933 0.5985231447644065 0
1472 3.886600562877119 0.6024159277829481 0
1473 4.607349618975441 0.1986654024584899 0
1474 4.579054183184481 0.1574420331232568 0
1475 4.55750141685746 0.2025582833205152 0
1476 4.529087846361059 0.1618232195099839 0
1477 4.507646293562018 0.2064828300756643 0
1478 4.479357795523688 0.1652278012139205 0
1479 4.457810728093322 0.2103464401486209 0
1480 4.429460444995614 0.1693810383554136 0
1481 4.407958556361216 0.2142540978519924 0
1482 4.379880958874885 0.173492110107506 0
1483 4.358108695168782 0.2181297839565398 0
1484 4.329813288640749 0.1769064496228703 0
1485 4.308260546115561 0.2220226495135579 0
1486 4.280910338331886 0.1814237218763526 0
1487 4.258496841376921 0.2259259259496766 0
1488 4.231081223076621 0.1821852607654197 0
1489 4.208564301505642 0.2298083757961728 0
1490 4.178522158692025 0.1888131316969288 0
1491 4.158664057457592 0.233722666263955 0
1492 4.129873885905681 0.1925518547695614 0
1493 4.108868166723529 0.2375940839939455 0
1494 4.080405191126765 0.1963948946490024 0
1495 4.059006347405212 0.2414929192180976 0
1496 4.030673055650343 0.2002713385382145 0
1497 4.009172164822767 0.2453797627905211 0
1498 3.980861523201829 0.2041590477827332 0
1499 3.959322948915408 0.2492732129758223 0
1500 3.93102446722469 0.2080502387597582 0
1501 3.909476358249602 0.2531654018142521 0
1502 3.881179949112228 0.2119425790332355 0
1503 3.859628514317981 0.2570582198566368 0
1504 3.831333159503816 0.2158352736468421 0
1505 3.809780905247052 0.2609509728039472 0
1506 3.781485826057375 0.2197280819155274 0
1507 3.75993335344539 0.2648436786386217 0
1508 3.731638417037328 0.2236209245235897 0
1509 3.710085925210291 0.2687363697146212 0
1510 3.6817911580022 0.2275137779989334 0
1511 3.660238898337121 0.2726291243633564 0
1512 3.631944043008021 0.2314066270229155 0
1513 4.386404309572992 0.2593540426389802 0
1514 3.952623866771142 0.1635598843131739 0
1515 3.653496189662014 0.1862913003502353 0
1516 3.604930228396835 0.1910352658954385 0
1517 3.582212006771533 0.2353134545660032 0
1518 3.556470143088192 0.1913503091836807 0
1519 3.532516999489802 0.2389644195926509 0
1520 3.50287703198897 0.1978295179221962 0
1521 3.482242668706821 0.2430380652371644 0
1522 3.454109143531635 0.2018630881585731 0
1523 3.432483756825663 0.2469682446105201 0
1524 3.404304028518045 0.2064801260850685 0
1525 3.382682195899919 0.2509085459635288 0
1526 3.354418079929761 0.2096488799913105 0
1527 3.33286673423203 0.254762283546987 0
1528 3.30453181069559 0.2137682412037582 0
1529 3.283020579717236 0.2586685284468552 0
1530 3.254729678797481 0.2174345781576821 0
1531 3.233181802043938 0.2625474616252223 0
1532 3.204887308750487 0.2213322904975212 0
1533 3.183351290434667 0.2664406869694703 0
1534 3.155069122265588 0.2252305394228929 0
1535 3.231356320012529 0.1735086541624028 0
1536 3.753083485948022 0.1785383440956326 0
1537 3.327022716994905 0.1682677894934247 0
1538 4.187007683913199 0.2749243652769956 0
1539 4.286716208370223 0.2671422970376497 0
1540 4.486100609214231 0.2515697468006385 0
1541 3.853111952774399 0.1708575135809051 0
1542 4.304741281143212 0.1352127544189256 0
1543 3.478054903325002 0.1582507096227123 0
1544 4.451979180365672 0.1239379402473178 0
1545 3.62997815067301 0.1453894024512236 0
1546 4.052304302095041 0.1558503400434919 0
1547 4.147730961166861 0.152886675442993 0
1548 3.311315249491978 0.2998739065662761 0
1549 3.460843991200765 0.2881981934243948 0
1550 3.560587377284271 0.2804104229137654 0
1551 4.037469472143457 0.286604657490632 0
1552 3.688533585876262 0.3138514466510635 0
1553 3.638691472030345 0.3177457449007913 0
1554 3.788228301574046 0.3060664294960186 0
1555 3.887923770304257 0.2982811071955122 0
1556 5.31870980066311 0.3168442623457112 0
1557 5.73772353847473 0.5447202569807383 0
1558 5.551815677755464 0.7329709174492391 0
1559 5.418406246636096 0.3090585221661387 0
1560 5.41033876609149 0.5268540908604612 0
1561 5.167841046972521 0.6326567958758582 0
1562 5.611056490970242 0.2071473822057251 0
1563 5.358821523707537 0.8340333414377821 0
1564 5.682305368245273 0.1587107829298034 0
1565 5.13252238111683 0.8075617770354622 0
1566 5.159585753015825 0.8495539146693473 0
1567 5.109925297394731 0.8543452116047059 0
1568 5.20935753265014 0.8464604222823612 0
1569 4.634320268461041 0.5440236981807273 0
1570 4.728598795633505 0.1457633885636177 0
1571 5.041173355776388 0.295085380628077 0
1572 3.530936274524552 0.5433219923036636 0
1573 3.559228332023869 0.5845444349528889 0
1574 3.509404576222124 0.5884478714548477 0
1575 4.84178050616775 0.310656869496187 0
1576 3.878532662632211 0.8202095528769082 0
1577 4.94147691897306 0.3028711231878028 0
1578 4.185687724220276 0.5790588648259809 0
1579 4.143906885194629 0.3651577356703874 0
1580 4.021333770487947 0.7221923901668722 0
1581 5.139545531482479 0.59143339880253 0
1582 4.662615683048712 0.5852470209778831 0
1583 5.458598696949768 0.8269061057641311 0
1584 3.675911971625754 0.1414173579783485 0
1585 4.612767467051174 0.5891398637727836 0
1586 5.18939383885456 0.5875405415243897 0
1587 3.609075803406103 0.580651481317498 0
1588 4.712463855965754 0.5813541923688772 0
1589 5.089697220871541 0.5953263146418389 0
1590 2.83457998639546 0.2937914832124278 0
1591 3.027154474654476 0.1919071437585681 0
1592 3.048701206316509 0.1467994937405277 0
1593 3.062167333233829 0.3194184759520378 0
1594 2.273644323340436 0.1643173054396097 0
1595 0.1885388287802695 0.3415778684919846 0
1596 0.1420939102386358 0.3491263307370585 0
1597 1.490496404271277 0.4277637199193752 0
1598 0.2310755626339966 0.124538869963842 0
1599 0.1824929405537452 0.1307475673496091 0
1600 0.5160757501515529 0.3738015456962893 0
1601 3.906827855059922 0.8614327825233503 0
1602 3.86220319396032 0.8659638302196133 0
1603 3.956675858002054 0.8575400394887903 0
1604 0.1640719862627852 0.1761012085336317 0
1605 0.1345333462093854 0.1373553120971016 0
1606 1.396626901079042 0.2495138291450078 0
1607 5.865715424529521 0.5781579084026073 0
1608 1.356419197772649 0.7637712126983933 0
1609 4.134296032985503 0.8864123809207836 0
1610 1.034790894458821 0.7221935489662339 0
1611 1.02143934891222 0.7497357424962203 0
1612 1.007400150999275 0.7243732838138925 0
1613 1.034498169258717 0.7769734525461807 0
1614 1.000709798658768 0.7761871005391455 0
1615 5.860297609821211 0.1876830235888365 0
1616 5.888496574433745 0.2289873776410151 0
1617 5.867032655710735 0.2740299898163504 0
1618 5.832002172318651 0.1464596300946868 0
1619 1.474905835273573 0.8706726808960671 0
1620 0.4014331108997204 0.9059357958666739 0
1621 1.321603657256787 0.8381514808228403 0
1622 1.437804249523652 0.6806834953316833 0
1623 1.342108361392166 0.8761798961867964 0
1624 1.303237482502711 0.8767657948357834 0
1625 1.390767237371249 0.6115885794108198 0
1626 5.585499278971389 0.8650832065333058 0
1627 5.535663950376266 0.865320931879528 0
1628 5.636702253079303 0.8566412319989639 0
1629 1.174576273144346 0.6401335116849642 0
1630 1.158783414696352 0.6165140552117876 0
1631 1.187387709495263 0.6144500640612715 0
1632 0.9398535229429552 0.1179937052036952 0
1633 0.443695463581026 0.7710355624403495 0
1634 1.143823115700943 0.4662826086456194 0
1635 1.125378957212278 0.4419973587745085 0
1636 1.136353658499616 0.4144156381843247 0
1637 1.107081940769221 0.418742755050877 0
1638 1.117958956417037 0.3911628478384899 0
1639 1.088841679485956 0.3954725249231884 0
1640 1.356808357364078 0.447125316004733 0
1641 1.224355690085159 0.8734400874403105 0
1642 5.879675360318974 0.1417271547530697 0
1643 0.3381438209485786 0.1952279041800268 0
1644 0.3566602446582082 0.1506179484917521 0
1645 1.48102929158514 0.6768064291626398 0
1646 1.166478099537692 0.5467024696818468 0
1647 0.6352318429198237 0.3657018512171545 0
1648 1.259794126337033 0.8046475042189168 0
1649 5.431341383838153 0.8697958659865552 0
1650 1.107129610145093 0.165362325845806 0
1651 1.078155990368299 0.1307648158102885 0
1652 5.127917573426564 0.1149691228612313 0
1653 1.120583013360843 0.6437753266477706 0
1654 1.110741560711312 0.6687084462651161 0
1655 0.5812598617721324 0.302776019625452 0
1656 5.873782910667098 0.3603623370971177 0
1657 1.445160311981797 0.4302694511532538 0
1658 0.6987500252103145 0.6983642790554315 0
1659 1.14003514808544 0.08365610008269053 0
1660 1.309215262360969 0.2572668148059428 0
1661 0.1074534975903539 0.7368786373116748 0
1662 0.1252455080201498 0.6914097749603305 0
1663 0.1693200824673843 0.6847081726687737 0
1664 0.1423985283434875 0.6470732795355045 0
1665 4.18340054803982 0.8824949187760263 0
1666 5.080539939987844 0.1191574008451703 0
1667 1.396176901051032 0.6841472081544995 0
1668 2.265675176257328 0.3812900586467319 0
1669 2.245546686525329 0.1236176442409145 0
1670 2.195816365809814 0.1271453838943418 0
1671 2.294029077911398 0.1202549799301501 0
1672 1.150103958119234 0.5225449569394444 0
1673 3.211630946337215 0.3076557388570313 0
1674 3.16178844446368 0.3115471351050755 0
1675 3.587521196237516 0.6257683425175466 0
1676 3.083681659507685 0.2743062001675042 0
1677 4.11561188902453 0.3239346793615419 0
1678 3.908153226343704 0.5573002162776792 0
1679 5.759276329430884 0.499603995308004 0
1680 5.709428106189697 0.5034968649403279 0
1681 5.830971253055342 0.4504683750125296 0
1682 4.72053128145072 0.3635588301808019 0
1683 5.233823490485247 0.1931740896315065 0
1684 5.255376276255188 0.1480578266768775 0
1685 5.305224499443868 0.1441649550410975 0
1686 5.162422579332834 0.2421833702239095 0
1687 5.140869769047129 0.2872996264266401 0
1688 4.057696772779634 0.5456213775275214 0
1689 4.205829300473691 0.8380624922376609 0
1690 4.229294155219352 0.878290051827443 0
1691 4.02807346191464 0.8085161300764161 0
1692 3.567297279243935 0.3667617870860375 0
1693 4.641062905272851 0.6303632725996285 0
1694 5.161098412864559 0.5463171487765731 0
1695 5.480392222692096 0.7819751266079856 0
1696 0.6771601874938264 0.8782679117525726 0
1697 0.7202778564916137 0.8718592045332082 0
1698 0.7350953449010267 0.8311574415463185 0
1699 0.7627783636213499 0.8649149722438099 0
1700 0.631467413602504 0.8844050652398264 0
1701 0.7478378970034976 0.9057553955917523 0
1702 3.076977143412563 0.1880099111196868 0
1703 3.098535458457258 0.1428994377113477 0
1704 1.442353397421548 0.1530806441528945 0
1705 0.7272929380036023 0.7303340486348026 0
1706 5.5545767101481 0.1251070765832834 0
1707 5.60634370491183 0.1215640189693975 0
1708 5.507951961735693 0.1299788736741816 0
1709 5.880525561379936 0.4467019946747636 0
1710 0.543785227821643 0.2127743484178908 0
1711 5.177232699978905 0.1107274565561434 0
1712 5.277813678706578 0.10352517462445 0
1713 2.970594806887775 0.1099619305073085 0
1714 2.920729736148114 0.1133809390172502 0
1715 1.079634843777716 0.6996660504600413 0
1716 0.2872630145193162 0.8370029501215803 0
1717 0.2696154636742454 0.8820766670222026 0
1718 0.2224059403756502 0.8889757373246815 0
1719 0.679689155530657 0.6687591328552456 0
1720 0.7662090007787166 0.2444392608073058 0
1721 0.2363338990105859 0.6401871267684468 0
1722 0.2588127284717727 0.4734494025541883 0
1723 5.76621279252087 0.8893235123087414 0
1724 1.321207268479813 0.9148724315729282 0
1725 1.228067308779553 0.543317077646345 0
1726 1.314382650895395 0.7671343085552309 0
1727 1.018572496548602 0.8051798488483527 0
1728 0.9865731884124465 0.8053979882880349 0
1729 1.001299379045054 0.8354800311555317 0
1730 0.849206384360551 0.2334665780831764 0
1731 2.214832723639196 0.08449853618245515 0
1732 4.553157799306855 0.1176255137440204 0
1733 1.07747990945095 0.4236448937025505 0
1734 1.060660766844232 0.4003208335382532 0
1735 1.049683975340905 0.4246991736713084 0
1736 1.032983341717527 0.4045848065017744 0
1737 1.042185520041733 0.3789114401581699 0
1738 1.014130572628449 0.3835539307061626 0
1739 0.1189496832591878 0.1830710247257988 0
1740 0.7897500562767511 0.9005914351186995 0
1741 1.17127745842438 0.5904240403476513 0
1742 1.200419450640034 0.5887994039011598 0
1743 3.071391013480805 0.1024444386348584 0
1744 3.120417781722403 0.09736082653294578 0
1745 3.14834561171706 0.1389808393785629 0
1746 5.188311527629712 0.8901948848312671 0
1747 5.228470909089888 0.88592432860332 0
1748 5.711442176459316 0.1149814390745824 0
1749 5.757434115034551 0.1094243059444779 0
1750 1.511292269614596 0.1068821903768025 0
1751 5.881482705534945 0.8392932226506118 0
1752 5.864602557892439 0.8820535492926139 0
1753 0.1171332346533891 0.8206177158207379 0
1754 0.1445214725376893 0.8590936245690737 0
1755 0.09779662699932246 0.8670230757399864 0
1756 5.326777286125536 0.09904869124324495 0
1757 5.355072722915629 0.140272083775102 0
1758 0.8829873877399993 0.5467188005821781 0
1759 0.8652533541724676 0.5299281582331904 0
1760 0.8721696909784989 0.5049855258429919 0
1761 0.8465519250007409 0.513120972342992 0
1762 0.8499385188680132 0.4877953824907549 0
1763 0.8245739723146593 0.4965125108498065 0
1764 0.8293353924835891 0.4687799828457869 0
1765 0.8561202528086964 0.4602806757435418 0
1766 0.7966528848225514 0.4790202145543061 0
1767 0.8061497286560172 0.4490859731692759 0
1768 0.8425922955354681 0.5384475041493763 0
1769 0.7783561375974668 0.4592618686708207 0
1770 0.7838783178865771 0.4281854308296293 0
1771 0.7980731265422666 0.5071613278230618 0
1772 0.8162869610778489 0.4184600771028695 0
1773 0.9339731992023632 0.4595054819496415 0
1774 0.9373620655745785 0.4357235637037082 0
1775 0.961965894272386 0.4237404942264921 0
1776 0.9393299304023812 0.4094309533912159 0
1777 0.914830874018834 0.4220839908847956 0
1778 0.9170574192106731 0.3953947006671817 0
1779 0.8925891750040684 0.4075900355988176 0
1780 0.962534195115888 0.3972162384065407 0
1781 0.9844285518719311 0.4117219302520327 0
1782 0.8923167756153886 0.4354486180348368 0
1783 0.8652676732948628 0.4218049604104953 0
1784 0.8889978435105695 0.5990745179372642 0
1785 0.8649929830518035 0.5903512945413482 0
1786 0.8699719813253537 0.615273673594553 0
1787 0.8450684327818835 0.6068417013156808 0
1788 0.8413442517824806 0.58118148176172 0
1789 0.8495699734719597 0.63271504719433 0
1790 0.8793430426963302 0.6415907538348756 0
1791 0.9377441973467838 0.660721443537826 0
1792 0.9396162822663662 0.6853880827802526 0
1793 0.962852201441118 0.6972926105761079 0
1794 0.939020120018178 0.7118415842369161 0
1795 0.9163787416443209 0.6754391182551795 0
1796 0.9640372947424747 0.724873397228187 0
1797 0.1263403998825254 0.9051456507936697 0
1798 1.082773412162125 0.4713767973976366 0
1799 1.118017273695684 0.5732973530677357 0
1800 1.110132019768657 0.5207991609875495 0
1801 1.123168990202738 0.5002514141340634 0
1802 1.043008926949477 0.673456271513079 0
1803 0.9729245110567791 0.2227239437123028 0
1804 0.247871403171401 0.4131999037186775 0
1805 4.156498860659581 0.9235447978457554 0
1806 0.250702838000461 0.9266021407456499 0
1807 0.8063381498617749 0.857715776929187 0
1808 1.282897978564329 0.9157672867420235 0
1809 0.8555839512179123 0.8995071128697887 0
1810 0.8836871864767282 0.9319705137818598 0
1811 1.184169845704851 0.8751156306335373 0
1812 5.883224337810225 0.5346830718365639 0
1813 5.626501401567219 0.9001943524642376 0
1814 5.66785545675415 0.8969568586729527 0
1815 1.217538874451046 0.6131519772589153 0
1816 4.652585416109767 0.1111854586611307 0
1817 0.3274342914914589 0.1129335310575638 0
1818 0.3772143053071156 0.1076969446574653 0
1819 5.153393611501202 0.07487179279363468 0
1820 1.139810409846379 0.5910393021033624 0
1821 0.8994271105106536 0.4967433178523106 0
1822 0.8985735320481573 0.4744480765183052 0
1823 5.915371756511319 0.2719828114295538 0
1824 0.9387279252278072 0.7400957147436467 0
1825 3.935123069865497 0.9026561079258123 0
1826 1.113824910627167 0.4722970640948687 0
1827 0.8197409681170358 0.598011283028405 0
1828 0.9688023500623872 0.7536864355096469 0
1829 0.696871970213871 0.6385501507364997 0
1830 0.6592714389962712 0.6423326432099353 0
1831 5.533628941464206 0.08270322428577008 0
1832 1.024613825529053 0.3567121707019254 0
1833 0.55524401593215 0.2685408530851449 0
1834 0.989065704577727 0.6786990046767409 0
1835 5.914926513874361 0.5773702683016885 0
1836 5.896384396452363 0.622877388906692 0
1837 5.918828176660347 0.665539439084627 0
1838 1.556229905353331 0.1022099481529174 0
1839 1.583350007504677 0.1412900475116522 0
1840 1.603954666731008 0.0971609982410646 0
1841 1.631349495002883 0.1376415228321333 0
1842 1.652187784028105 0.09405975808824238 0
1843 1.67987908280126 0.1338582401223482 0
1844 5.853041781999941 0.1003643411340864 0
1845 3.984971168055738 0.898763356172027 0
1846 3.646753614127074 0.09995294584429451 0
1847 3.596905930852402 0.1038459116563802 0
1848 5.907496161443155 0.7920606148167147 0
1849 5.877992319753564 0.7519895610384598 0
1850 1.080372965936454 0.6436343823141913 0
1851 1.129382677431954 0.720400632201318 0
1852 0.9241999124447051 0.92681807170208 0
1853 5.913951624192991 0.8788211870398153 0
1854 5.89268602441896 0.923516537669417 0
1855 1.33280043145081 0.29175146064468 0
1856 1.287700167983477 0.2911218515631357 0
1857 3.698548423123634 0.09818091084697399 0
1858 1.414201532781357 0.2083684431575843 0
1859 1.440546441600732 0.2445550276384396 0
1860 0.8614207537506797 0.5600000001711252 0
1861 1.099191964905092 0.4448011223932579 0
1862 0.986702646793058 0.441982726210535 0
1863 0.8994396158897628 0.6231862776373096 0
1864 2.171969442204411 0.08639868475065526 0
1865 2.145894362369876 0.13103120849867 0
1866 0.5067526678174192 0.09628843958761901 0
1867 0.4599868236028318 0.1030647522810626 0
1868 0.5544795182340034 0.09008254475272781 0
1869 0.5814339182259359 0.1280338710748708 0
1870 1.099991817334999 0.3665737196434973 0
1871 1.131670052801315 0.362966992708123 0
1872 0.1705986842549996 0.3845144092796864 0
1873 0.1233609814062537 0.3917768452307555 0
1874 1.424034995637198 0.3937627501709621 0
1875 0.7747676152765264 0.9405324763951644 0
1876 0.7301883238825366 0.9535647517503177 0
1877 1.140311784746779 0.560456207820154 0
1878 1.397843859603795 0.4437212035861804 0
1879 1.377237586602361 0.4792512989150002 0
1880 4.025129412316717 0.9352506054029541 0
1881 5.90141030923949 0.096820310299853 0
1882 0.09499225966678386 0.3520196054784271 0
1883 0.08371374035707627 0.4008794522412276 0
1884 5.728038538426635 0.06873858285741194 0
1885 1.147876226074117 0.7491031209118121 0
1886 0.9130587758235715 0.7586387406713747 0
1887 1.183588986847763 0.07874775536469446 0
1888 5.299821127451883 0.0586125418784941 0
1889 1.004997462109553 0.9168144418076054 0
1890 1.028128141170498 0.8754566067818215 0
1891 0.9837228058318745 0.8759311631592154 0
1892 1.129137860865038 0.619508900343413 0
1893 1.377092691354978 0.7218688739965611 0
1894 1.358598950678806 0.6852861865257717 0
1895 5.644892687090011 0.9411290746391128 0
1896 3.091793332135312 0.05657276719816741 0
1897 1.166994213417648 0.4926237789288604 0
1898 1.080018725102133 0.8102003564988095 0
1899 0.8620003197465596 0.705669562415148 0
1900 0.87261450577258 0.674965479306629 0
1901 0.8946954602297597 0.6973755693609627 0
1902 1.031940325336084 0.6961888624013496 0
1903 0.7716728807400528 0.547576366114603 0
1904 0.7988430742613298 0.5447739386238519 0
1905 0.8238396691421286 0.6541953289646225 0
1906 0.8612422892746191 0.3928132676356927 0
1907 1.20576184796845 0.9102314499572453 0
1908 0.5763432047377863 0.04378655593637092 0
1909 0.6002168969666383 0.6609488342435773 0
1910 0.6133090229347423 0.6259172506410721 0
1911 0.5887503068135378 0.5902563316104408 0
1912 0.6296881799422487 0.5848415334131957 0
1913 0.7328508403957326 0.3858828808853785 0
1914 0.9415841717738763 0.3533648687764982 0
1915 0.9082251615157366 0.3552196700662037 0
1916 1.108011315763528 0.6989107401595575 0
1917 1.100935134359322 0.6239201298640363 0
1918 0.655365809480257 0.7332283810817479 0
1919 1.199215256626846 0.3940545668879454 0
1920 0.7297827686619697 0.4892300548725772 0
1921 0.7063438962006857 0.4597840336941684 0
1922 1.147317688669071 0.3329031338132212 0
1923 0.8098043968151398 0.2388685073658307 0
1924 0.8899270574768097 0.2299918916485522 0
1925 0.8732274921794371 0.265032102489314 0
1926 0.9280133034007375 0.2313882252564738 0
1927 0.09124077718534103 0.6526770565228756 0
1928 0.1126407683784832 0.6057481357731093 0
1929 1.400119312319388 0.7598395348899756 0
1930 0.7239632349188503 0.248914403545356 0
1931 0.6261244117024785 0.9573479091716007 0
1932 1.268177821853929 0.5502097325069968 0
1933 1.701115951397495 0.08972868003862301 0
1934 1.728418102900108 0.1301997044603493 0
1935 1.706421528207076 0.1739464791186375 0
1936 1.672989712169306 0.04805055187553518 0
1937 0.1536040719280636 0.09144632683102936 0
1938 0.1004159906482285 0.0953085135680788 0
1939 0.1256974303412862 0.04953401581549066 0
1940 1.024922384316527 0.04238197724607828 0
1941 1.006146153416916 0.08170358265566825 0
1942 1.050015783516849 0.08410044243170156 0
1943 0.9259616189849721 0.04274607911357908 0
1944 0.9014880925506372 0.08225196622585329 0
1945 0.8534255395432395 0.08618795362052642 0
1946 0.8264347441039711 0.04468098797579755 0
1947 0.7756422010757541 0.04407871271983865 0
1948 0.7500579043601212 0.08548869098837619 0
1949 0.702640329765446 0.08511764508105703 0
1950 0.6763501368121142 0.04411823028118843 0
1951 0.6501254341696034 0.0854618085654336 0
1952 5.767492355089745 0.06333292371747454 0
1953 0.7074498275349208 0.7983978063488633 0
1954 0.7474973094949429 0.7924560143763432 0
1955 0.7747835727058809 0.8276955740112487 0
1956 1.429902011336673 0.9564749105744697 0
1957 1.40761252061248 0.9132631401939166 0
1958 5.933834418281418 0.2267361686023969 0
1959 0.604922815950792 0.5534851024913894 0
1960 0.5785474692788206 0.5171183347452155 0
1961 0.4744552485477633 0.05944698673584257 0
1962 0.5479625733550858 0.593320827806471 0
1963 0.5259504666737161 0.9572474820929441 0
1964 0.5493707833182763 0.9155516524209362 0
1965 0.5009213018897243 0.9155566023240619 0
1966 0.5312486793419202 0.8733562450187521 0
1967 0.5753260652534674 0.8771502673587366 0
1968 0.4531129526173627 0.9141721240559071 0
1969 0.4272237438530438 0.9543920244654647 0
1970 0.3766186060045109 0.9528864997169155 0
1971 0.746786672722108 0.451881281195809 0
1972 1.109068817841625 0.3355979241452408 0
1973 1.425437495198099 0.04311432613717292 0
1974 1.443337169193254 0.08378123620233369 0
1975 1.396410356265598 0.08531313728177362 0
1976 1.354637196890447 0.08469509782543383 0
1977 1.32620439573488 0.04354843711573197 0
1978 1.275816242650491 0.04270017778581615 0
1979 0.7693126616039965 0.3785026328475091 0
1980 1.524547394661335 0.06140367667149095 0
1981 1.253845201148317 0.08000274710126565 0
1982 1.282898016219374 0.2211080325455473 0
1983 5.872400011923435 0.05029014003562378 0
1984 0.6024905940008699 0.08528265585504603 0
1985 1.451937297354128 0.9136499415146626 0
1986 1.499921571572224 0.9140611285653668 0
1987 1.520941042667203 0.8722001990553916 0
1988 1.54908349268364 0.9140792085953338 0
1989 5.376625510301121 0.09515581995317388 0
1990 3.625313888065148 0.05220202430539623 0
1991 3.542048230270508 0.0890338831147529 0
1992 3.555004490842175 0.1370336401840284 0
1993 1.171055580056868 0.9531702954998036 0
1994 3.724118175813683 0.05056492080243871 0
1995 3.745152192394077 0.0960137177066699 0
1996 3.80111382028255 0.09240173138814765 0
1997 0.5964254877187831 0.9144282865693623 0
1998 1.24105712806988 0.2248513133353927 0
1999 1.443483844018134 0.3518841025514976 0
2000 1.414143963685299 0.3169996203152765 0
2001 0.3514239744748833 0.9109730613050786 0
2002 0.9862149251246433 0.3849438176790281 0
2003 0.8012557506382986 0.08587428314048663 0
2004 0.7753933416090241 0.1260657397143872 0
2005 1.370781436158073 0.2912969739248673 0
2006 1.624810658797744 0.9570046906844574 0
2007 1.647998573721151 0.9139685742653515 0
2008 1.698372679463117 0.9137600295217846 0
2009 1.724607567349684 0.9563739290668163 0
2010 1.749785454826982 0.9148279375880867 0
2011 1.801521778211272 0.9150516837090061 0
2012 1.597638169175084 0.9136205181294637 0
2013 0.1580258841153198 0.6013467101981551 0
2014 1.579416662468117 0.7439702036041446 0
2015 1.552875244676444 0.7065005422245125 0
2016 1.59873101243786 0.7023159896540493 0
2017 1.571808192735747 0.6655375095957764 0
2018 1.617121743182489 0.6605992224870462 0
2019 1.530594963508298 0.6705310975852515 0
2020 1.548877691629576 0.6318638970850482 0
2021 2.406569174714139 0.5883112712254404 0
2022 0.04246385511764213 0.5250997113700288 0
2023 0.08535407747876636 0.5002675607139568 0
2024 0.08599897319957778 0.4515921098732038 0
2025 0.0840242837050721 0.5541817504309298 0
2026 1.118388398857951 0.9565771801274441 0
2027 2.315348318482797 0.3774235309603245 0
2028 0.4039896101081404 0.1466564105491705 0
2029 0.4144664272158543 0.734375128244704 0
2030 0.4556625765722337 0.7273927938875236 0
2031 1.624751649561983 0.05129718173335319 0
2032 0.3836994177165662 0.6980099035466378 0
2033 0.8456228736977559 0.3643451705381512 0
2034 0.8275722495147116 0.3950730601442662 0
2035 0.4725270138183123 0.8072950056055381 0
2036 0.5602390933449843 0.1708000785883081 0
2037 0.5892892342805102 0.2078238917258542 0
2038 1.166285868338357 0.4094105889716977 0
2039 3.169933179684787 0.0938954056226743 0
2040 2.456203390425395 0.5843978322555792 0
2041 2.484365065311297 0.6255238077462398 0
2042 2.505939514481715 0.5804271448984054 0
2043 2.534066098268569 0.6216255047985345 0
2044 1.211110597264044 0.6893139171713947 0
2045 1.718108532190451 0.3357625664038971 0
2046 1.744951839262056 0.3753247174751559 0
2047 1.792833082443662 0.371790220655397 0
2048 1.696304907257804 0.3787577141187261 0
2049 1.772203171409453 0.415887474714794 0
2050 1.819895452277961 0.4115531845594216 0
2051 1.844660394888671 0.3693539605360156 0
2052 1.870465600663688 0.4083530228878398 0
2053 1.802768469237362 0.4561384412847588 0
2054 1.907228612058339 0.4512269832062968 0
2055 1.932267309325989 0.4060688479303349 0
2056 1.981223825898581 0.4115106828872497 0
2057 1.966036306860121 0.3673600758838939 0
2058 2.010577212359408 0.3734548723929119 0
2059 1.890830783516133 0.3681248593034526 0
2060 1.669475032523782 0.3392970762966227 0
2061 1.648540196272197 0.3815540449366203 0
2062 1.677509158460767 0.4261711589236511 0
2063 1.628159871187408 0.4243736202860298 0
2064 1.642744859982298 0.4646720199276121 0
2065 1.729975135884166 0.4212522349274924 0
2066 1.601274086625309 0.3852491100685503 0
2067 1.579630614465577 0.429368938691343 0
2068 1.535120499981208 0.4267678598049176 0
2069 1.512345661242041 0.4654661617155235 0
2070 0.3748505654238661 0.04178391745512788 0
2071 1.771909759110879 0.7265053702264862 0
2072 1.792243679786282 0.6822276427606321 0
2073 1.840433597091847 0.6783149401307907 0
2074 1.743765110538392 0.6862998985449811 0
2075 1.811753960690751 0.6368763727413972 0
2076 1.860842269189476 0.6344834194879437 0
2077 1.888768732174191 0.6740902612786825 0
2078 1.910563866330838 0.6321047812538898 0
2079 1.939432036540391 0.5861495704609785 0
2080 1.958013639499632 0.6337679551781491 0
2081 1.84040646338664 0.5888371614906619 0
2082 1.985278253618789 0.5949891152133699 0
2083 2.006791281545357 0.6381200398840019 0
2084 1.723330922016166 0.7306522482023896 0
2085 1.69726685020572 0.6916083821020957 0
2086 1.716918358815991 0.6475982597884087 0
2087 1.67028252125187 0.6539083572987487 0
2088 1.689962967105335 0.6087933845406518 0
2089 1.766671926747112 0.6378263294922439 0
2090 0.8946616507110644 0.6599538050578234 0
2091 1.646193269962617 0.6972456716491504 0
2092 1.917368544047604 0.7144191297758151 0
2093 0.03950403896903422 0.6263058985949779 0
2094 2.555586921630929 0.5764911610899277 0
2095 2.583770087229437 0.617734337250035 0
2096 2.605231807130543 0.5726227906241874 0
2097 2.633514139097843 0.6138304683734128 0
2098 2.562288115126326 0.6627581920178768 0
2099 2.655004321738554 0.5687874683085373 0
2100 2.683275923029455 0.6099125071020661 0
2101 2.21602671826247 0.3850823585410748 0
2102 2.188207897839764 0.3443839407821586 0
2103 2.166539086381705 0.3889340957622206 0
2104 2.14633055699447 0.4344563018755163 0
2105 2.117259639963671 0.3943042839506881 0
2106 2.137743256594632 0.3490209078666398 0
2107 2.089452084316173 0.3514867602703424 0
2108 1.132738174081998 0.198504221032042 0
2109 1.191586225798167 0.663898907316802 0
2110 2.058990072597353 0.3106986619816141 0
2111 3.919980796265548 0.9546995349607172 0
2112 0.3192330708739748 0.2394131167638391 0
2113 0.3667796788539039 0.2334495061996573 0
2114 1.775024799925994 0.04355674812803424 0
2115 1.222315240084588 0.4253127372306323 0
2116 2.294278929758277 0.4224053094241053 0
2117 2.364895866324966 0.3736435867513813 0
2118 2.39409441247888 0.4145145659522262 0
2119 3.824999999991656 0.04748473848026277 0
2120 3.849671041363849 0.08972320704269966 0
2121 3.900496905065906 0.08754789026084728 0
2122 3.925266362662133 0.04380506235686856 0
2123 3.95022633358388 0.086479093271674 0
2124 2.015437623642695 0.7058646610032001 0
2125 2.066167952065837 0.7021946925101555 0
2126 2.08941095769706 0.6574175715972245 0
2127 2.137675294956084 0.6531622636886979 0
2128 2.108812779310672 0.6122568668383502 0
2129 2.157964379194314 0.6080284033802285 0
2130 2.185815085874781 0.649001685573863 0
2131 2.059017045410574 0.6165101432694402 0
2132 2.2080849394419 0.6046744573279256 0
2133 2.230583609273774 0.5603102954418369 0
2134 2.255903327543113 0.601740595528834 0
2135 2.129384728690262 0.5676895061770427 0
2136 1.825225641465374 0.9568290039675099 0
2137 1.851882400633591 0.9149313878682981 0
2138 1.901949397833852 0.9145942645900664 0
2139 1.925087397969203 0.9567703495847102 0
2140 1.951289108369537 0.9143006721151883 0
2141 2.000340813948449 0.9138460258618782 0
2142 1.977268042472866 0.8716606987072086 0
2143 2.704773698419369 0.5648660838686512 0
2144 2.733049212871257 0.6059976763564574 0
2145 2.754606177031323 0.5609109712564322 0
2146 2.782839988529585 0.6020942332100621 0
2147 2.711553145690526 0.6510832187413996 0
2148 2.804403962476434 0.5569737682834873 0
2149 2.832639370563934 0.5981721702595615 0
2150 2.280669590773731 0.5599675804522859 0
2151 0.04330126955836555 0.2750000000068509 0
2152 0.08458882342424374 0.29998820030812 0
2153 0.04978541499414998 0.225645450619143 0
2154 1.751036011651596 0.08667131729408917 0
2155 1.799816664758467 0.08669720640863619 0
2156 1.824631488834278 0.04379107998663246 0
2157 1.849074831991698 0.08710305690175113 0
2158 1.898961708535117 0.08736664710258915 0
2159 1.824863029856881 0.1289372928563353 0
2160 1.873711290679077 0.1303414591729291 0
2161 1.847690432690145 0.1660535727553023 0
2162 1.924414396892696 0.1301894145251347 0
2163 1.948678522288458 0.0878187003871983 0
2164 1.974455246559927 0.1303620568708176 0
2165 1.998464892596848 0.08824977350324778 0
2166 2.022972281590819 0.1316115300234835 0
2167 2.048294754892661 0.08869318750375145 0
2168 1.997654003634709 0.1744802618737963 0
2169 5.954116958160827 0.08718318705792724 0
2170 2.626731324912724 0.5276578927625696 0
2171 0.3399606339167053 0.3994280199941491 0
2172 0.3231194885912193 0.4425386565420812 0
2173 0.3681901956045419 0.4353006921329887 0
2174 0.3518006219032024 0.47707110479681 0
2175 0.3968736989724458 0.4706684421161825 0
2176 0.3085151115887744 0.4781779504428844 0
2177 2.15995422187034 0.3031636667712848 0
2178 1.961193513852571 0.3197046924840583 0
2179 2.214306307437845 0.6901144172653391 0
2180 2.209514621582821 0.2992140581298853 0
2181 0.0412822273373513 0.7247148496253683 0
2182 0.04328716387890189 0.7748219874086186 0
2183 1.924705382110573 0.04373241773496794 0
2184 0.2748186048314114 0.04230133176467887 0
2185 0.2251410863299985 0.04328389530779109 0
2186 2.314001338885572 0.6822468672379083 0
2187 2.024935464455302 0.9566586046208845 0
2188 2.050231428294378 0.9135337739690699 0
2189 2.074986827149348 0.956681198390397 0
2190 2.100295915710762 0.9136092164047431 0
2191 2.150070842507918 0.9135210324684304 0
2192 2.125953986869173 0.8705820489177611 0
2193 2.174968308338006 0.8702330804681487 0
2194 2.199994580017355 0.9134553436308509 0
2195 2.225021657427574 0.869815413361066 0
2196 2.247805869696185 0.8247636686672926 0
2197 2.274949543617474 0.8699270726532955 0
2198 2.330088684698817 0.8583818659057816 0
2199 2.303203399079597 0.909703962560989 0
2200 2.366984289731922 0.8960999465088682 0
2201 2.346868874424528 0.9430007813546062 0
2202 2.149120105845504 0.8262274424303141 0
2203 2.347820695077489 0.8128209491016538 0
2204 2.358504927399689 0.5923883992670991 0
2205 2.164893022299402 0.6940067598696215 0
2206 3.190084413565041 0.3527663647506624 0
2207 2.485944794352325 0.320958553449834 0
2208 2.464417781911671 0.3659526521719327 0
2209 2.514142043679247 0.3621035159046662 0
2210 2.543075967457823 0.4030406704082899 0
2211 0.1230877479602597 0.9542172918684328 0
2212 1.660348418039042 0.8669856504250043 0
2213 2.535699362859249 0.3170849212947711 0
2214 2.776054444709587 0.5158604102897461 0
2215 2.249877887803411 0.9129569893597178 0
2216 3.239917152591154 0.3488715392903406 0
2217 3.268268915855054 0.3900767951115077 0
2218 0.04573293069958203 0.1242001480450561 0
2219 2.386450730041326 0.3286419901826977 0
2220 2.22110800458456 0.9571543888224029 0
2221 2.635302342466542 0.3093311549002599 0
2222 2.613773412744373 0.3543821765264868 0
2223 2.663548364280274 0.3505105463276391 0
2224 2.692143712730477 0.3915774176662351 0
2225 2.685101101826649 0.3054502638391864 0
2226 3.140262594837556 0.3566625537073765 0
2227 0.057750688872126 0.871521034922642 0
2228 2.74020843800609 0.692066382329682 0
2229 2.784751713934942 0.2976860690666642 0
2230 2.76320429777603 0.3427620285967647 0
2231 2.590806058601591 0.7037594000387221 0
2232 2.441527044985458 0.7154507780213558 0
2233 2.813032132903089 0.3388800354563054 0
2234 2.862867808730266 0.3349915356082547 0
2235 2.854287358624891 0.5530485000230763 0
2236 2.88244843742621 0.5942755060846322 0
2237 2.90404441051237 0.5491538745721927 0
2238 2.932261128016695 0.5903672213635569 0
2239 2.860934532073994 0.6393690939463708 0
2240 2.953940201413765 0.5452434076701612 0
2241 2.982211538855163 0.5863817499066029 0
2242 2.336761437137331 0.3324959679919072 0
2243 2.889657768957669 0.6803608667184666 0
2244 3.539005752701573 0.3255388046964622 0
2245 3.489141397946544 0.3294286242484978 0
2246 2.989332497577542 0.6724942335322538 0
2247 3.039181776029021 0.6686121312340357 0
2248 3.010631936756912 0.6274047600786437 0
2249 3.060761559238007 0.623514389897727 0
2250 3.089034416057798 0.66471947077029 0
2251 3.110593476744817 0.6196134795442013 0
2252 3.032439379313583 0.5823230433740755 0
2253 3.00388901415639 0.5412548055083847 0
2254 3.082360223522912 0.5784080671011584 0
2255 3.132183120100159 0.5745116824247966 0
2256 3.160435526664103 0.6157298068880813 0
2257 3.182004083748954 0.5706235337661513 0
2258 3.210271127302653 0.6118471269629244 0
2259 3.23182297131002 0.5667453859241274 0
2260 3.260105426788293 0.6079656467403379 0
2261 3.281667591841015 0.5628569131297843 0
2262 3.309946852992527 0.6040785211125249 0
2263 3.238548122542055 0.6530695651332262 0
2264 3.331503840092693 0.5589779678827737 0
2265 3.359787078883282 0.6001987545974368 0
2266 3.381346238610445 0.5550941525993153 0
2267 3.409630481303537 0.5963159081399984 0
2268 3.431175651920705 0.5511989596477909 0
2269 3.459474866970593 0.5924346835508918 0
2270 3.303219841730878 0.5177558829036411 0
2271 3.153703699166273 0.5294110418437485 0
2272 3.117354006081331 0.705931126802778 0
2273 3.666981102239732 0.3589662123538244 0
2274 3.716830215738939 0.3550745937136966 0
2275 2.884406472601258 0.2898972907311946 0
2276 2.912676165724196 0.3311017527270512 0
2277 3.637372023821292 0.6218741141446151 0
2278 3.361156853766194 0.2959851585196568 0
2279 3.339607716062901 0.3410935981762884 0
2280 3.389450961166125 0.3372026978730297 0
2281 3.417766576502056 0.3784086407558278 0
2282 3.366541424086754 0.6864561690580201 0
2283 3.410993506412054 0.2920929227337666 0
2284 4.065764147424367 0.3278275677883791 0
2285 3.466271694583853 0.678675680466989 0
2286 3.958000855028176 0.5534073313275146 0
2287 3.510714838853694 0.2842781749050987 0
2288 3.481091083089061 0.5472145061415589 0
2289 3.610392027110492 0.2765220650150477 0
2290 3.615810758082374 0.6669966019826898 0
2291 3.687213735442849 0.6179897772890149 0
2292 3.565963020787446 0.670875924447504 0
2293 3.85830595406738 0.5611929476919887 0
2294 3.836753144272696 0.6063086557111732 0
2295 3.808458556443982 0.5650857463239504 0
2296 3.786905906167806 0.610201241461457 0
2297 3.75861045931281 0.5689782233790808 0
2298 3.780163485672046 0.5238635558724496 0
2299 4.087315437819243 0.2827113566090021 0
2300 4.015915705755361 0.3317198654853678 0
2301 3.987619222618635 0.2904967876176251 0
2302 4.165458553480406 0.3200415766878014 0
2303 3.815201354333611 0.6514246722126527 0
2304 3.838076017561332 0.302173888689083 0
2305 3.816524301587502 0.3472897012564591 0
2306 3.766677109251923 0.3511821870380757 0
2307 3.866371414643126 0.343396819589941 0
2308 3.916219581179194 0.3395043575635195 0
2309 3.929705578013165 0.5121846502980516 0
2310 4.00784864383089 0.5495144605733582 0
2311 3.865048466299641 0.6475317702881876 0
2312 3.986296017562974 0.5946302919747229 0
2313 4.23687133774844 0.2710309551059166 0
2314 4.265157349301875 0.3122553401509455 0
2315 4.315004976793808 0.3083626302495924 0
2316 4.293450915951832 0.35347834163397 0
2317 4.343298476885986 0.3495853400228093 0
2318 4.371594414060696 0.3908082518950075 0
2319 4.393146887382944 0.3456919545703659 0
2320 4.243603645404914 0.3573713519061981 0
2321 3.738380762671963 0.3099588314188492 0
2322 4.079249350029079 0.5005054779216397 0
2323 4.436255361513041 0.2554621537914811 0
2324 4.464547672709523 0.2966838178298995 0
2325 4.514396000798455 0.2927909167122323 0
2326 3.937772337887192 0.2943888124790776 0
2327 4.492843140793769 0.3379069528106797 0
2328 4.542691330264391 0.3340140835337736 0
2329 4.442994959352575 0.3417997876855095 0
2330 4.564244090164599 0.2888978633840871 0
2331 4.592539457450741 0.3301211923952354 0
2332 4.585796819141784 0.2437816418772203 0
2333 4.584472097785072 0.5479165627871798 0
2334 4.562919108427711 0.5930326644416528 0
2335 4.53462371315891 0.5518093299350236 0
2336 4.242278478283094 0.66150506055088 0
2337 4.263831225131004 0.6163889955240751 0
2338 4.313679240518811 0.6124960892338974 0
2339 4.34197515631825 0.6537193061962406 0
2340 4.363527252320225 0.6086032144355795 0
2341 4.413375327727881 0.6047104086045869 0
2342 4.44167699506395 0.6459375625873501 0
2343 4.463224807751515 0.6008179251763907 0
2344 4.044211355537259 0.3729431801570242 0
2345 4.336561051152667 0.2632468078568634 0
2346 4.635645043055334 0.239888764040127 0
2347 4.192430432108094 0.6653979366953228 0
2348 4.891628698278377 0.3067639940618774 0
2349 4.791932287589389 0.3145497378354019 0
2350 5.268861578823767 0.3207371343480594 0
2351 5.297157020479531 0.3619605263738856 0
2352 5.21901335715258 0.324630005039461 0
2353 5.347005241959094 0.3580676547364754 0
2354 5.197460586267341 0.3697462839671152 0
2355 5.275604239329709 0.4070767943633711 0
2356 4.991325124165046 0.2989782483396152 0
2357 5.368558025820174 0.3129513916462648 0
2358 5.091021550406442 0.2911925011798162 0
2359 5.069468746208917 0.3363087554716712 0
2360 5.468254469674176 0.3051656511003976 0
2361 5.446701683425189 0.3502819136865176 0
2362 5.474997122871144 0.3915053061278301 0
2363 5.687875315426409 0.548613128015043 0
2364 5.659579880660696 0.507389735469812 0
2365 5.666322528477232 0.5937293916084152 0
2366 4.968447432163665 0.6482281637659426 0
2367 4.990000786146137 0.6031119974930569 0
2368 4.94015260839805 0.6070048685385045 0
2369 5.039848989693583 0.5992192048338468 0
2370 5.011553756916164 0.5579957447929318 0
2371 4.918599968481334 0.6521211072759103 0
2372 4.890304545810867 0.6108977216326313 0
2373 4.840456291312373 0.614790549982881 0
2374 4.862009120019809 0.5696743433998049 0
2375 4.818903550954358 0.6599068325518143 0
2376 4.79060813331619 0.61868345148893 0
2377 4.76905267619139 0.6637972925913721 0
2378 5.068144398344294 0.64044255138089 0
2379 5.39685346311888 0.3541747846014205 0
2380 5.295832917484669 0.6660944626345202 0
2381 5.267537348858985 0.6248711186335391 0
2382 5.317385538832404 0.6209782614666988 0
2383 5.367233751031844 0.617085399678621 0
2384 5.395529345574167 0.6583087343577754 0
2385 5.445377584638365 0.6544158753676423 0
2386 5.473673013849348 0.6956392717107605 0
2387 5.417082128808097 0.613192529375329 0
2388 5.609731654155245 0.5112826072732085 0
2389 5.702685450674707 0.4171572052918001 0
2390 5.681132666966613 0.4622734730304088 0
2391 5.68920015035097 0.2444779016117012 0
2392 5.845958751903915 0.6240938869543573 0
2393 2.875000882549871 0.9566981355099863 0
2394 2.899999519003492 0.9133985013083334 0
2395 2.850003540948522 0.9133978031586827 0
2396 2.949996249003622 0.9133957116182378 0
2397 2.875407294468222 0.8714031016180557 0
2398 2.825369392401984 0.8720344930583204 0
2399 2.925747862866265 0.8716933415743475 0
2400 2.975964614021353 0.8716133823828431 0
2401 3.000062238954575 0.9134989124181319 0
2402 3.024238444250063 0.8721242645706883 0
2403 3.049657068887412 0.9137090768051424 0
2404 3.074965477992524 0.9566896594110543 0
2405 3.100072179046498 0.913480837498809 0
2406 2.800008304766322 0.9133959163808956 0
2407 2.77352653223954 0.868262886291242 0
2408 2.975002062582433 0.9566991388325345 0
2409 2.74987526311431 0.9133392432074351 0
2410 2.722068753460666 0.869952647000213 0
2411 2.699660833803545 0.9136496509794237 0
2412 3.124996923436348 0.9566959998348149 0
2413 3.150441525905608 0.9137258974197394 0
2414 3.20017964499058 0.9135315190784864 0
2415 3.175925557539775 0.8704150540581477 0
2416 3.225672870955657 0.8702586821862142 0
2417 2.825002468985176 0.9566984062453414 0
2418 3.824999999897551 0.9566987297859377 0
2419 3.798650662554738 0.9138722474371084 0
2420 3.749482818095028 0.9135688939591875 0
2421 3.773101119050671 0.8706757972756773 0
2422 3.725000201665266 0.8700963514549231 0
2423 3.699809578593696 0.9134593590632509 0
2424 3.675077103506751 0.8704789353941338 0
2425 3.742975327595446 0.8295249002945968 0
2426 3.649941159261265 0.9134376892339651 0
2427 3.627426194762707 0.8696811691225075 0
2428 3.650000657677039 0.8267954987407685 0
2429 3.674978921565637 0.956707776181392 0
2430 2.474999539371525 0.04330093089553465 0
2431 2.448835520668191 0.08572589710026246 0
2432 2.399497307633955 0.08628881302766679 0
2433 2.420027710858164 0.1290764312283225 0
2434 2.494670592675637 0.08785918085357111 0
2435 2.377005661408357 0.129046037160475 0
2436 2.352091955876325 0.08592197968957184 0
2437 2.402936922363504 0.1713914802349807 0
2438 2.447023556520929 0.1727690809149831 0
2439 2.493617558108922 0.1406098040928882 0
2440 2.536743569797248 0.1223130107094113 0
2441 2.524574400804112 0.04306576578313225 0
2442 2.375141779463923 0.04319078978390477 0
2443 2.328631730237789 0.04194449111676857 0
2444 5.667647363785385 0.2895941659803641 0
2445 2.624987073260795 0.04317858660887566 0
2446 2.650005398872141 0.08659702525080812 0
2447 2.699890584466009 0.08651998039696093 0
2448 2.674413508944238 0.1296604083926929 0
2449 2.625013124935236 0.1298962321712121 0
2450 2.651745567579872 0.1740687004146145 0
2451 2.603301143149415 0.08546159698670786 0
2452 2.724987295881366 0.04330080500245904 0
2453 2.749549751208773 0.08639954511567394 0
2454 2.774952085235592 0.04330591543417206 0
2455 2.799237588406603 0.08628950659448312 0
2456 2.848323210669486 0.08607809066202884 0
2457 2.873713955470442 0.04268721026514369 0
2458 5.954720817574554 0.4748385663564983 0
2459 5.956698730106915 0.7749999997638566 0
2460 2.972251008999125 0.04240540593410301 0
2461 4.775000000379921 0.04330127027779702 0
2462 4.800036243921211 0.08657580273842364 0
2463 4.850013188343445 0.08659287385064927 0
2464 4.826234968814753 0.1306447962554455 0
2465 4.876596027956759 0.130453999929305 0
2466 4.899999993220863 0.0866025402933505 0
2467 4.746012606329722 0.090536949897814 0
2468 4.700119150194085 0.08382558888727246 0
2469 4.674938935492773 0.0421252191298563 0
2470 5.625993322116645 0.04255612113905392 0
2471 5.649999999912134 0.08660254046920873 0
2472 4.075025798974544 0.04328537197865698 0
2473 4.099964376118071 0.08552142625817358 0
2474 4.1510222579537 0.08570599963035098 0
2475 4.175078987482873 0.04322470009085257 0
2476 4.20124967880158 0.08570255588666154 0
2477 4.249999953380811 0.08660255771341524 0
2478 4.226377095615094 0.126513936164571 0
2479 4.275004686575206 0.04327606106228788 0
2480 4.049913564245056 0.08526001554591567 0
2481 4.324997080078054 0.04326693206661201 0
2482 4.350000005622434 0.08660254265454269 0
2483 4.39810502238252 0.0884413807562927 0
2484 4.424937353113551 0.0431026983314592 0
2485 4.474917828576703 0.04267787212642652 0
2486 4.499999999974511 0.08660253886084703 0
2487 4.574961739774089 0.04226446325705992 0
2488 4.600035375219519 0.08513011963538014 0
2489 2.574999999964527 0.9566987298376612 0
2490 2.550102810685173 0.9138134530652084 0
2491 2.49983624433185 0.9141690286025514 0
2492 2.525668496980211 0.8706722751463136 0
2493 2.475524129875901 0.9568924650009607 0
2494 2.450709785610733 0.9145233455369639 0
2495 2.599950938313373 0.9139611755144612 0
2496 2.649933091316998 0.9138914804639811 0
2497 2.624988659707715 0.8701092896655287 0
2498 2.67496176852581 0.956745787254179 0
2499 5.42500000004491 0.04330127016218448 0
2500 5.450000000186333 0.08660254027915568 0
2501 5.02451725311 0.04281420034760221 0
2502 4.974795132852988 0.04312538482409 0
2503 4.999515486400987 0.08612631567178086 0
2504 4.949797916373917 0.08626834686423096 0
2505 3.224999999989356 0.04330127018938611 0
2506 3.252017643339842 0.08599713856717472 0
2507 3.29999953823547 0.08660227342433832 0
2508 3.28155366044174 0.1307802620518578 0
2509 3.324999647893256 0.04330135595573825 0
2510 3.349925636440349 0.08628346706910192 0
2511 3.374999507588526 0.04330149404144376 0
2512 3.399985169894974 0.08648760064621099 0
2513 3.446425470294352 0.08390850405297343 0
2514 3.373966694092967 0.1281915336253286 0
2515 3.474724314099574 0.04283382022656336 0
2516 3.422678798372871 0.1301387477321793 0
2517 3.324999834010406 0.9567014596989367 0
2518 3.300001709538317 0.9134116620525368 0
2519 3.349801878339707 0.9135108231809688 0
2520 3.325000002141453 0.8700972527672032 0
2521 3.375224708946103 0.8702623198160412 0
2522 3.407051348604388 0.8214322322199484 0
2523 3.421914384520089 0.871979286809655 0
2524 3.452953292001485 0.8296774927072202 0
2525 3.498675584898749 0.8559334525723796 0
2526 3.537829612316888 0.8371177164436916 0
2527 3.529309121462112 0.8792776394478341 0
2528 3.494875669818174 0.9115709282397204 0
2529 3.300409680417657 0.824792249441092 0
2530 3.374854588017702 0.9567772721203256 0
2531 3.575000000014773 0.9566987300283575 0
2532 3.599999999826343 0.9133974599479184 0
2533 3.473844667386812 0.956762392230033 0
2534 5.074913905659131 0.9567598222346212 0
2535 5.049562473996954 0.9137178616279542 0
2536 4.999828702193605 0.9135132307688616 0
2537 5.022577749194355 0.8708841076411247 0
2538 4.974293179137549 0.8703551316699664 0
2539 4.998727002677636 0.8266345949262787 0
2540 5.047302483117721 0.8267853642317218 0
2541 4.949878363013392 0.9134732372279374 0
2542 4.924739732665153 0.8702675971259871 0
2543 5.099990515641853 0.9107223652637358 0
2544 5.274836317995733 0.9574887592709419 0
2545 5.325019042925197 0.9569835370471589 0
2546 5.352086335061142 0.9134142636773482 0
2547 5.400349796461 0.9141026379379991 0
2548 5.425044782047648 0.9570145835613721 0
2549 5.304504144561898 0.9146073015541187 0
2550 2.024482600654948 0.04379981901646092 0
2551 2.072796727878069 0.04374917598272122 0
2552 2.095553364364353 0.09075663923699885 0
2553 4.774999999500099 0.9566987305644279 0
2554 4.800000000111353 0.9133974612420328 0
2555 4.849999996831495 0.9133974612600332 0
2556 4.825066003516695 0.870388899461728 0
2557 4.774877301464095 0.870704811606416 0
2558 4.800000003142479 0.8267949309605795 0
2559 4.874871007769578 0.8705562887723837 0
2560 4.749995368102871 0.913432974710499 0
2561 4.699998172213188 0.9134102970958068 0
2562 4.725044272313424 0.870820896907732 0
2563 4.678337156415846 0.8712581762825646 0
2564 4.70000000865079 0.8267949344174669 0
2565 4.623356666420108 0.8492008013774023 0
2566 4.650000013469181 0.9133974542824872 0
2567 4.596684705680451 0.8978975676120005 0
2568 4.574273521337966 0.9468825858235105 0
2569 4.546574481254492 0.9029784646395366 0
2570 4.494052327573749 0.9131092724232737 0
2571 4.512829231875973 0.866987297866969 0
2572 4.471304249685998 0.8690662581360123 0
2573 4.561092813123471 0.8549939025098978 0
2574 4.527157066662154 0.8182285896536348 0
2575 4.899918963466137 0.913461759537828 0
2576 4.897818493626537 0.8285403539836399 0
2577 4.674999968366474 0.9566994579005792 0
2578 5.956327349604286 0.3750163366365423 0
2579 5.907769935501658 0.4008501082628896 0
2580 5.523775092859783 0.9570488865268347 0
2581 5.502455952532206 0.9139496532355573 0
2582 5.542891750390705 0.914583107150593 0
2583 4.374895994378779 0.9569704683402687 0
2584 4.34998849492688 0.9134087704194263 0
2585 4.30127524705567 0.9140337440342015 0
2586 4.326546400216526 0.8706663988421157 0
2587 4.372973218861208 0.8694537809039007 0
2588 4.351671088701555 0.8273627383541092 0
2589 4.401866921671706 0.8248661495069806 0
2590 4.428713731089505 0.7817667300105227 0
2591 4.449192668629487 0.8238081392212412 0
2592 4.398990059333712 0.9138671413453052 0
2593 4.276419563068313 0.9575468551899498 0
2594 5.174851561368772 0.9576453193408924 0
2595 5.77497611282474 0.9573090914241856 0
2596 5.483449801552398 0.1738431513731098 0
2597 4.974975199321402 0.9567102182719252 0
2598 5.602989003551839 0.4249429555138654 0
2599 5.496549906837815 0.3463890423347472 0
2600 5.51677769925243 0.6054079301942027 0
2601 5.795639248604618 0.323031815760171 0
2602 5.782500522030894 0.1504883441243135 0
2603 5.708103263222229 0.8076320986549151 0
2604 5.81598793054997 0.885339534648629 0
2605 5.617799140344371 0.2934870376369926 0
2606 5.589503703162979 0.2522636450337508 0
2607 5.425148900288519 0.3953981778697043 0
2608 5.803148738345514 0.1040182444949414 0
2609 5.452117567196366 0.7407544552411829 0
2610 5.360490544914878 0.5307469618745874 0
2611 5.632609277573152 0.1620311182176625 0
2612 5.817192035631821 0.2779155517944491 0
2613 5.694617964303555 0.6349527848044622 0
2614 5.330849916624371 0.79359996851603 0
2615 5.573368506665451 0.687854706645439 0
2616 5.801057062027749 0.7135067001118094 0
2617 5.829352499094419 0.7547300932634345 0
2618 5.333519936164982 0.1853883471311711 0
2619 5.460186956703699 0.5229611628379959 0
2620 5.231151660674593 0.801444560980578 0
2621 4.875001038427939 0.04330037948142692 0
2622 5.679807826783767 0.7664087044016739 0
2623 5.716170752074112 0.5898365200960723 0
2624 5.196136459416637 0.6738801934540183 0
2625 5.658255028884773 0.8115249657115549 0
2626 5.260793875150247 0.538532578567813 0
2627 5.845486880857729 0.3191395745823635 0
2628 5.325452458060321 0.4031839217095686 0
2629 5.581436215985287 0.4700592170412307 0
2630 4.874993657791366 0.9567044507874692 0
2631 5.850905286529797 0.7096138298919261 0
2632 5.217689183193773 0.6287639967402373 0
2633 5.639351926213455 0.2483707737491762 0
2634 5.6608954499228 0.203292010014322 0
2635 5.894607226509056 0.3160971135206267 0
2636 5.686780374378241 0.8526217497887056 0
2637 5.716353160985189 0.8971425929001966 0
2638 5.383405042829362 0.1815077671803386 0
2639 5.247308805765394 0.3658534078073059 0
2640 4.955684553303701 0.1713889477660836 0
2641 5.105094814175846 0.7675806573742932 0
2642 4.856590628577787 0.1792009949501584 0
2643 5.056395444233379 0.1637142747517764 0
2644 5.308415964441673 0.8375541398830069 0
2645 4.948219528115144 0.3892106577173067 0
2646 5.408719394322644 0.1327074125856828 0
2647 5.631284442002957 0.4661663443272587 0
2648 5.257122711103462 0.8419625902004009 0
2649 5.006463014025182 0.7766170185423715 0
2650 4.848523120337494 0.3969964094276432 0
2651 5.780850890172688 0.4544497842439332 0
2652 5.80915132994115 0.4956945651237873 0
2653 5.858972774223552 0.4918182548848903 0
2654 4.755427319617285 0.1859834127449224 0
2655 4.570986725508758 0.3752374000960583 0
2656 4.73401663740715 0.5362379373193765 0
2657 4.742084094416877 0.3184426083008939 0
2658 5.73097548390462 0.458377715742757 0
2659 4.606024890896602 0.5028003281552622 0
2660 4.698978558311027 0.4086750489098647 0
2661 4.535949338672827 0.2476766689221335 0
2662 3.836341594830454 0.824977829729874 0
2663 3.067504303608127 0.7098230018447919 0
2664 4.5063285985511 0.5105860133321105 0
2665 4.406632393471095 0.5183716505572116 0
2666 4.036143974395213 0.5907374150677689 0
2667 4.74882672614824 0.4047821770140628 0
2668 4.04962834206726 0.7634147862926316 0
2669 4.271898381711177 0.3985948478941728 0
2670 4.30693629740451 0.5261572872704112 0
2671 4.071181732284683 0.7182996237121652 0
2672 4.770379498707406 0.3596659588606445 0
2673 4.20724037188854 0.5339428909714589 0
2674 4.177611756058521 0.796849589881147 0
2675 3.261471186236569 0.3037636475180613 0
2676 4.081902754016514 0.8879438624511952 0
2677 5.228698473450557 0.1075159147541127 0
2678 5.047915946247212 0.3814249329599287 0
2679 5.183975280933238 0.1970671146216737 0
2680 4.820227702875888 0.3557730857088262 0
2681 4.102347565863497 0.1535943836243523 0
2682 4.421442527565874 0.3869161615869522 0
2683 4.870075896812111 0.3518802144503138 0
2684 4.919924110647129 0.3479873385023766 0
2685 4.002429540645077 0.1590405829206931 0
2686 4.172202365362313 0.4063807342304284 0
2687 4.969772310691916 0.3440944640404157 0
2688 4.226900113099088 0.7928828764139103 0
2689 5.019620540930049 0.3402015959852634 0
2690 4.164135104951293 0.6241747937590064 0
2691 4.213983132275587 0.6202819334648131 0
2692 5.09776416223425 0.3775321055567112 0
2693 5.119316937958107 0.3324158561807059 0
2694 5.169165160227627 0.3285229794695468 0
2695 3.971485970218152 0.7260850324041908 0
2696 3.903773876722028 0.1675503880937358 0
2697 5.212270711904328 0.2382904519075157 0
2698 5.205671082303515 0.1519454632504116 0
2699 5.19071792627787 0.2834067091700332 0
2700 4.521138624895029 0.3791304242287467 0
2701 3.724932760208647 0.9567235920956967 0
2702 3.885275088055125 0.9065487671356116 0
2703 4.251973915952223 0.8335093578534202 0
2704 3.803411999973635 0.1749752087001007 0
2705 3.85023764568247 0.7789861737658986 0
2706 3.894669362107996 0.3846227756139868 0
2707 3.966067382216228 0.3356124222852099 0
2708 4.029401978591038 0.5043979874213339 0
2709 3.266882454439976 0.6942613778525316 0
2710 3.794975339680942 0.3924089541984158 0
2711 4.235535699841598 0.5751659670254138 0
2712 3.695282346284868 0.4001953933157473 0
2713 3.999780298661198 0.7673070670491628 0
2714 3.630627487293971 0.5355374328987722 0
2715 3.978228289271449 0.812423917027822 0
2716 4.414700226141779 0.300576428333432 0
2717 3.703192950719592 0.1826322474924993 0
2718 4.28538368183036 0.5712730651519909 0
2719 4.66935698673034 0.6715829288564477 0
2720 5.132801906174937 0.5050948899461232 0
2721 4.740759138598852 0.6225762807706604 0
2722 4.983257270445191 0.516773490766972 0
2723 4.812160365023488 0.5735675734226353 0
2724 4.364852872202596 0.3044694748328109 0
2725 4.193754510382481 0.3612647227772752 0
2726 4.215309115647527 0.3161478127703521 0
2727 4.335231679369953 0.567380190395119 0
2728 5.508494503964094 0.8231274230777113 0
2729 5.501965245383187 0.7368631112547608 0
2730 4.385079756534224 0.5634873343778668 0
2731 4.006348376446613 0.853327871040074 0
2732 3.502645179329126 0.5021001909758611 0
2733 4.137155921324565 0.278820699528786 0
2734 4.434928007598039 0.5595945430586778 0
2735 3.595590721240468 0.4079822257292278 0
2736 4.690911036083799 0.6264698148596815 0
2737 4.762312097313895 0.5774607492195444 0
2738 4.833713072174342 0.5284516505355361 0
2739 4.484776627609016 0.5557018092134951 0
2740 3.994363737550331 0.3768369731519539 0
2741 4.513073043656263 0.5969250817339058 0
2742 4.541372145762709 0.6381484251561833 0
2743 4.59121829497362 0.6342554481990387 0
2744 4.619507998620256 0.6754774278033449 0
2745 5.530232030298696 0.7780870136622728 0
2746 5.52352064058698 0.6917470775645175 0
2747 5.495225258715984 0.6505235126656587 0
2748 5.466929683726808 0.6093000912091067 0
2749 5.438634135714035 0.5680766432582673 0
2750 4.883561132302919 0.5245585451092564 0
2751 5.388786055281169 0.5719695724542626 0
2752 4.911856628290558 0.5657819536634293 0
2753 5.338937753776331 0.5758623940454369 0
2754 5.239241337246098 0.5836481214620113 0
2755 4.961704760606951 0.5618890539616903 0
2756 5.289089522307989 0.5797552559677216 0
2757 5.210945930039682 0.5424247687098123 0
2758 5.061401266336343 0.5541033642612199 0
2759 5.033105747237752 0.5128799369351952 0
2760 5.111249389764692 0.5502104509174771 0
2761 5.182650387912838 0.5012013288980965 0
2762 3.402953446745092 0.5098889913790612 0
2763 3.879859631992237 0.5160757257483012 0
2764 3.658920903545796 0.5767594831785162 0
2765 3.068913828954094 0.4057102529955064 0
2766 3.730318884547433 0.5277527627075289 0
2767 3.708768598019758 0.572868103166419 0
2768 3.168564845073635 0.3979104266057572 0
2769 2.724944533858969 0.9567204211926967 0
2770 3.022904587685319 0.1028210466718818 0
2771 3.467602626302408 0.3745460477244665 0
2772 3.737061504100114 0.6140920522837134 0
2773 2.973572781626004 0.8024176079717363 0
2774 3.715497420183391 0.6592085105571229 0
2775 3.537677198798704 0.629670436638306 0
2776 3.617139715464829 0.3628706987694852 0
2777 3.588839388589961 0.3216448683461786 0
2778 2.89970415424246 0.1590993336513455 0
2779 3.005607319678989 0.2370093863988912 0
2780 2.775448262161643 0.8182957859890424 0
2781 3.318087597902498 0.3862320022161366 0
2782 3.019084164837043 0.4096051851702113 0
2783 2.874125636651077 0.8098763601891777 0
2784 2.799539594804636 0.1662982140269879 0
2785 2.891154822039318 0.3761874577533979 0
2786 2.174298862276787 0.1721469720541031 0
2787 3.05542335990331 0.2331137700174887 0
2788 2.876432332189011 0.507647968507732 0
2789 3.040625589130471 0.3645135253450575 0
2790 0.9876013534294624 0.704720547589836 0
2791 3.439304319256509 0.3333012467819048 0
2792 3.138879735648094 0.6608226384275383 0
2793 2.550938888813013 0.1862973394324351 0
2794 3.225000000014781 0.9567147016745553 0
2795 2.428119572254869 0.8452163163848693 0
2796 3.28977656853915 0.3449667274996306 0
2797 3.18872226420626 0.6569341498011698 0
2798 2.478391221776247 0.5384154787802048 0
2799 3.487825472860626 0.6335886492057075 0
2800 2.741816890044375 0.3879176232395539 0
2801 2.926197754993406 0.503741002125345 0
2802 3.275293716671948 0.8700792539762875 0
2803 3.217022244045341 0.6981616415451634 0
2804 3.250148038088282 0.9134729121444191 0
2805 3.090429520419101 0.3606219203439978 0
2806 3.133534667354806 0.2703512816922804 0
2807 2.841353590948088 0.3801276011045405 0
2808 3.253437017603973 0.5215517453378816 0
2809 3.288402932363996 0.6491575922281522 0
2810 0.4916495281022739 0.3377337918571609 0
2811 0.5334476111815015 0.335502075602551 0
2812 3.103901965067604 0.5331986390008256 0
2813 2.699935494818236 0.1741155747315001 0
2814 2.173557610482888 0.9568732873322336 0
2815 3.338231658693845 0.6452624994927034 0
2816 2.379247000580063 0.5461859736735384 0
2817 2.30234559453559 0.2055830414376053 0
2818 2.592578958535043 0.3996502395647943 0
2819 3.388080332594168 0.6413759419864259 0
2820 2.128551360176813 0.1767084735095974 0
2821 2.462910706607852 0.6704663926741885 0
2822 3.437955939961221 0.6374870795007526 0
2823 3.111959046652761 0.3155023619059496 0
2824 3.105218963780827 0.2292085630232175 0
2825 1.589221384777544 0.2216299247267305 0
2826 1.414580762098492 0.6465350816578903 0
2827 3.126761651707843 0.1840837271810977 0
2828 3.17629992134763 0.1794223598925511 0
2829 3.191885397819171 0.1343645546148596 0
2830 1.868864600765717 0.7183345410314861 0
2831 2.443570464986054 0.4114215266626956 0
2832 0.4002373142216257 0.655177856540394 0
2833 1.863259165040956 0.3249073530176287 0
2834 2.512632371400465 0.6665506312282946 0
2835 2.321581338359971 0.1613606414207157 0
2836 2.713436887660686 0.3465193827093052 0
2837 0.1984885579657448 0.7229241511404771 0
2838 1.853831782056108 0.8453348813046588 0
2839 1.474451154045804 0.2729491492798108 0
2840 2.540914174087707 0.7077071395651815 0
2841 3.975199282644956 0.04344865615231652 0
2842 1.575304452318015 0.3440535202746264 0
2843 2.612146009603971 0.6587385523268041 0
2844 2.66188743797804 0.6548087220967789 0
2845 0.9521432044575052 0.2584274474008071 0
2846 5.908634957131622 0.4880530770110809 0
2847 1.755689673827765 0.8527869576268304 0
2848 2.690251406198039 0.6960354734287935 0
2849 2.761456474609855 0.6469899150105787 0
2850 2.839690399038882 0.684350044498482 0
2851 2.811299945710522 0.643088967435167 0
2852 2.564077952546379 0.3580139275598618 0
2853 2.910944828584938 0.6352864677669429 0
2854 2.960735611438258 0.6313238569435158 0
2855 1.388908997280318 0.1669755316002746 0
2856 0.7628923583286771 0.4885464013368644 0
2857 2.098263192692043 0.4392343210774328 0
2858 3.99983960778836 0.08538619344697121 0
2859 1.814964117567379 0.3286168599521365 0
2860 0.1946599518190872 0.2143131787551205 0
2861 0.3620041021585875 0.5428803525796205 0
2862 2.414832282384904 0.3694728790770582 0
2863 3.523168595576844 0.04307764191378563 0
2864 0.3461257095154712 0.2775775447990278 0
2865 0.3047141569352592 0.7918407987040794 0
2866 1.507711157086064 0.7121942118130189 0
2867 0.279232127843838 0.1180588530205251 0
2868 0.4395288814594158 0.4604521661921762 0
2869 2.726616179054879 0.5189744524472193 0
2870 0.5406120349027919 0.4091683772763294 0
2871 4.588658426302489 0.8137668595901177 0
2872 4.29954204901923 0.08598731545874291 0
2873 0.1926388634692615 0.8512579691057114 0
2874 2.577573047065928 0.5306700276697869 0
2875 0.4516232760497298 0.5315227444077156 0
2876 1.095186689891454 0.08796921218829777 0
2877 4.775451894503811 0.1296429094793001 0
2878 4.926313237487161 0.1291967254187546 0
2879 5.872327171264289 0.6650498640501132 0
2880 1.094614522093424 0.2042734933499595 0
2881 3.399053178350207 0.9138643141747742 0
2882 0.7434733962276797 0.2837416337866897 0
2883 1.3848188106442 0.8745121528388148 0
2884 2.244941683238367 0.4275461946653285 0
2885 1.562525294419624 0.183666765655972 0
2886 0.2824221646196078 0.6322542996018794 0
2887 0.3912960347957115 0.2724783341501428 0
2888 0.2365935875132804 0.3330796185429901 0
2889 0.4447734999407781 0.647069900521937 0
2890 0.6653070306194552 0.562601441350962 0
2891 4.530591651415008 0.7692416597245073 0
2892 1.010523366411284 0.2181693541240896 0
2893 1.047345836204211 0.2133183929943411 0
2894 0.5591583102061413 0.3720470970637705 0
2895 1.626507298293448 0.739606693190608 0
2896 1.494221412208425 0.8297494649772806 0
2897 0.6070813783020135 0.335237713619345 0
2898 0.2037389893020692 0.08622446382240889 0
2899 2.100909936354086 0.8281421120675253 0
2900 1.432918208005893 0.6092812293937359 0
2901 0.3857169603315233 0.390919943418608 0
2902 1.286928365839706 0.35068171932228 0
2903 0.1736314488704694 0.8956161766855368 0
2904 2.067758694719931 0.3959008964873387 0
2905 0.2190895338915333 0.3761227175799151 0
2906 0.146903559305935 0.22130750640018 0
2907 1.334966677887522 0.7271514011928764 0
2908 0.3346369754139652 0.8284696931276739 0
2909 2.286205449803775 0.6416087507917111 0
2910 1.038810602138902 0.4475383529931599 0
2911 1.247856180200841 0.5163902992638928 0
2912 1.526131105626462 0.9575841833922543 0
2913 0.7865777922703108 0.787733982293139 0
2914 1.469813988728801 0.4646887627071066 0
2915 0.5546761939427806 0.7825566617336559 0
2916 0.5361243630583736 0.8232260758747931 0
2917 0.6496302279873928 0.3284937740973529 0
2918 0.4670804323930445 0.4924858407054519 0
2919 0.8409080174505265 0.4399334647521521 0
2920 4.47301496925038 0.9572346136289834 0
2921 2.071701825109195 0.1314332072840514 0
2922 3.511731473394534 0.1238318662487221 0
2923 1.298021388362842 0.8026228416951927 0
2924 4.327594247676685 0.7849848117225928 0
2925 4.122812157720531 0.958276733449771 0
2926 5.908930113808292 0.1846246144897227 0
2927 4.947340974251729 0.8274658578193743 0
2928 2.723647677694907 0.129118083084225 0
2929 0.626163454753094 0.123808892567084 0
2930 1.286009951060235 0.7429274106252973 0
2931 1.118972981779622 0.2369629404083994 0
2932 0.7028421889573803 0.9129046826216187 0
2933 1.37574629199117 0.6465819790590847 0
2934 1.207622070860146 0.1191895045611492 0
2935 2.233909764582135 0.6458721338885262 0
2936 5.482794252473346 0.8681895069411589 0
2937 1.657443846433094 0.1767113084515382 0
2938 0.2650352294754796 0.6752433609083164 0
2939 2.728308677188161 0.8226428486860057 0
2940 2.082019108587206 0.5691009924847765 0
2941 2.027168772717514 0.8718152079960556 0
2942 0.8581175477222267 0.1290625667258956 0
2943 1.120850849500982 0.04005388541310562 0
2944 1.610025279865906 0.1800061854681677 0
2945 1.264559620724719 0.2583762580295819 0
2946 3.20131941248026 0.8279804932057634 0
2947 1.775878918641861 0.1278666344777645 0
2948 5.458866598566181 0.1320314530969672 0
2949 1.21900649414074 0.2591017673448786 0
2950 1.317483567199533 0.4478685567468816 0
2951 0.0986672101736723 0.2270382092136598 0
2952 0.4297911985497501 0.6899062386068345 0
2953 0.9092623725296551 0.453441726480406 0
2954 1.070698438764358 0.3722708749331503 0
2955 1.568158050125204 0.8662305242720763 0
2956 0.6045913138236004 0.8470461325547546 0
2957 0.08862039298460514 0.1453055698258867 0
2958 1.354433863210624 0.6126617042728091 0
2959 5.927537443278569 0.1334629841005446 0
2960 1.302369686796944 0.9552626489155734 0
2961 3.82589575353604 0.1316856662169734 0
2962 0.8146139643879622 0.5695155282023078 0
2963 4.975000000615688 0.1273886965884435 0
2964 0.318027742195212 0.8734209632591007 0
2965 0.6199726819055343 0.4016684686753984 0
2966 4.355372771846424 0.1334092952214505 0
2967 5.892672810390462 0.7067149977291214 0
2968 0.5006144303991988 0.7148568465203008 0
2969 0.2167472360384621 0.6816187640410929 0
2970 5.029269535323627 0.1235946457452899 0
2971 1.317110685639791 0.6775820913836128 0
2972 2.309710447207154 0.5974016504801893 0
2973 0.4842197154159311 0.7655707950008435 0
2974 0.04273517328119093 0.9223784169703027 0
2975 2.076803199069031 0.8714408374406352 0
2976 0.9143020315552121 0.7205494263068685 0
2977 1.454362583372802 0.6433186355424322 0
2978 1.235476709405475 0.7745675073526661 0
2979 1.167698479186885 0.8410662429706535 0
2980 0.07611443773955319 0.04087455915861828 0
2981 0.7625286236076394 0.7219537907473856 0
2982 0.9357128811272971 0.8874888837680275 0
2983 5.923884369007729 0.959124538529336 0
2984 0.1893759668293037 0.6447454367882709 0
2985 0.840900611289954 0.8319493982568972 0
2986 1.68408130739404 0.2157090797758919 0
2987 1.065004945087459 0.7780600098950976 0
2988 0.8953402625857441 0.3802273552559429 0
2989 0.4104712998567337 0.2315321025413029 0
2990 2.402830995542425 0.9150143280625164 0
2991 3.77575350863185 0.1351696327487061 0
2992 1.266184960616329 0.3231553824179788 0
2993 0.8221429849770643 0.5223369112297742 0
2994 3.722902628552868 0.1390305577723488 0
2995 0.2996772112728064 0.9180658516283741 0
2996 5.14784162421455 0.9176638826145364 0
2997 0.7326201435536261 0.6384591410731372 0
2998 2.773037461997448 0.1278070029239017 0
2999 4.303314109926699 0.828830435559053 0
3000 1.281552659297188 0.8382830872291351 0
3001 1.142906125542191 0.3877043070103741 0
3002 1.056072069192797 0.6940253501070465 0
3003 0.7289504716753638 0.1222458221992586 0
3004 1.75689501790893 0.4699165642983973 0
3005 4.903510439244542 0.7799996347146987 0
3006 2.173960435370757 0.04384948578882597 0
3007 0.8250011696692279 0.6236613484877052 0
3008 0.9402528935954394 0.3835885397860308 0
3009 0.251583297927384 0.0823681184966283 0
3010 1.732185891642826 0.212148903853647 0
3011 5.45222074653908 0.9139368420864936 0
3012 3.578565122596455 0.8648298199446436 0
3013 2.673450643132916 0.8743035248020081 0
3014 1.037821186389839 0.123271138307631 0
3015 3.1520909712932 0.829535284519279 0
3016 0.6186710280792889 0.5054462081946464 0
3017 2.387573521567372 0.8506508176281133 0
3018 5.960695837983507 0.8749999999996714 0
3019 3.077080307170329 0.8728693673488125 0
3020 1.066837937532991 0.1733574375236114 0
3021 2.576422486608928 0.1387562850881182 0
3022 3.276597687520691 0.1763857268179206 0
3023 1.047214315285915 0.2504909440767224 0
3024 0.8994340553037646 0.1240737173051084 0
3025 0.754501100762609 0.4141090451418991 0
3026 1.752368946132429 0.1686847566654655 0
3027 1.339045920860391 0.4794335017455597 0
3028 1.794200148370139 0.5894759087918229 0
3029 0.3818100474868465 0.1913923399526511 0
3030 0.4976831461063851 0.8417777860003809 0
3031 3.445812966221826 0.9152755454694006 0
3032 3.87691352107804 0.1288919069180081 0
3033 0.1778284819720453 0.5638217079718393 0
3034 1.649059408482422 0.5961225426619979 0
3035 4.035745413238997 0.8906652347841071 0
3036 1.38378063525786 0.373512314125362 0
3037 0.6606277843932941 0.9170825675497155 0
3038 1.935790939298771 0.6721815573502936 0
3039 1.611104673354052 0.4631782422262829 0
3040 4.398688280433544 0.1334154410415584 0
3041 1.505361971608695 0.6350060016648575 0
3042 0.04577797968027134 0.3718268609011218 0
3043 0.0866245592232502 0.7831736655511986 0
3044 5.9574247685951 0.5741650014442212 0
3045 5.050299184928111 0.08188546167467242 0
3046 3.926422107292179 0.1265322431829999 0
3047 0.04357973247399429 0.427677173910353 0
3048 2.001563675169297 0.8323754255443523 0
3049 0.2274347881938039 0.9603336643595701 0
3050 0.1352815031255022 0.5652076512937888 0
3051 0.9500939136718538 0.07719702100587589 0
3052 5.524999999998177 0.03800326644600081 0
3053 0.4243783923208512 0.4992620732588927 0
3054 5.96206155863769 0.2749999999993393 0
3055 1.999617259520478 0.4511426958511668 0
3056 4.279669726059724 0.8727922663003795 0
3057 0.7123406586200536 0.61253148737455 0
3058 3.752945497902839 0.7831014926009521 0
3059 2.822812490650125 0.1261447373956047 0
3060 4.447684798695431 0.9163664841542649 0
3061 1.411089408579334 0.1259741366109257 0
3062 1.363261135713466 0.5113437017220122 0
3063 1.261946703790529 0.8703805247663332 0
3064 0.7530269375594267 0.7574091384196113 0
3065 0.4455049890689287 0.1468662751943054 0
3066 4.849999997675722 0.8324710919084506 0
3067 2.228693890792314 0.03999727389846054 0
3068 1.051542015589078 0.3533684727883591 0
3069 1.19960698850078 0.6382107290939179 0
3070 0.9965825712231496 0.7485963312035079 0
3071 3.128258034278503 0.8726595853185968 0
3072 5.382840128507932 0.8713558973403026 0
3073 2.039262059251692 0.663638937375388 0
3074 1.00904449318774 0.4072334751259608 0
3075 2.625396207143586 0.8252048026442 0
3076 1.18299295662804 0.5670138190363948 0
3077 3.49425379059581 0.08239931317028339 0
3078 1.005940389858762 0.3406476367790919 0
3079 0.9531988478333846 0.8107779293581246 0
3080 1.174999999994998 0.03587390894438736 0
3081 1.48994310758614 0.499107868854117 0
3082 0.8555773518756188 0.6568482325812431 0
3083 3.324999099865299 0.1237041204483377 0
3084 0.9809043629829763 0.1171988594673399 0
3085 5.063543366052452 0.8728115723816419 0
3086 0.9652804454962254 0.9155556539857764 0
3087 5.103788971698042 0.07793841402101286 0
3088 4.421449584928393 0.8680640273268223 0
3089 1.880560927259555 0.1998876311446457 0
3090 5.917718714658287 0.3536450055446532 0
3091 3.975291918670711 0.1242689375235651 0
3092 0.5956841818145505 0.3703133246060902 0
3093 2.550838604583183 0.08211549913086522 0
3094 1.949064948817107 0.8367620204173063 0
3095 0.9671848809875847 0.371387056668481 0
3096 4.449999997642825 0.07978763658179328 0
3097 1.430901094537804 0.4677696472751589 0
3098 0.3794975322176963 0.5065585111851777 0
3099 1.79957682811364 0.165631899482183 0
3100 1.274480202557016 0.7717883637425477 0
3101 4.25045082064785 0.9194352974200908 0
3102 1.403405989406781 0.5094908792030973 0
3103 5.875540279566637 0.9616285796081533 0
3104 0.4177922457333194 0.1044842686306698 0
3105 1.009743464790031 0.7003124384727077 0
3106 0.3007332599884571 0.07942640497798646 0
3107 5.173385703727695 0.03845403022276307 0
3108 0.777221427982669 0.2827974419040634 0
3109 0.2773225759072884 0.9599119046004864 0
3110 1.361547227942852 0.9104863524075749 0
3111 0.71724359969666 0.7627218489039536 0
3112 0.5237030308200303 0.2517084209221663 0
3113 1.149634290470241 0.8746183415190076 0
3114 2.871483710946474 0.1246794564240122 0
3115 5.964128081365941 0.6749999999991444 0
3116 5.575033987677068 0.08684955206607162 0
3117 0.07884170855330776 0.7005800469541069 0
3118 5.686571078909396 0.9358767849583388 0
3119 0.08287991344001555 0.9078368463715442 0
3120 1.250295291941542 0.6180255562264696 0
3121 1.086762565855703 0.6653184922070835 0
3122 3.700000360285825 0.8343112535764859 0
3123 0.1254622687774957 0.48773747247129 0
3124 1.421347630889905 0.2791134693054849 0
3125 0.8451559179652536 0.2782805257771779 0
3126 3.131719478819753 0.03942177727762463 0
3127 3.840587235145443 0.9154371743549359 0
3128 4.803483023801638 0.7835468708027871 0
3129 2.26254389203791 0.0841570915742984 0
3130 3.050871304431747 0.834869572166238 0
3131 5.335275395925796 0.8725500617209707 0
3132 2.574999470669217 0.8781810560095108 0
3133 4.02563232645067 0.1220089856686732 0
3134 3.379999862054151 0.1711002503353211 0
3135 3.551519780503988 0.7949360486156146 0
3136 0.7933266870989002 0.4006015793950054 0
3137 5.092263611248279 0.8082256569292185 0
3138 0.6893136646881485 0.7315805113126199 0
3139 1.242805621353387 0.9058586411466644 0
3140 1.523249137147257 0.5999428216699799 0
3141 5.917729636103401 0.7484264956352814 0
3142 2.387756729343127 0.9604749811477695 0
3143 1.928330423431095 0.8755990268457543 0
3144 0.4782072024422719 0.8788517043837756 0
3145 1.986078250200042 0.6692799909519809 0
3146 0.6042795774176551 0.161534731769326 0
3147 5.126343925142662 0.03882130866581966 0
3148 0.3276532996060679 0.511966839478299 0
3149 0.9249999999430208 0.9673640543985155 0
3150 5.849018920985764 0.922613041599508 0
3151 0.8765554500784295 0.4816754749933536 0
3152 0.6205107273329606 0.2273926655726417 0
3153 1.823513441898063 0.204705562884127 0
3154 4.501608375064086 0.1290471240636558 0
3155 2.89373521286784 0.08212772140031489 0
3156 0.5163219901094784 0.7905653488902294 0
3157 1.02656823696808 0.4261147665027629 0
3158 0.9634532343286137 0.78362171346093 0
3159 1.528162951235115 0.4962090805248371 0
3160 0.2853929240575345 0.5143406941413362 0
3161 2.044672843131091 0.3510278632166961 0
3162 0.6542305331647275 0.1489202584860958 0
3163 4.207904120004985 0.9181641738275137 0
3164 0.6760302932271536 0.6150621441494388 0
3165 0.6608811270849451 0.6983487048968335 0
3166 3.650093958209307 0.784902227477397 0
3167 1.156107868606164 0.5759267891287236 0
3168 1.213379024167487 0.5652485895352424 0
3169 1.229529054697093 0.5887531378300658 0
3170 0.6334766513595517 0.6634809765401337 0
3171 5.922237740554782 0.4485766957341809 0
3172 1.264176154995471 0.9557256859540014 0
3173 3.815556975147632 0.8736646744614349 0
3174 4.75000000383813 0.8367310154722036 0
3175 3.001032795463829 0.8359091725480389 0
3176 5.286983545423013 0.8738784874300135 0
3177 4.075620332622689 0.1200875635613013 0
3178 0.5706536285061621 0.3360904411376786 0
3179 1.130705401621495 0.5301673450607495 0
3180 2.525488002167276 0.8287074945370931 0
3181 2.021484654992407 0.4127241152430519 0
3182 3.520673506801419 0.1622712173094119 0
3183 1.564581129717621 0.5983323961117405 0
3184 1.003432299090058 0.4262366426602605 0
3185 3.426632511335689 0.1711107291276973 0
3186 3.212079285248682 0.08357242104381227 0
3187 1.879184055421303 0.877740569530062 0
3188 5.655366734465651 0.124950749527585 0
3189 0.3491620105553159 0.07591053590879691 0
3190 0.2906483354351451 0.4432060299130713 0
3191 0.9204883342703611 0.6979525938637642 0
3192 4.17588893604155 0.9634831783609912 0
3193 5.334339063911223 0.03790935912106183 0
3194 5.199438438447915 0.07538712434352692 0
3195 1.463108545390563 0.1205968576780645 0
3196 2.307129530825764 0.08209576851586786 0
3197 5.798045808540998 0.9239670217158003 0
3198 5.255518944364885 0.06685388131127706 0
3199 3.549867847132264 0.920793495318363 0
3200 4.54999999999772 0.07547824460674926 0
3201 2.038326861051527 0.1862780106916982 0
3202 0.8396856242318881 0.8698624364535887 0
3203 1.046288219883008 0.802265864855797 0
3204 2.943158246745922 0.07957766980822742 0
3205 0.7731956488579441 0.5209304062689956 0
3206 0.8401435655310284 0.5599451700019448 0
3207 1.545246115350998 0.4612139033412315 0
3208 4.175725549635285 0.1224418871352523 0
3209 1.076285818714363 0.4448120322597993 0
3210 1.170954910514262 0.9086082477294635 0
3211 1.901988371260036 0.1658450288681801 0
3212 0.2175170689332048 0.4426926874669968 0
3213 4.262360880670069 0.144683343202705 0
3214 2.951032265440767 0.8376174406450206 0
3215 0.6441864324926008 0.6121386616920343 0
3216 0.982442620086308 0.2566229611009443 0
3217 3.789594123872866 0.8328030075535195 0
3218 1.593630318418613 0.6314712860860292 0
3219 4.124505092040096 0.1187265425427495 0
3220 0.9965062566744615 0.365416460911706 0
3221 0.0798167600559605 0.1931002472067199 0
3222 1.953246295262798 0.1680754684613291 0
3223 4.703449561956244 0.7870164853158617 0
3224 0.8693928450263563 0.4432003414550335 0
3225 1.345141068114323 0.950947470508221 0
3226 5.250000000176725 0.9257160998317085 0
3227 1.069905473383099 0.679389071651016 0
3228 2.471752349177043 0.8815681935460742 0
3229 0.572241328281349 0.238785214743279 0
3230 1.035477563281558 0.3340985656611845 0
3231 0.2012727373071226 0.9265697717967867 0
3232 0.5515276631594866 0.3036843316135823 0
3233 1.830012634258952 0.8795443001009624 0
3234 4.106222456337489 0.9212414402966906 0
3235 0.07995480947566594 0.2614292528074171 0
3236 3.235975265633457 0.1235670858318607 0
3237 0.1217667578197348 0.3150038625470348 0
3238 2.33434353982833 0.1226628286960693 0
3239 0.8409455516918528 0.4168129072332609 0
3240 1.247625189431461 0.1185464345514136 0
3241 5.755805781264866 0.9259725313694431 0
3242 0.8758427180966916 0.9699073295103713 0
3243 4.063928538548111 0.9207780927785916 0
3244 1.639281176512995 0.6312215818253206 0
3245 3.463805279855728 0.8790270771116028 0
3246 4.601643986848496 0.1256050095118601 0
3247 0.0366025403078607 0.963397459697521 0
3248 0.03660254019455265 0.03660254035291855 0
3249 5.961888707800437 0.03951301745325557 0
3250 5.963397459760162 0.9633974596741519 0
3251 5.487149157590416 0.09203359151053525 0
3252 3.473235560036782 0.1178689187745261 0
3253 2.986993067806679 0.07781648259331342 0
3254 0.07231890068416973 0.5999535191076524 0
3255 1.091416350866174 0.6835734074957203 0
3256 0.204871790250899 0.410457006226755 0
3257 0.9734201137689775 0.8305849010622065 0
3258 3.605252921333445 0.8368679428754056 0
3259 0.6765388378565208 0.1090865309503752 0
3260 5.412006189087422 0.07967076398829409 0
3261 2.53281856523339 0.1543960675036763 0
3262 2.900960971494959 0.8393739475544616 0
3263 5.724999999998954 0.02935322267633567 0
3264 2.106425762543974 0.1380801157504801 0
3265 2.405081329909687 0.2103396191105184 0
3266 0.3979014671805947 0.07259360845982223 0
3267 1.14346045132579 0.4901227773715218 0
3268 1.485205498797925 0.0784309233000773 0
3269 0.4368972273220054 0.8818614056771967 0
3270 0.8115345317763796 0.7703112632870059 0
3271 1.24003859295695 0.5659664104378661 0
3272 1.781851210398863 0.8833158493529771 0
3273 5.199999999854346 0.9278986184340645 0
3274 0.6629586461236124 0.5903840515791541 0
3275 3.05802513769159 0.06547087262938554 0
3276 0.8225648540077832 0.5485793865809083 0
3277 1.028815626876402 0.8310926174207072 0
3278 2.425408702544542 0.8845365404634212 0
3279 1.129164680328584 0.6889752973601853 0
3280 0.1176270760919615 0.5249124034182066 0
3281 5.267120003476073 0.03203613779791992 0
3282 5.685235833451793 0.0827661659258558 0
3283 5.609184766691306 0.9633876351824788 0
3284 2.357487447885307 0.1618325215762301 0
3285 5.680488657379846 0.9694695582559361 0
3286 1.146506582032853 0.5418851546512922 0
3287 0.8069862776574008 0.8272548214547927 0
3288 1.305498672424491 0.3214651797808946 0
3289 0.8976213965354931 0.6416442124168071 0
3290 2.311762786331756 0.9643412387291987 0
3291 5.920042215020644 0.8415138885839157 0
3292 5.610745290354275 0.07953615477581502 0
3293 4.649999999496671 0.07107069687291184 0
3294 4.025000000014574 0.9723088825291839 0
3295 0.0810936719566864 0.8292144139991533 0
3296 1.302037964489558 0.07601351940481881 0
3297 2.850804627195946 0.8412750350161042 0
3298 0.7980052215070443 0.59450542505306 0
3299 4.200573432239874 0.1576733999128434 0
3300 5.141008638214317 0.8810859713605469 0
3301 0.8237152160447695 0.8997103543740574 0
3302 1.617463069891126 0.494476970903409 0
3303 0.8064547038144287 0.9283602368211046 0
3304 5.774999997833809 0.02712590940801031 0
3305 1.995832750763175 0.3445108550985213 0
3306 0.8487832904339283 0.9334193190899369 0
3307 2.452238921634462 0.2098306119932274 0
3308 0.9851373300400292 0.7273029508884096 0
3309 1.324381990009559 0.1082087311801693 0
3310 3.59129913910139 0.154883522894032 0
3311 0.8848108455429115 0.4563882638592398 0
3312 1.973112956361589 0.2012631138685836 0
3313 0.1561191587605508 0.418785920231132 0
3314 4.556484560824501 0.7963802550801125 0
3315 2.022000531483489 0.605981020199242 0
3316 1.043150769921046 0.1536318843162185 0
3317 5.967399588456995 0.1268515315661878 0
3318 1.732229277020861 0.8883457301948141 0
3319 3.450152946729748 0.793364274563832 0
3320 0.1103863884510932 0.4262359575882062 0
3321 1.409252281183618 0.3512085751257344 0
3322 0.9213661748705184 0.373861157698312 0
3323 5.343949571628706 0.06892070585341327 0
3324 1.221159028060417 0.08359189089449301 0
3325 5.920602437071155 0.5382368926547346 0
3326 0.4379498552725818 0.07584290670603755 0
3327 0.07109853944076455 0.7481772360364941 0
3328 5.590605872530921 0.9224727799270827 0
3329 1.525000000724229 0.02552071081754791 0
3330 0.5661438419856547 0.8446087173182307 0
3331 1.929912193472396 0.3523072859807094 0
3332 4.488565493115491 0.8316207200272999 0
3333 0.154501116815545 0.9273062884405646 0
3334 2.136469593311959 0.07959331197961031 0
3335 1.100640321680358 0.6489829388879075 0
3336 0.9427520171000967 0.7630200337020621 0
3337 1.680463560135915 0.4832250621134366 0
3338 1.986385741830046 0.5603251839552632 0
3339 1.34475659494789 0.3203896994346063 0
3340 5.974297088887186 0.2249999976234027 0
3341 3.061806443329326 0.0334389872491633 0
3342 4.658691495737435 0.8413816463550153 0
3343 0.8314749616160927 0.2549912838991095 0
3344 1.057824958706923 0.4430790831545325 0
3345 0.7750000000028556 0.9755944078221046 0
3346 4.698963093149662 0.1205278959342156 0
3347 0.6281778530349297 0.9241918619157801 0
3348 0.7914484488255628 0.2591453628468789 0
3349 2.802168276677979 0.8428041384975282 0
3350 4.629562354732834 0.884252454109467 0
3351 4.271627845236016 0.1130544388793799 0
3352 4.619689609168942 0.7966457830936945 0
3353 2.457681045936877 0.1218850480797018 0
3354 0.4750000001335926 0.02443186254281992 0
3355 5.932944112299475 0.6987876997902436 0
3356 3.573490118539801 0.8238540027846177 0
$EndNodes
$Elements
6712
1 1 2 1 1 1 9
2 1 2 1 1 9 10
3 1 2 1 1 10 11
4 1 2 1 1 11 12
5 1 2 1 1 12 13
6 1 2 1 1 13 14
7 1 2 1 1 14 15
8 1 2 1 1 15 16
9 1 2 1 1 16 17
10 1 2 1 1 17 18
11 1 2 1 1 18 19
12 1 2 1 1 19 20
13 1 2 1 1 20 21
14 1 2 1 1 21 22
15 1 2 1 1 22 23
16 1 2 1 1 23 24
17 1 2 1 1 24 25
18 1 2 1 1 25 26
19 1 2 1 1 26 27
20 1 2 1 1 27 28
21 1 2 1 1 28 29
22 1 2 1 1 29 30
23 1 2 1 1 30 31
24 1 2 1 1 31 32
25 1 2 1 1 32 33
26 1 2 1 1 33 34
27 1 2 1 1 34 35
28 1 2 1 1 35 36
29 1 2 1 1 36 37
30 1 2 1 1 37 38
31 1 2 1 1 38 39
32 1 2 1 1 39 40
33 1 2 1 1 40 41
34 1 2 1 1 41 42
35 1 2 1 1 42 43
36 1 2 1 1 43 44
37 1 2 1 1 44 45
38 1 2 1 1 45 46
39 1 2 1 1 46 47
40 1 2 1 1 47 48
41 1 2 1 1 48 49
42 1 2 1 1 49 50
43 1 2 1 1 50 51
44 1 2 1 1 51 52
45 1 2 1 1 52 53
46 1 2 1 1 53 54
47 1 2 1 1 54 55
48 1 2 1 1 55 56
49 1 2 1 1 56 57
50 1 2 1 1 57 58
51 1 2 1 1 58 59
52 1 2 1 1 59 60
53 1 2 1 1 60 61
54 1 2 1 1 61 62
55 1 2 1 1 62 63
56 1 2 1 1 63 64
57 1 2 1 1 64 65
58 1 2 1 1 65 66
59 1 2 1 1 66 67
60 1 2 1 1 67 68
61 1 2 1 1 68 69
62 1 2 1 1 69 70
63 1 2 1 1 70 71
64 1 2 1 1 71 72
65 1 2 1 1 72 73
66 1 2 1 1 73 74
67 1 2 1 1 74 75
68 1 2 1 1 75 76
69 1 2 1 1 76 77
70 1 2 1 1 77 78
71 1 2 1 1 78 79
72 1 2 1 1 79 80
73 1 2 1 1 80 81
74 1 2 1 1 81 82
75 1 2 1 1 82 83
76 1 2 1 1 83 84
77 1 2 1 1 84 85
78 1 2 1 1 85 86
79 1 2 1 1 86 87
80 1 2 1 1 87 88
81 1 2 1 1 88 89
82 1 2 1 1 89 90
83 1 2 1 1 90 91
84 1 2 1 1 91 92
85 1 2 1 1 92 93
86 1 2 1 1 93 94
87 1 2 1 1 94 95
88 1 2 1 1 95 96
89 1 2 1 1 96 97
90 1 2 1 1 97 98
91 1 2 1 1 98 99
92 1 2 1 1 99 100
93 1 2 1 1 100 101
94 1 2 1 1 101 102
95 1 2 1 1 102 103
96 1 2 1 1 103 104
97 1 2 1 1 104 105
98 1 2 1 1 105 106
99 1 2 1 1 106 107
100 1 2 1 1 107 108
101 1 2 1 1 108 109
102 1 2 1 1 109 110
103 1 2 1 1 110 111
104 1 2 1 1 111 112
105 1 2 1 1 112 113
106 1 2 1 1 113 114
107 1 2 1 1 114 115
108 1 2 1 1 115 116
109 1 2 1 1 116 117
110 1 2 1 1 117 118
111 1 2 1 1 118 119
112 1 2 1 1 119 120
113 1 2 1 1 120 121
114 1 2 1 1 121 122
115 1 2 1 1 122 123
116 1 2 1 1 123 124
117 1 2 1 1 124 125
118 1 2 1 1 125 126
119 1 2 1 1 126 127
120 1 2 1 1 127 2
121 1 2 2 2 2 128
122 1 2 2 2 128 129
123 1 2 2 2 129 130
124 1 2 2 2 130 131
125 1 2 2 2 131 132
126 1 2 2 2 132 133
127 1 2 2 2 133 134
128 1 2 2 2 134 135
129 1 2 2 2 135 136
130 1 2 2 2 136 137
131 1 2 2 2 137 138
132 1 2 2 2 138 139
133 1 2 2 2 139 140
134 1 2 2 2 140 141
135 1 2 2 2 141 142
136 1 2 2 2 142 143
137 1 2 2 2 143 144
138 1 2 2 2 144 145
139 1 2 2 2 145 146
140 1 2 2 2 146 3
141 1 2 3 3 3 147
142 1 2 3 3 147 148
143 1 2 3 3 148 149
144 1 2 3 3 149 150
145 1 2 3 3 150 151
146 1 2 3 3 151 152
147 1 2 3 3 152 153
148 1 2 3 3 153 154
149 1 2 3 3 154 155
150 1 2 3 3 155 156
151 1 2 3 3 156 157
152 1 2 3 3 157 158
153 1 2 3 3 158 159
154 1 2 3 3 159 160
155 1 2 3 3 160 161
156 1 2 3 3 161 162
157 1 2 3 3 162 163
158 1 2 3 3 163 164
159 1 2 3 3 164 165
160 1 2 3 3 165 166
161 1 2 3 3 166 167
162 1 2 3 3 167 168
163 1 2 3 3 168 169
164 1 2 3 3 169 170
165 1 2 3 3 170 171
166 1 2 3 3 171 172
167 1 2 3 3 172 173
168 1 2 3 3 173 174
169 1 2 3 3 174 175
170 1 2 3 3 175 176
171 1 2 3 3 176 177
172 1 2 3 3 177 178
173 1 2 3 3 178 179
174 1 2 3 3 179 180
175 1 2 3 3 180 181
176 1 2 3 3 181 182
177 1 2 3 3 182 183
178 1 2 3 3 183 184
179 1 2 3 3 184 185
180 1 2 3 3 185 186
181 1 2 3 3 186 187
182 1 2 3 3 187 188
183 1 2 3 3 188 189
184 1 2 3 3 189 190
185 1 2 3 3 190 191
186 1 2 3 3 191 192
187 1 2 3 3 192 193
188 1 2 3 3 193 194
189 1 2 3 3 194 195
190 1 2 3 3 195 196
191 1 2 3 3 196 197
192 1 2 3 3 197 198
193 1 2 3 3 198 199
194 1 2 3 3 199 200
195 1 2 3 3 200 201
196 1 2 3 3 201 202
197 1 2 3 3 202 203
198 1 2 3 3 203 204
199 1 2 3 3 204 205
200 1 2 3 3 205 206
201 1 2 3 3 206 207
202 1 2 3 3 207 208
203 1 2 3 3 208 209
204 1 2 3 3 209 210
205 1 2 3 3 210 211
206 1 2 3 3 211 212
207 1 2 3 3 212 213
208 1 2 3 3 213 214
209 1 2 3 3 214 215
210 1 2 3 3 215 216
211 1 2 3 3 216 217
212 1 2 3 3 217 218
213 1 2 3 3 218 219
214 1 2 3 3 219 220
215 1 2 3 3 220 221
216 1 2 3 3 221 222
217 1 2 3 3 222 223
218 1 2 3 3 223 224
219 1 2 3 3 224 225
220 1 2 3 3 225 226
221 1 2 3 3 226 227
222 1 2 3 3 227 228
223 1 2 3 3 228 229
224 1 2 3 3 229 230
225 1 2 3 3 230 231
226 1 2 3 3 231 232
227 1 2 3 3 232 233
228 1 2 3 3 233 234
229 1 2 3 3 234 235
230 1 2 3 3 235 236
231 1 2 3 3 236 237
232 1 2 3 3 237 238
233 1 2 3 3 238 239
234 1 2 3 3 239 240
235 1 2 3 3 240 241
236 1 2 3 3 241 242
237 1 2 3 3 242 243
238 1 2 3 3 243 244
239 1 2 3 3 244 245
240 1 2 3 3 245 246
241 1 2 3 3 246 247
242 1 2 3 3 247 248
243 1 2 3 3 248 249
244 1 2 3 3 249 250
245 1 2 3 3 250 251
246 1 2 3 3 251 252
247 1 2 3 3 252 253
248 1 2 3 3 253 254
249 1 2 3 3 254 255
250 1 2 3 3 255 256
251 1 2 3 3 256 257
252 1 2 3 3 257 258
253 1 2 3 3 258 259
254 1 2 3 3 259 260
255 1 2 3 3 260 261
256 1 2 3 3 261 262
257 1 2 3 3 262 263
258 1 2 3 3 263 264
259 1 2 3 3 264 265
260 1 2 3 3 265 4
261 1 2 4 4 1 266
262 1 2 4 4 266 267
263 1 2 4 4 267 268
264 1 2 4 4 268 269
265 1 2 4 4 269 270
266 1 2 4 4 270 271
267 1 2 4 4 271 272
268 1 2 4 4 272 273
269 1 2 4 4 273 274
270 1 2 4 4 274 275
271 1 2 4 4 275 276
272 1 2 4 4 276 277
273 1 2 4 4 277 278
274 1 2 4 4 278 279
275 1 2 4 4 279 280
276 1 2 4 4 280 281
277 1 2 4 4 281 282
278 1 2 4 4 282 283
279 1 2 4 4 283 284
280 1 2 4 4 284 4
281 1 2 5 5 5 285
282 1 2 5 5 285 286
283 1 2 5 5 286 287
284 1 2 5 5 287 288
285 1 2 5 5 288 289
286 1 2 5 5 289 290
287 1 2 5 5 290 6
288 1 2 5 6 6 291
289 1 2 5 6 291 292
290 1 2 5 6 292 293
291 1 2 5 6 293 294
292 1 2 5 6 294 295
293 1 2 5 6 295 296
294 1 2 5 6 296 7
295 1 2 5 7 7 297
296 1 2 5 7 297 298
297 1 2 5 7 298 299
298 1 2 5 7 299 300
299 1 2 5 7 300 301
300 1 2 5 7 301 302
301 1 2 5 7 302 8
302 1 2 5 8 8 303
303 1 2 5 8 303 304
304 1 2 5 8 304 305
305 1 2 5 8 305 306
306 1 2 5 8 306 307
307 1 2 5 8 307 308
308 1 2 5 8 308 5
309 2 2 6 1 357 2635 1823
310 2 2 6 1 2038 3001 835
311 2 2 6 1 1774 2953 1777
312 2 2 6 1 1938 2218 421
313 2 2 6 1 1630 1820 1741
314 2 2 6 1 1844 2608 372
315 2 2 6 1 1292 1858 1704
316 2 2 6 1 794 2845 735
317 2 2 6 1 940 3003 1381
318 2 2 6 1 3151 3311 1822
319 2 2 6 1 1280 1859 1292
320 2 2 6 1 655 2971 2907
321 2 2 6 1 1772 3136 2034
322 2 2 6 1 1292 1859 1858
323 2 2 6 1 1826 3267 1801
324 2 2 6 1 1773 2953 1774
325 2 2 6 1 1919 2038 835
326 2 2 6 1 1610 3002 1415
327 2 2 6 1 3017 3278 2200
328 2 2 6 1 2540 2649 1040
329 2 2 6 1 388 1836 1835
330 2 2 6 1 811 3216 2892
331 2 2 6 1 1765 3311 3151
332 2 2 6 1 2921 3201 2166
333 2 2 6 1 1968 1969 1620
334 2 2 6 1 1437 2003 1945
335 2 2 6 1 633 3337 2062
336 2 2 6 1 664 2088 470
337 2 2 6 1 2407 2939 2780
338 2 2 6 1 2034 3136 806
339 2 2 6 1 2907 2971 1894
340 2 2 6 1 1769 1971 1770
341 2 2 6 1 2410 2939 2407
342 2 2 6 1 309 1840 1838
343 2 2 6 1 1901 2090 1795
344 2 2 6 1 1726 2930 2907
345 2 2 6 1 1825 1845 399
346 2 2 6 1 1634 1826 1635
347 2 2 6 1 2539 2649 2540
348 2 2 6 1 2907 2930 655
349 2 2 6 1 1744 3126 2039
350 2 2 6 1 2892 3216 1803
351 2 2 6 1 418 1854 1853
352 2 2 6 1 2200 3278 2990
353 2 2 6 1 2086 2088 664
354 2 2 6 1 1542 2872 2482
355 2 2 6 1 896 1851 1452
356 2 2 6 1 3021 3093 2451
357 2 2 6 1 2482 2966 1542
358 2 2 6 1 1417 1976 1975
359 2 2 6 1 1820 3167 1741
360 2 2 6 1 1771 2856 1766
361 2 2 6 1 470 2088 468
362 2 2 6 1 1634 3267 1826
363 2 2 6 1 1902 3002 1610
364 2 2 6 1 421 2980 1938
365 2 2 6 1 2062 2065 633
366 2 2 6 1 1302 3201 2921
367 2 2 6 1 1897 3267 1634
368 2 2 6 1 2049 3004 2065
369 2 2 6 1 2574 3332 1005
370 2 2 6 1 1801 3267 1672
371 2 2 6 1 1781 1862 1775
372 2 2 6 1 2892 3023 811
373 2 2 6 1 1971 3025 1770
374 2 2 6 1 1858 2855 1704
375 2 2 6 1 1967 2956 1700
376 2 2 6 1 2483 2966 2482
377 2 2 6 1 304 1773 823
378 2 2 6 1 1890 1891 1729
379 2 2 6 1 2483 3040 2966
380 2 2 6 1 1457 2890 1912
381 2 2 6 1 1700 1997 1967
382 2 2 6 1 2960 3225 239
383 2 2 6 1 2062 3337 2064
384 2 2 6 1 1630 1892 1820
385 2 2 6 1 1823 3054 357
386 2 2 6 1 1975 3061 1417
387 2 2 6 1 1005 2891 2574
388 2 2 6 1 1828 3070 1614
389 2 2 6 1 399 2111 1825
390 2 2 6 1 403 1990 1847
391 2 2 6 1 2440 3093 3021
392 2 2 6 1 1874 1878 1320
393 2 2 6 1 1945 3024 2942
394 2 2 6 1 2532 3199 3012
395 2 2 6 1 1775 1862 823
396 2 2 6 1 1892 1917 711
397 2 2 6 1 1614 3158 1828
398 2 2 6 1 1725 2911 1932
399 2 2 6 1 351 1876 252
400 2 2 6 1 1425 2005 2000
401 2 2 6 1 1657 1878 1874
402 2 2 6 1 126 1983 125
403 2 2 6 1 291 1802 424
404 2 2 6 1 1786 1863 1790
405 2 2 6 1 2500 2948 2646
406 2 2 6 1 1971 2856 1920
407 2 2 6 1 1201 1897 1634
408 2 2 6 1 299 1798 721
409 2 2 6 1 2646 3260 2500
410 2 2 6 1 2567 2573 2565
411 2 2 6 1 2927 3005 1044
412 2 2 6 1 1847 1991 403
413 2 2 6 1 1900 2090 1901
414 2 2 6 1 409 2567 2566
415 2 2 6 1 2508 3022 1535
416 2 2 6 1 1729 3277 1890
417 2 2 6 1 1535 3236 2508
418 2 2 6 1 735 2845 733
419 2 2 6 1 2576 3005 2927
420 2 2 6 1 1637 1861 1733
421 2 2 6 1 2654 2877 1325
422 2 2 6 1 1381 3003 2004
423 2 2 6 1 3014 3084 1941
424 2 2 6 1 1077 2522 1079
425 2 2 6 1 1993 2026 1444
426 2 2 6 1 372 2608 1952
427 2 2 6 1 1912 1959 1457
428 2 2 6 1 330 2215 2199
429 2 2 6 1 1044 2649 2539
430 2 2 6 1 3012 3199 2527
431 2 2 6 1 1047 3066 2558
432 2 2 6 1 2558 3128 1047
433 2 2 6 1 1886 2976 1824
434 2 2 6 1 175 2568 174
435 2 2 6 1 1773 1774 823
436 2 2 6 1 2052 2059 2055
437 2 2 6 1 2052 2055 2054
438 2 2 6 1 1944 3024 1945
439 2 2 6 1 2893 3023 2892
440 2 2 6 1 2124 3145 3073
441 2 2 6 1 240 2960 239
442 2 2 6 1 2007 2012 1446
443 2 2 6 1 409 2568 2567
444 2 2 6 1 2039 3126 332
445 2 2 6 1 1315 3013 2497
446 2 2 6 1 1783 3224 2919
447 2 2 6 1 2065 3004 633
448 2 2 6 1 341 1857 1846
449 2 2 6 1 2539 2927 1044
450 2 2 6 1 2497 3075 1315
451 2 2 6 1 1769 2856 1971
452 2 2 6 1 2200 2990 2201
453 2 2 6 1 1760 1821 773
454 2 2 6 1 1969 1970 1620
455 2 2 6 1 664 2089 2086
456 2 2 6 1 2990 3142 2201
457 2 2 6 1 2591 3088 2589
458 2 2 6 1 388 1837 1836
459 2 2 6 1 1760 3151 1821
460 2 2 6 1 3097 3102 1879
461 2 2 6 1 1938 2957 2218
462 2 2 6 1 2943 3080 1659
463 2 2 6 1 1871 1922 835
464 2 2 6 1 663 2081 476
465 2 2 6 1 1789 3082 1905
466 2 2 6 1 1462 3084 3014
467 2 2 6 1 475 2053 646
468 2 2 6 1 1567 3085 2540
469 2 2 6 1 1288 3124 2839
470 2 2 6 1 2540 3137 1567
471 2 2 6 1 1156 3217 3058
472 2 2 6 1 372 1983 1844
473 2 2 6 1 1626 3328 2582
474 2 2 6 1 1672 3179 1801
475 2 2 6 1 368 1993 1907
476 2 2 6 1 477 2054 479
477 2 2 6 1 1803 1926 1442
478 2 2 6 1 1919 2115 1447
479 2 2 6 1 1315 2939 2410
480 2 2 6 1 1771 2993 1904
481 2 2 6 1 2008 2212 1431
482 2 2 6 1 835 3001 1871
483 2 2 6 1 1610 3105 1902
484 2 2 6 1 402 1996 1995
485 2 2 6 1 1784 1863 1786
486 2 2 6 1 252 1876 251
487 2 2 6 1 1922 1972 716
488 2 2 6 1 646 2053 2050
489 2 2 6 1 1442 1926 1440
490 2 2 6 1 2410 3013 1315
491 2 2 6 1 739 1925 737
492 2 2 6 1 2076 2081 663
493 2 2 6 1 1826 1861 1635
494 2 2 6 1 1838 1980 309
495 2 2 6 1 1945 2003 1946
496 2 2 6 1 3073 3145 2083
497 2 2 6 1 1378 2855 1396
498 2 2 6 1 794 1925 1924
499 2 2 6 1 3058 3217 2425
500 2 2 6 1 1835 3044 388
501 2 2 6 1 1449 2579 1709
502 2 2 6 1 1626 2582 1627
503 2 2 6 1 1798 1826 721
504 2 2 6 1 1802 1902 424
505 2 2 6 1 1804 3190 1722
506 2 2 6 1 419 3119 2211
507 2 2 6 1 473 2053 475
508 2 2 6 1 760 1960 764
509 2 2 6 1 896 1885 1851
510 2 2 6 1 737 1925 794
511 2 2 6 1 81 1990 80
512 2 2 6 1 1312 2198 2197
513 2 2 6 1 1325 2877 2464
514 2 2 6 1 1653 1917 1892
515 2 2 6 1 1759 1860 1768
516 2 2 6 1 1791 1795 830
517 2 2 6 1 1904 3205 1771
518 2 2 6 1 480 2079 478
519 2 2 6 1 83 1994 82
520 2 2 6 1 2025 3050 1928
521 2 2 6 1 337 3052 1831
522 2 2 6 1 1446 2212 2007
523 2 2 6 1 2051 2833 2059
524 2 2 6 1 890 3069 1815
525 2 2 6 1 1926 2845 794
526 2 2 6 1 1722 3212 1804
527 2 2 6 1 2913 3064 876
528 2 2 6 1 309 2031 1840
529 2 2 6 1 1656 2579 1449
530 2 2 6 1 1846 1990 341
531 2 2 6 1 41 2031 40
532 2 2 6 1 1831 3251 337
533 2 2 6 1 1642 2959 2926
534 2 2 6 1 1788 1860 1785
535 2 2 6 1 328 1868 1866
536 2 2 6 1 1906 2033 863
537 2 2 6 1 1928 3254 2025
538 2 2 6 1 424 3105 1834
539 2 2 6 1 2211 3119 1797
540 2 2 6 1 1851 3279 1452
541 2 2 6 1 2089 3028 2075
542 2 2 6 1 721 1826 1801
543 2 2 6 1 1815 3120 890
544 2 2 6 1 1932 2911 693
545 2 2 6 1 2058 3161 2904
546 2 2 6 1 1945 2942 1437
547 2 2 6 1 1766 2856 1769
548 2 2 6 1 3067 3129 1731
549 2 2 6 1 1444 3210 1993
550 2 2 6 1 476 2081 474
551 2 2 6 1 2516 3134 2514
552 2 2 6 1 1852 3086 378
553 2 2 6 1 1957 1985 1956
554 2 2 6 1 2516 3185 3134
555 2 2 6 1 2067 3039 519
556 2 2 6 1 1264 3153 3089
557 2 2 6 1 2904 3181 2058
558 2 2 6 1 3095 3220 2002
559 2 2 6 1 1127 2196 1129
560 2 2 6 1 1672 3267 1897
561 2 2 6 1 2050 2052 646
562 2 2 6 1 367 3129 3067
563 2 2 6 1 519 3207 2067
564 2 2 6 1 1537 3022 2508
565 2 2 6 1 2528 3199 405
566 2 2 6 1 1620 3269 1968
567 2 2 6 1 1659 3080 1887
568 2 2 6 1 1570 3346 2467
569 2 2 6 1 1795 2090 830
570 2 2 6 1 1891 3257 1729
571 2 2 6 1 873 1834 1793
572 2 2 6 1 3165 3170 1719
573 2 2 6 1 378 3149 1852
574 2 2 6 1 867 3298 1827
575 2 2 6 1 1280 2839 1859
576 2 2 6 1 2508 3083 1537
577 2 2 6 1 360 2152 1882
578 2 2 6 1 426 1890 431
579 2 2 6 1 402 1995 1994
580 2 2 6 1 11 1939 10
581 2 2 6 1 418 2983 1854
582 2 2 6 1 1612 3105 1610
583 2 2 6 1 1938 2980 1939
584 2 2 6 1 2919 3239 1783
585 2 2 6 1 2467 2877 1570
586 2 2 6 1 1988 2955 2012
587 2 2 6 1 1166 2521 2520
588 2 2 6 1 351 2932 1876
589 2 2 6 1 1890 3277 431
590 2 2 6 1 1635 1861 1637
591 2 2 6 1 1830 3170 1910
592 2 2 6 1 1905 3007 1789
593 2 2 6 1 710 2945 1856
594 2 2 6 1 1924 1926 794
595 2 2 6 1 1758 1860 1759
596 2 2 6 1 1959 3016 1457
597 2 2 6 1 1785 1860 804
598 2 2 6 1 1412 1885 434
599 2 2 6 1 3224 3311 1765
600 2 2 6 1 1827 3007 867
601 2 2 6 1 1936 2031 41
602 2 2 6 1 3068 3230 888
603 2 2 6 1 1861 3209 1733
604 2 2 6 1 125 1983 372
605 2 2 6 1 1544 3040 2483
606 2 2 6 1 2573 2871 2565
607 2 2 6 1 1321 3257 1891
608 2 2 6 1 2581 3011 2936
609 2 2 6 1 1312 2197 2196
610 2 2 6 1 2549 3226 3176
611 2 2 6 1 1871 1972 1922
612 2 2 6 1 370 3118 2637
613 2 2 6 1 3049 3109 261
614 2 2 6 1 420 1983 126
615 2 2 6 1 2464 2642 1325
616 2 2 6 1 758 1960 760
617 2 2 6 1 1906 2034 2033
618 2 2 6 1 1853 3018 418
619 2 2 6 1 1831 3052 390
620 2 2 6 1 1079 2522 1166
621 2 2 6 1 3176 3226 1747
622 2 2 6 1 1891 2982 1321
623 2 2 6 1 1459 1985 1957
624 2 2 6 1 2483 3096 1544
625 2 2 6 1 663 2078 2076
626 2 2 6 1 2977 3041 1645
627 2 2 6 1 2945 2949 1998
628 2 2 6 1 926 3220 3095
629 2 2 6 1 1771 3205 2856
630 2 2 6 1 1954 3064 2913
631 2 2 6 1 1646 3167 1877
632 2 2 6 1 2637 3241 370
633 2 2 6 1 1005 3332 2591
634 2 2 6 1 2572 3088 2591
635 2 2 6 1 2012 2955 1446
636 2 2 6 1 390 3116 1831
637 2 2 6 1 2590 2591 2589
638 2 2 6 1 1407 3003 940
639 2 2 6 1 1200 1897 1201
640 2 2 6 1 795 2882 747
641 2 2 6 1 2936 3011 1649
642 2 2 6 1 3138 3165 1658
643 2 2 6 1 1627 2582 2581
644 2 2 6 1 2592 3088 3060
645 2 2 6 1 888 3230 728
646 2 2 6 1 1790 2090 1900
647 2 2 6 1 432 1898 838
648 2 2 6 1 3112 3229 1833
649 2 2 6 1 1719 3170 1830
650 2 2 6 1 405 2533 2528
651 2 2 6 1 174 2568 409
652 2 2 6 1 343 2568 175
653 2 2 6 1 1316 1900 1899
654 2 2 6 1 2919 3224 1765
655 2 2 6 1 1993 3210 1907
656 2 2 6 1 1845 1880 399
657 2 2 6 1 922 1921 753
658 2 2 6 1 1710 3229 3112
659 2 2 6 1 1851 1885 1412
660 2 2 6 1 738 1915 863
661 2 2 6 1 376 1939 11
662 2 2 6 1 1820 1892 711
663 2 2 6 1 1447 2038 1919
664 2 2 6 1 2199 3290 330
665 2 2 6 1 1910 3215 1830
666 2 2 6 1 1381 2004 1434
667 2 2 6 1 3089 3153 2161
668 2 2 6 1 340 2702 2111
669 2 2 6 1 1051 3174 2564
670 2 2 6 1 1834 2790 1793
671 2 2 6 1 2199 2215 2197
672 2 2 6 1 2581 2936 1627
673 2 2 6 1 423 1890 426
674 2 2 6 1 943 3112 1833
675 2 2 6 1 1799 1877 1820
676 2 2 6 1 1537 3083 2514
677 2 2 6 1 1889 1890 423
678 2 2 6 1 2564 3223 1051
679 2 2 6 1 2087 2091 2018
680 2 2 6 1 356 2943 2876
681 2 2 6 1 1833 3232 943
682 2 2 6 1 1974 3195 3061
683 2 2 6 1 3076 3167 1646
684 2 2 6 1 2552 3334 1865
685 2 2 6 1 1960 3016 1959
686 2 2 6 1 1159 2212 1161
687 2 2 6 1 3042 3047 273
688 2 2 6 1 1000 2590 998
689 2 2 6 1 241 3172 240
690 2 2 6 1 345 2846 2458
691 2 2 6 1 2007 2212 2008
692 2 2 6 1 1095 3122 2428
693 2 2 6 1 646 2054 477
694 2 2 6 1 1865 3264 2552
695 2 2 6 1 2085 2091 2087
696 2 2 6 1 1777 2953 1782
697 2 2 6 1 328 1908 1868
698 2 2 6 1 2514 3134 1537
699 2 2 6 1 2839 3124 1859
700 2 2 6 1 2111 2702 1825
701 2 2 6 1 1856 2992 710
702 2 2 6 1 42 1936 41
703 2 2 6 1 1848 2459 389
704 2 2 6 1 343 2570 2569
705 2 2 6 1 710 2949 2945
706 2 2 6 1 2013 2984 1664
707 2 2 6 1 2428 3166 1095
708 2 2 6 1 1942 3014 1941
709 2 2 6 1 479 2054 859
710 2 2 6 1 1619 1987 1986
711 2 2 6 1 839 1903 915
712 2 2 6 1 400 3275 2770
713 2 2 6 1 1349 3132 2492
714 2 2 6 1 1866 1961 328
715 2 2 6 1 2074 2089 2072
716 2 2 6 1 1316 1899 874
717 2 2 6 1 1570 2877 2654
718 2 2 6 1 1956 1985 382
719 2 2 6 1 2770 3253 400
720 2 2 6 1 2051 2059 2052
721 2 2 6 1 1077 3319 2522
722 2 2 6 1 1870 2954 888
723 2 2 6 1 2465 2642 2464
724 2 2 6 1 357 3090 2635
725 2 2 6 1 1807 3287 2985
726 2 2 6 1 1942 2876 1651
727 2 2 6 1 1903 1904 915
728 2 2 6 1 1882 3042 360
729 2 2 6 1 2492 3180 1349
730 2 2 6 1 3146 3162 941
731 2 2 6 1 1440 1926 1924
732 2 2 6 1 80 1990 403
733 2 2 6 1 341 1990 81
734 2 2 6 1 1907 3139 368
735 2 2 6 1 1544 3096 2486
736 2 2 6 1 1878 3097 1879
737 2 2 6 1 2182 3043 375
738 2 2 6 1 1834 3105 2790
739 2 2 6 1 2923 3100 1726
740 2 2 6 1 82 1994 341
741 2 2 6 1 402 1994 83
742 2 2 6 1 129 2169 128
743 2 2 6 1 23 1947 349
744 2 2 6 1 478 2079 663
745 2 2 6 1 495 2150 493
746 2 2 6 1 1095 3058 2425
747 2 2 6 1 885 2893 2880
748 2 2 6 1 422 1889 423
749 2 2 6 1 378 1889 422
750 2 2 6 1 1921 1971 1920
751 2 2 6 1 1168 2195 2193
752 2 2 6 1 2486 3154 1544
753 2 2 6 1 1434 2004 1437
754 2 2 6 1 1396 2855 1858
755 2 2 6 1 1821 3151 1822
756 2 2 6 1 1166 2522 2521
757 2 2 6 1 1047 3005 2576
758 2 2 6 1 258 1970 1969
759 2 2 6 1 40 2031 309
760 2 2 6 1 259 1970 258
761 2 2 6 1 2044 2109 890
762 2 2 6 1 359 1936 42
763 2 2 6 1 2926 2959 377
764 2 2 6 1 504 3102 3097
765 2 2 6 1 1431 3318 2008
766 2 2 6 1 1881 1983 420
767 2 2 6 1 1974 3061 1975
768 2 2 6 1 3283 3328 1895
769 2 2 6 1 2929 3162 3146
770 2 2 6 1 1806 3109 3049
771 2 2 6 1 21 1950 381
772 2 2 6 1 2425 3122 1095
773 2 2 6 1 1895 3328 1813
774 2 2 6 1 1947 1948 349
775 2 2 6 1 1944 3051 1632
776 2 2 6 1 3139 3172 368
777 2 2 6 1 353 2093 1927
778 2 2 6 1 1209 2976 1886
779 2 2 6 1 2985 3202 1807
780 2 2 6 1 888 1972 1870
781 2 2 6 1 343 2569 2568
782 2 2 6 1 764 1960 944
783 2 2 6 1 2059 2833 1331
784 2 2 6 1 3019 3071 2405
785 2 2 6 1 428 1898 432
786 2 2 6 1 1979 3136 3025
787 2 2 6 1 893 2933 1894
788 2 2 6 1 944 1959 1911
789 2 2 6 1 379 1997 1931
790 2 2 6 1 2968 2973 2030
791 2 2 6 1 1129 2196 1168
792 2 2 6 1 2520 2529 1166
793 2 2 6 1 2576 3066 1047
794 2 2 6 1 1312 2196 1127
795 2 2 6 1 1417 2855 1378
796 2 2 6 1 1619 1986 1985
797 2 2 6 1 1651 3014 1942
798 2 2 6 1 702 2115 1919
799 2 2 6 1 3120 3169 837
800 2 2 6 1 2035 3156 3030
801 2 2 6 1 1905 3082 1316
802 2 2 6 1 1801 3179 1800
803 2 2 6 1 3107 3147 111
804 2 2 6 1 1946 1947 24
805 2 2 6 1 1415 3002 1715
806 2 2 6 1 1950 1951 381
807 2 2 6 1 867 1905 868
808 2 2 6 1 1864 3006 1731
809 2 2 6 1 33 1978 350
810 2 2 6 1 420 2169 1881
811 2 2 6 1 747 2882 745
812 2 2 6 1 243 2026 1993
813 2 2 6 1 2893 3020 2880
814 2 2 6 1 2527 3199 2528
815 2 2 6 1 1932 3271 1725
816 2 2 6 1 1349 3075 2497
817 2 2 6 1 341 1994 1857
818 2 2 6 1 1433 1923 1720
819 2 2 6 1 2162 3222 3211
820 2 2 6 1 1893 1929 1608
821 2 2 6 1 1930 2882 795
822 2 2 6 1 2876 2943 1659
823 2 2 6 1 716 1972 718
824 2 2 6 1 1813 3328 1626
825 2 2 6 1 1987 2896 1169
826 2 2 6 1 1425 3339 2005
827 2 2 6 1 1847 1990 1846
828 2 2 6 1 444 2044 890
829 2 2 6 1 1899 1901 1209
830 2 2 6 1 3272 3318 2847
831 2 2 6 1 1946 2003 1947
832 2 2 6 1 240 3172 2960
833 2 2 6 1 2438 3265 2437
834 2 2 6 1 3043 3295 375
835 2 2 6 1 2053 3004 2049
836 2 2 6 1 2449 2450 1327
837 2 2 6 1 3211 3222 1290
838 2 2 6 1 753 1921 755
839 2 2 6 1 3208 3219 2474
840 2 2 6 1 808 1909 1205
841 2 2 6 1 1911 1962 944
842 2 2 6 1 1884 3263 1952
843 2 2 6 1 922 1971 1921
844 2 2 6 1 2497 3132 1349
845 2 2 6 1 1949 1951 1950
846 2 2 6 1 1547 3219 3208
847 2 2 6 1 2010 3318 3272
848 2 2 6 1 2438 3307 3265
849 2 2 6 1 831 2973 2968
850 2 2 6 1 2543 3085 1567
851 2 2 6 1 2066 2067 1458
852 2 2 6 1 3006 3067 1731
853 2 2 6 1 480 3338 2079
854 2 2 6 1 3263 3304 1952
855 2 2 6 1 2933 2958 1625
856 2 2 6 1 3060 3088 2572
857 2 2 6 1 493 2150 2133
858 2 2 6 1 881 1886 924
859 2 2 6 1 1941 3084 3051
860 2 2 6 1 358 1970 259
861 2 2 6 1 434 1885 435
862 2 2 6 1 1887 3080 350
863 2 2 6 1 2033 2034 806
864 2 2 6 1 188 2111 187
865 2 2 6 1 1977 1978 34
866 2 2 6 1 1230 2450 1228
867 2 2 6 1 305 1773 304
868 2 2 6 1 378 422 246
869 2 2 6 1 1803 2845 1926
870 2 2 6 1 1924 1925 1730
871 2 2 6 1 1174 1929 1387
872 2 2 6 1 704 1919 835
873 2 2 6 1 837 1932 450
874 2 2 6 1 1212 2984 2013
875 2 2 6 1 1619 2896 1987
876 2 2 6 1 2067 2068 1458
877 2 2 6 1 345 3325 2846
878 2 2 6 1 806 1979 744
879 2 2 6 1 824 1903 839
880 2 2 6 1 1978 1981 350
881 2 2 6 1 709 1922 716
882 2 2 6 1 1165 2091 2085
883 2 2 6 1 1883 3047 3042
884 2 2 6 1 1346 2642 2465
885 2 2 6 1 1815 3169 3120
886 2 2 6 1 1699 1955 1807
887 2 2 6 1 2064 3337 467
888 2 2 6 1 2000 3321 1425
889 2 2 6 1 381 1908 20
890 2 2 6 1 292 1802 291
891 2 2 6 1 1205 1918 829
892 2 2 6 1 25 1946 24
893 2 2 6 1 467 3302 2064
894 2 2 6 1 2075 3028 2081
895 2 2 6 1 1943 1944 355
896 2 2 6 1 300 1798 299
897 2 2 6 1 1005 2590 1000
898 2 2 6 1 1940 1941 380
899 2 2 6 1 1122 2203 1125
900 2 2 6 1 664 3028 2089
901 2 2 6 1 746 1979 1913
902 2 2 6 1 2793 3261 3021
903 2 2 6 1 3194 3198 2677
904 2 2 6 1 20 1908 19
905 2 2 6 1 2434 2440 2439
906 2 2 6 1 2198 3017 2200
907 2 2 6 1 2086 2089 2074
908 2 2 6 1 1168 2196 2195
909 2 2 6 1 431 3203 1898
910 2 2 6 1 1916 3279 1851
911 2 2 6 1 1896 3126 1744
912 2 2 6 1 2131 2940 2128
913 2 2 6 1 2088 3034 468
914 2 2 6 1 1444 2026 425
915 2 2 6 1 1918 3165 3138
916 2 2 6 1 2028 3029 1644
917 2 2 6 1 85 2119 84
918 2 2 6 1 816 1930 795
919 2 2 6 1 902 1200 925
920 2 2 6 1 423 426 425
921 2 2 6 1 1383 3228 2795
922 2 2 6 1 2029 2952 2030
923 2 2 6 1 1937 1939 376
924 2 2 6 1 396 3192 3163
925 2 2 6 1 431 1898 428
926 2 2 6 1 1863 3289 1790
927 2 2 6 1 2052 2054 646
928 2 2 6 1 1161 2212 1446
929 2 2 6 1 426 428 427
930 2 2 6 1 1940 1942 1941
931 2 2 6 1 998 2590 1043
932 2 2 6 1 1726 2907 1608
933 2 2 6 1 656 3041 2977
934 2 2 6 1 422 423 371
935 2 2 6 1 718 1972 888
936 2 2 6 1 1646 1672 1401
937 2 2 6 1 2072 2089 2075
938 2 2 6 1 1415 1715 1414
939 2 2 6 1 1387 1929 1893
940 2 2 6 1 2002 3074 1781
941 2 2 6 1 35 1977 34
942 2 2 6 1 802 1920 826
943 2 2 6 1 1438 1924 1730
944 2 2 6 1 425 2026 371
945 2 2 6 1 428 432 429
946 2 2 6 1 1413 1414 1412
947 2 2 6 1 654 2135 489
948 2 2 6 1 2569 2573 2567
949 2 2 6 1 2093 3254 1927
950 2 2 6 1 358 2001 1970
951 2 2 6 1 3228 3278 2795
952 2 2 6 1 1201 1634 1448
953 2 2 6 1 1454 1653 1455
954 2 2 6 1 1431 2212 1159
955 2 2 6 1 1900 3082 1790
956 2 2 6 1 867 3007 1905
957 2 2 6 1 242 1993 368
958 2 2 6 1 838 1412 434
959 2 2 6 1 1758 1759 773
960 2 2 6 1 736 1915 738
961 2 2 6 1 2193 2202 1168
962 2 2 6 1 2030 2952 1367
963 2 2 6 1 1781 3184 1862
964 2 2 6 1 379 1931 254
965 2 2 6 1 348 1957 1956
966 2 2 6 1 1421 1953 935
967 2 2 6 1 2963 2970 1294
968 2 2 6 1 1933 1936 359
969 2 2 6 1 19 1908 328
970 2 2 6 1 1081 2529 1083
971 2 2 6 1 877 1899 1209
972 2 2 6 1 2129 2135 654
973 2 2 6 1 695 902 697
974 2 2 6 1 2880 2931 885
975 2 2 6 1 868 1905 871
976 2 2 6 1 746 1913 748
977 2 2 6 1 326 2121 2120
978 2 2 6 1 1608 2907 1893
979 2 2 6 1 1413 1415 1414
980 2 2 6 1 1728 3158 1614
981 2 2 6 1 651 2150 495
982 2 2 6 1 804 1860 1758
983 2 2 6 1 1732 3154 2486
984 2 2 6 1 1200 1201 925
985 2 2 6 1 1889 1891 1890
986 2 2 6 1 28 1940 380
987 2 2 6 1 718 888 728
988 2 2 6 1 26 1943 355
989 2 2 6 1 348 1956 238
990 2 2 6 1 24 1947 23
991 2 2 6 1 899 1930 816
992 2 2 6 1 1824 2976 1794
993 2 2 6 1 1452 1454 1453
994 2 2 6 1 838 1413 1412
995 2 2 6 1 2467 3346 2468
996 2 2 6 1 1402 1646 1401
997 2 2 6 1 1881 2959 1642
998 2 2 6 1 1821 1822 791
999 2 2 6 1 1847 1992 1991
1000 2 2 6 1 871 1316 874
1001 2 2 6 1 1370 1401 1200
1002 2 2 6 1 1852 3149 1810
1003 2 2 6 1 2169 3249 128
1004 2 2 6 1 1900 1901 1899
1005 2 2 6 1 1894 2971 893
1006 2 2 6 1 382 2912 236
1007 2 2 6 1 2108 2931 2880
1008 2 2 6 1 1567 3300 2543
1009 2 2 6 1 3030 3156 2916
1010 2 2 6 1 1903 3205 1904
1011 2 2 6 1 1898 2987 838
1012 2 2 6 1 2449 3021 2451
1013 2 2 6 1 432 838 434
1014 2 2 6 1 826 1903 824
1015 2 2 6 1 1931 3037 351
1016 2 2 6 1 493 2133 491
1017 2 2 6 1 792 802 793
1018 2 2 6 1 1784 1785 804
1019 2 2 6 1 2066 2842 1284
1020 2 2 6 1 874 1899 877
1021 2 2 6 1 383 3329 1980
1022 2 2 6 1 893 2958 2933
1023 2 2 6 1 389 3291 1848
1024 2 2 6 1 1447 2115 925
1025 2 2 6 1 1914 1915 736
1026 2 2 6 1 1908 1984 1868
1027 2 2 6 1 1320 3036 1874
1028 2 2 6 1 902 925 697
1029 2 2 6 1 426 431 428
1030 2 2 6 1 1957 2883 1459
1031 2 2 6 1 1458 2842 2066
1032 2 2 6 1 432 434 433
1033 2 2 6 1 1303 2525 2524
1034 2 2 6 1 802 824 803
1035 2 2 6 1 2486 3200 1732
1036 2 2 6 1 462 3183 3140
1037 2 2 6 1 312 1965 1963
1038 2 2 6 1 22 1950 21
1039 2 2 6 1 2941 2975 2188
1040 2 2 6 1 871 1905 1316
1041 2 2 6 1 900 3160 3148
1042 2 2 6 1 356 2876 1942
1043 2 2 6 1 1437 2004 2003
1044 2 2 6 1 3025 3136 1770
1045 2 2 6 1 452 1932 693
1046 2 2 6 1 839 915 864
1047 2 2 6 1 1407 3259 3003
1048 2 2 6 1 1819 3147 3107
1049 2 2 6 1 1637 1733 1639
1050 2 2 6 1 333 3198 3194
1051 2 2 6 1 3149 3242 1810
1052 2 2 6 1 423 425 371
1053 2 2 6 1 1160 2895 1165
1054 2 2 6 1 312 1963 256
1055 2 2 6 1 258 1969 257
1056 2 2 6 1 1953 3111 1954
1057 2 2 6 1 2465 2878 1346
1058 2 2 6 1 2087 3244 2088
1059 2 2 6 1 50 2551 49
1060 2 2 6 1 1824 3336 1886
1061 2 2 6 1 1915 2988 863
1062 2 2 6 1 1454 1455 1453
1063 2 2 6 1 1634 1635 1448
1064 2 2 6 1 2438 2439 1239
1065 2 2 6 1 1464 3020 2893
1066 2 2 6 1 308 1758 773
1067 2 2 6 1 1536 2994 2991
1068 2 2 6 1 1738 3074 2002
1069 2 2 6 1 2131 3073 2083
1070 2 2 6 1 702 1919 704
1071 2 2 6 1 1429 3123 2024
1072 2 2 6 1 426 427 425
1073 2 2 6 1 732 926 734
1074 2 2 6 1 1733 1735 1734
1075 2 2 6 1 34 1978 33
1076 2 2 6 1 657 2940 2131
1077 2 2 6 1 1868 1984 1869
1078 2 2 6 1 1327 2450 1230
1079 2 2 6 1 804 1758 5
1080 2 2 6 1 704 835 706
1081 2 2 6 1 438 896 440
1082 2 2 6 1 1653 1892 1455
1083 2 2 6 1 1979 3025 1913
1084 2 2 6 1 773 1821 307
1085 2 2 6 1 1970 2001 1620
1086 2 2 6 1 1891 3086 2982
1087 2 2 6 1 2166 3201 2168
1088 2 2 6 1 1175 1929 1174
1089 2 2 6 1 428 429 427
1090 2 2 6 1 383 1974 1973
1091 2 2 6 1 306 1821 791
1092 2 2 6 1 1988 2012 310
1093 2 2 6 1 925 2115 697
1094 2 2 6 1 802 826 824
1095 2 2 6 1 716 718 717
1096 2 2 6 1 1329 2068 1597
1097 2 2 6 1 2049 2065 2046
1098 2 2 6 1 383 1973 37
1099 2 2 6 1 1893 2907 1894
1100 2 2 6 1 1726 3100 2930
1101 2 2 6 1 734 1914 736
1102 2 2 6 1 823 1862 303
1103 2 2 6 1 1299 3029 2028
1104 2 2 6 1 792 1920 802
1105 2 2 6 1 824 839 825
1106 2 2 6 1 323 2552 2551
1107 2 2 6 1 2198 2199 2197
1108 2 2 6 1 489 2135 487
1109 2 2 6 1 1314 3071 3019
1110 2 2 6 1 187 2111 399
1111 2 2 6 1 340 2111 188
1112 2 2 6 1 444 890 446
1113 2 2 6 1 663 2079 2078
1114 2 2 6 1 3003 3259 1949
1115 2 2 6 1 1799 1820 711
1116 2 2 6 1 285 1784 804
1117 2 2 6 1 1941 3051 380
1118 2 2 6 1 711 1917 295
1119 2 2 6 1 326 2120 2119
1120 2 2 6 1 2019 2866 1645
1121 2 2 6 1 830 1863 287
1122 2 2 6 1 790 1909 808
1123 2 2 6 1 1986 2912 382
1124 2 2 6 1 1645 3041 2019
1125 2 2 6 1 294 1917 1850
1126 2 2 6 1 1982 1998 1343
1127 2 2 6 1 686 1877 1799
1128 2 2 6 1 718 728 719
1129 2 2 6 1 926 1914 734
1130 2 2 6 1 2937 2944 1841
1131 2 2 6 1 435 438 437
1132 2 2 6 1 245 422 371
1133 2 2 6 1 3163 3192 1805
1134 2 2 6 1 356 1942 1940
1135 2 2 6 1 1401 1897 1200
1136 2 2 6 1 1438 1730 1435
1137 2 2 6 1 884 2175 2173
1138 2 2 6 1 8 1862 720
1139 2 2 6 1 781 1962 1432
1140 2 2 6 1 1178 2935 2909
1141 2 2 6 1 877 1209 879
1142 2 2 6 1 231 2009 339
1143 2 2 6 1 293 1850 430
1144 2 2 6 1 2450 2813 1228
1145 2 2 6 1 2088 3244 3034
1146 2 2 6 1 1953 1954 1698
1147 2 2 6 1 1440 1924 1438
1148 2 2 6 1 448 837 450
1149 2 2 6 1 1255 2110 1257
1150 2 2 6 1 1632 3024 1944
1151 2 2 6 1 301 2910 707
1152 2 2 6 1 1920 2856 826
1153 2 2 6 1 114 3193 1888
1154 2 2 6 1 721 1801 1800
1155 2 2 6 1 1125 2203 1312
1156 2 2 6 1 744 1979 746
1157 2 2 6 1 1121 2203 1122
1158 2 2 6 1 896 1452 1451
1159 2 2 6 1 1963 1965 1964
1160 2 2 6 1 1965 1966 1964
1161 2 2 6 1 720 2910 302
1162 2 2 6 1 1808 3063 1624
1163 2 2 6 1 2546 3072 2547
1164 2 2 6 1 70 3126 1896
1165 2 2 6 1 1458 2068 1329
1166 2 2 6 1 1948 1949 349
1167 2 2 6 1 1966 3030 2916
1168 2 2 6 1 1433 1720 1380
1169 2 2 6 1 326 2119 85
1170 2 2 6 1 84 2119 402
1171 2 2 6 1 944 1960 1959
1172 2 2 6 1 802 803 793
1173 2 2 6 1 1874 1999 1445
1174 2 2 6 1 3021 3261 2440
1175 2 2 6 1 1877 3167 1820
1176 2 2 6 1 1654 3279 1916
1177 2 2 6 1 654 2132 2129
1178 2 2 6 1 1043 2589 2588
1179 2 2 6 1 781 1432 790
1180 2 2 6 1 296 1799 711
1181 2 2 6 1 1793 2790 1796
1182 2 2 6 1 1452 1453 1451
1183 2 2 6 1 2008 2010 2009
1184 2 2 6 1 881 924 923
1185 2 2 6 1 1991 2863 403
1186 2 2 6 1 1454 1654 1653
1187 2 2 6 1 1345 1982 1343
1188 2 2 6 1 286 1863 1784
1189 2 2 6 1 1461 1803 1442
1190 2 2 6 1 839 864 840
1191 2 2 6 1 432 433 429
1192 2 2 6 1 1327 3021 2449
1193 2 2 6 1 1985 1986 382
1194 2 2 6 1 381 1984 1908
1195 2 2 6 1 911 1998 891
1196 2 2 6 1 1944 1945 355
1197 2 2 6 1 402 2119 1996
1198 2 2 6 1 686 1799 7
1199 2 2 6 1 1369 1726 1608
1200 2 2 6 1 2929 3259 3162
1201 2 2 6 1 1980 3268 383
1202 2 2 6 1 2000 3124 1288
1203 2 2 6 1 1455 1892 1630
1204 2 2 6 1 288 1791 830
1205 2 2 6 1 1931 3347 3037
1206 2 2 6 1 359 2154 1933
1207 2 2 6 1 2585 3101 3056
1208 2 2 6 1 1981 3296 1430
1209 2 2 6 1 1432 1962 1911
1210 2 2 6 1 450 1932 452
1211 2 2 6 1 2048 2062 2061
1212 2 2 6 1 728 730 729
1213 2 2 6 1 902 1370 1200
1214 2 2 6 1 473 3004 2053
1215 2 2 6 1 1973 1975 346
1216 2 2 6 1 2106 2107 1289
1217 2 2 6 1 896 1451 440
1218 2 2 6 1 1649 3011 2547
1219 2 2 6 1 297 1800 686
1220 2 2 6 1 751 922 753
1221 2 2 6 1 738 863 740
1222 2 2 6 1 3161 3305 1339
1223 2 2 6 1 1435 1923 1433
1224 2 2 6 1 1312 2203 2198
1225 2 2 6 1 1432 1909 790
1226 2 2 6 1 253 1931 351
1227 2 2 6 1 2171 2901 2173
1228 2 2 6 1 1939 2980 10
1229 2 2 6 1 1165 2895 2091
1230 2 2 6 1 1732 3200 2488
1231 2 2 6 1 2574 3314 2573
1232 2 2 6 1 247 378 246
1233 2 2 6 1 245 371 244
1234 2 2 6 1 310 2912 1988
1235 2 2 6 1 1375 1953 1698
1236 2 2 6 1 1543 3185 2516
1237 2 2 6 1 742 2033 806
1238 2 2 6 1 721 1800 298
1239 2 2 6 1 693 695 694
1240 2 2 6 1 1131 2202 1133
1241 2 2 6 1 1083 2529 1364
1242 2 2 6 1 1166 2529 1081
1243 2 2 6 1 1975 1976 346
1244 2 2 6 1 2951 3235 2153
1245 2 2 6 1 2083 3315 2131
1246 2 2 6 1 2015 2866 2019
1247 2 2 6 1 2107 2110 1289
1248 2 2 6 1 2134 2972 2909
1249 2 2 6 1 1432 1910 1909
1250 2 2 6 1 2573 3314 2871
1251 2 2 6 1 1338 1369 1337
1252 2 2 6 1 1343 1998 911
1253 2 2 6 1 2165 2550 2167
1254 2 2 6 1 1951 1984 381
1255 2 2 6 1 3045 3087 1666
1256 2 2 6 1 3125 3343 1925
1257 2 2 6 1 693 2911 695
1258 2 2 6 1 250 369 249
1259 2 2 6 1 835 1922 706
1260 2 2 6 1 1837 2879 1836
1261 2 2 6 1 829 1918 909
1262 2 2 6 1 243 1993 242
1263 2 2 6 1 376 2898 1937
1264 2 2 6 1 356 1940 29
1265 2 2 6 1 369 3345 1875
1266 2 2 6 1 909 1421 935
1267 2 2 6 1 1886 3336 924
1268 2 2 6 1 380 1943 27
1269 2 2 6 1 1947 2003 1948
1270 2 2 6 1 748 1913 751
1271 2 2 6 1 755 1921 792
1272 2 2 6 1 438 440 439
1273 2 2 6 1 935 1953 1375
1274 2 2 6 1 2009 2010 339
1275 2 2 6 1 491 2133 654
1276 2 2 6 1 2106 2177 2102
1277 2 2 6 1 242 368 241
1278 2 2 6 1 2570 2571 2569
1279 2 2 6 1 1963 1964 379
1280 2 2 6 1 434 435 433
1281 2 2 6 1 387 3354 1961
1282 2 2 6 1 3048 3094 1139
1283 2 2 6 1 351 3037 2932
1284 2 2 6 1 406 2550 2165
1285 2 2 6 1 1464 2893 2892
1286 2 2 6 1 2488 3246 1732
1287 2 2 6 1 909 1918 1421
1288 2 2 6 1 1273 2060 1284
1289 2 2 6 1 2546 3131 3072
1290 2 2 6 1 2471 3188 1707
1291 2 2 6 1 1370 1402 1401
1292 2 2 6 1 2048 2061 2060
1293 2 2 6 1 3188 3282 1748
1294 2 2 6 1 3051 3084 1632
1295 2 2 6 1 824 825 803
1296 2 2 6 1 232 2009 231
1297 2 2 6 1 709 716 715
1298 2 2 6 1 424 1834 6
1299 2 2 6 1 452 693 483
1300 2 2 6 1 237 1956 382
1301 2 2 6 1 253 351 252
1302 2 2 6 1 31 3080 2943
1303 2 2 6 1 808 1205 829
1304 2 2 6 1 755 792 763
1305 2 2 6 1 1369 1608 1337
1306 2 2 6 1 255 1963 379
1307 2 2 6 1 1876 3345 251
1308 2 2 6 1 2068 2069 1597
1309 2 2 6 1 355 1946 25
1310 2 2 6 1 346 1977 35
1311 2 2 6 1 435 1885 438
1312 2 2 6 1 792 793 763
1313 2 2 6 1 49 2551 2550
1314 2 2 6 1 2006 2007 385
1315 2 2 6 1 1668 2884 2101
1316 2 2 6 1 695 697 696
1317 2 2 6 1 1855 1856 1660
1318 2 2 6 1 1445 1999 1287
1319 2 2 6 1 323 2551 50
1320 2 2 6 1 873 1792 1791
1321 2 2 6 1 2201 3142 219
1322 2 2 6 1 1916 3255 1654
1323 2 2 6 1 239 348 238
1324 2 2 6 1 2522 2523 2521
1325 2 2 6 1 2003 2004 1948
1326 2 2 6 1 2036 2037 1710
1327 2 2 6 1 233 2006 385
1328 2 2 6 1 1271 2060 1273
1329 2 2 6 1 153 3283 1895
1330 2 2 6 1 311 2023 2022
1331 2 2 6 1 1201 1448 1447
1332 2 2 6 1 730 732 731
1333 2 2 6 1 1698 1955 1699
1334 2 2 6 1 36 1973 346
1335 2 2 6 1 1699 1807 1740
1336 2 2 6 1 2061 2066 1284
1337 2 2 6 1 311 2022 275
1338 2 2 6 1 1730 1923 1435
1339 2 2 6 1 658 2103 2101
1340 2 2 6 1 2547 3072 1649
1341 2 2 6 1 2071 2084 2074
1342 2 2 6 1 1198 3166 2428
1343 2 2 6 1 1750 1980 1838
1344 2 2 6 1 1424 2005 1855
1345 2 2 6 1 658 2104 2103
1346 2 2 6 1 1319 2036 1710
1347 2 2 6 1 30 356 29
1348 2 2 6 1 28 380 27
1349 2 2 6 1 751 753 752
1350 2 2 6 1 1764 2919 1765
1351 2 2 6 1 1414 1916 1851
1352 2 2 6 1 26 355 25
1353 2 2 6 1 784 2810 778
1354 2 2 6 1 1424 1660 1379
1355 2 2 6 1 255 379 254
1356 2 2 6 1 1943 3051 1944
1357 2 2 6 1 1715 1916 1414
1358 2 2 6 1 406 2165 2163
1359 2 2 6 1 884 2868 2175
1360 2 2 6 1 1257 2110 1339
1361 2 2 6 1 1733 1734 1639
1362 2 2 6 1 1209 1886 879
1363 2 2 6 1 33 350 32
1364 2 2 6 1 2084 2085 2074
1365 2 2 6 1 2529 2802 1364
1366 2 2 6 1 1893 1894 1667
1367 2 2 6 1 2520 2802 2529
1368 2 2 6 1 2173 2901 884
1369 2 2 6 1 1416 1610 1415
1370 2 2 6 1 817 2108 910
1371 2 2 6 1 1289 2177 2106
1372 2 2 6 1 23 349 22
1373 2 2 6 1 1414 1851 1412
1374 2 2 6 1 496 2116 661
1375 2 2 6 1 431 3277 3203
1376 2 2 6 1 1289 2110 1255
1377 2 2 6 1 1966 1967 1964
1378 2 2 6 1 1982 2945 1998
1379 2 2 6 1 771 1962 781
1380 2 2 6 1 2046 2065 2048
1381 2 2 6 1 1911 1912 1910
1382 2 2 6 1 36 346 35
1383 2 2 6 1 1883 3042 1882
1384 2 2 6 1 1375 1698 1697
1385 2 2 6 1 1958 2926 377
1386 2 2 6 1 778 2810 1600
1387 2 2 6 1 661 2116 2027
1388 2 2 6 1 1387 1667 1622
1389 2 2 6 1 1923 3348 1720
1390 2 2 6 1 2916 3330 1966
1391 2 2 6 1 1733 3344 1735
1392 2 2 6 1 1910 3170 1909
1393 2 2 6 1 1174 1387 1386
1394 2 2 6 1 1168 2202 1131
1395 2 2 6 1 2201 3290 2199
1396 2 2 6 1 2204 2816 2021
1397 2 2 6 1 1803 3216 2845
1398 2 2 6 1 1424 1855 1660
1399 2 2 6 1 1380 1930 899
1400 2 2 6 1 1974 1975 1973
1401 2 2 6 1 651 2816 2204
1402 2 2 6 1 1165 2085 2084
1403 2 2 6 1 257 1969 312
1404 2 2 6 1 1958 3054 1823
1405 2 2 6 1 2203 3017 2198
1406 2 2 6 1 1925 3343 1730
1407 2 2 6 1 21 381 20
1408 2 2 6 1 873 1791 289
1409 2 2 6 1 349 1950 22
1410 2 2 6 1 246 422 245
1411 2 2 6 1 1434 1435 1433
1412 2 2 6 1 2060 2061 1284
1413 2 2 6 1 2006 2012 2007
1414 2 2 6 1 1170 1172 1171
1415 2 2 6 1 2579 3171 1709
1416 2 2 6 1 2568 2569 2567
1417 2 2 6 1 781 790 789
1418 2 2 6 1 2029 2030 1633
1419 2 2 6 1 660 3244 3218
1420 2 2 6 1 1436 1438 1435
1421 2 2 6 1 944 1962 767
1422 2 2 6 1 3140 3183 2020
1423 2 2 6 1 732 734 733
1424 2 2 6 1 1173 1174 1172
1425 2 2 6 1 1381 1433 1380
1426 2 2 6 1 237 382 236
1427 2 2 6 1 902 2911 1370
1428 2 2 6 1 2503 2970 2963
1429 2 2 6 1 2150 2972 2134
1430 2 2 6 1 257 312 256
1431 2 2 6 1 1346 2878 2640
1432 2 2 6 1 864 867 865
1433 2 2 6 1 1364 2802 2416
1434 2 2 6 1 2961 3032 1541
1435 2 2 6 1 707 3209 1798
1436 2 2 6 1 3148 3160 2176
1437 2 2 6 1 718 719 717
1438 2 2 6 1 19 328 18
1439 2 2 6 1 1664 2984 1663
1440 2 2 6 1 2021 2816 858
1441 2 2 6 1 318 2158 2157
1442 2 2 6 1 1336 1337 1175
1443 2 2 6 1 2588 2924 1043
1444 2 2 6 1 1954 1955 1698
1445 2 2 6 1 803 2890 793
1446 2 2 6 1 1387 1893 1667
1447 2 2 6 1 716 717 715
1448 2 2 6 1 2113 2864 2112
1449 2 2 6 1 1301 2975 2941
1450 2 2 6 1 350 3324 1887
1451 2 2 6 1 1206 2029 1633
1452 2 2 6 1 2163 2183 406
1453 2 2 6 1 2027 2117 661
1454 2 2 6 1 858 2040 2021
1455 2 2 6 1 290 1834 873
1456 2 2 6 1 1338 1621 1369
1457 2 2 6 1 1840 2031 1842
1458 2 2 6 1 2101 2884 658
1459 2 2 6 1 751 1913 922
1460 2 2 6 1 438 439 437
1461 2 2 6 1 1901 2976 1209
1462 2 2 6 1 1169 1170 1164
1463 2 2 6 1 1287 1999 1288
1464 2 2 6 1 1988 2912 1986
1465 2 2 6 1 1978 3296 1981
1466 2 2 6 1 702 704 703
1467 2 2 6 1 943 2811 2810
1468 2 2 6 1 1277 1282 1278
1469 2 2 6 1 839 840 825
1470 2 2 6 1 38 383 37
1471 2 2 6 1 1278 2839 1280
1472 2 2 6 1 1954 3111 3064
1473 2 2 6 1 887 2890 803
1474 2 2 6 1 1379 1982 1345
1475 2 2 6 1 1657 3097 1878
1476 2 2 6 1 1174 1386 1172
1477 2 2 6 1 494 2116 496
1478 2 2 6 1 1624 3000 1621
1479 2 2 6 1 638 2170 510
1480 2 2 6 1 858 2798 2040
1481 2 2 6 1 767 1962 771
1482 2 2 6 1 1856 2945 1660
1483 2 2 6 1 730 3230 3078
1484 2 2 6 1 2094 2874 2096
1485 2 2 6 1 2062 2063 2061
1486 2 2 6 1 1657 1874 1445
1487 2 2 6 1 1051 3128 2558
1488 2 2 6 1 1281 2944 2937
1489 2 2 6 1 2040 2798 2042
1490 2 2 6 1 2099 2170 638
1491 2 2 6 1 787 2032 809
1492 2 2 6 1 734 736 735
1493 2 2 6 1 706 1922 709
1494 2 2 6 1 748 751 750
1495 2 2 6 1 318 2157 2156
1496 2 2 6 1 1286 1287 1282
1497 2 2 6 1 1635 1637 1636
1498 2 2 6 1 310 2012 2006
1499 2 2 6 1 940 1380 899
1500 2 2 6 1 1329 1445 1287
1501 2 2 6 1 1735 1736 1734
1502 2 2 6 1 238 1956 237
1503 2 2 6 1 254 1931 253
1504 2 2 6 1 2045 2060 1271
1505 2 2 6 1 1170 1171 1164
1506 2 2 6 1 938 2837 883
1507 2 2 6 1 790 808 807
1508 2 2 6 1 29 1940 28
1509 2 2 6 1 498 2118 500
1510 2 2 6 1 1275 1277 1276
1511 2 2 6 1 1774 1775 823
1512 2 2 6 1 3006 3334 323
1513 2 2 6 1 2081 3028 474
1514 2 2 6 1 2152 3237 1882
1515 2 2 6 1 27 1943 26
1516 2 2 6 1 326 2122 2121
1517 2 2 6 1 2042 2798 650
1518 2 2 6 1 1994 1995 1857
1519 2 2 6 1 1869 2036 1420
1520 2 2 6 1 631 2214 516
1521 2 2 6 1 2793 3021 1327
1522 2 2 6 1 1999 2000 1288
1523 2 2 6 1 310 2006 234
1524 2 2 6 1 1287 1288 1282
1525 2 2 6 1 1337 1929 1175
1526 2 2 6 1 1992 3310 1518
1527 2 2 6 1 2148 2214 631
1528 2 2 6 1 1611 1612 1610
1529 2 2 6 1 1822 2953 791
1530 2 2 6 1 1341 2108 1650
1531 2 2 6 1 1894 2933 1667
1532 2 2 6 1 1155 2084 2071
1533 2 2 6 1 2160 2161 2159
1534 2 2 6 1 650 2094 2042
1535 2 2 6 1 2024 3047 1883
1536 2 2 6 1 1597 1657 1445
1537 2 2 6 1 1439 1440 1438
1538 2 2 6 1 910 2108 1341
1539 2 2 6 1 1660 1982 1379
1540 2 2 6 1 312 1968 1965
1541 2 2 6 1 438 1885 896
1542 2 2 6 1 2909 2935 2134
1543 2 2 6 1 2831 2862 2208
1544 2 2 6 1 1043 2590 2589
1545 2 2 6 1 698 2115 702
1546 2 2 6 1 2011 2137 2136
1547 2 2 6 1 2058 3305 3161
1548 2 2 6 1 1658 3165 1719
1549 2 2 6 1 2022 2025 384
1550 2 2 6 1 2516 3252 1543
1551 2 2 6 1 2128 2940 2135
1552 2 2 6 1 698 702 700
1553 2 2 6 1 1341 1650 1428
1554 2 2 6 1 313 3294 1880
1555 2 2 6 1 728 729 719
1556 2 2 6 1 1672 1897 1401
1557 2 2 6 1 448 3120 837
1558 2 2 6 1 1927 3254 1928
1559 2 2 6 1 1842 2031 1936
1560 2 2 6 1 1303 2526 2525
1561 2 2 6 1 1336 1338 1337
1562 2 2 6 1 1621 2923 1369
1563 2 2 6 1 371 2026 244
1564 2 2 6 1 318 2156 45
1565 2 2 6 1 1432 1911 1910
1566 2 2 6 1 1420 2036 1319
1567 2 2 6 1 40 309 39
1568 2 2 6 1 235 310 234
1569 2 2 6 1 1387 1622 1386
1570 2 2 6 1 704 706 705
1571 2 2 6 1 2550 2551 2167
1572 2 2 6 1 2063 2067 2066
1573 2 2 6 1 2143 2869 2145
1574 2 2 6 1 256 1963 255
1575 2 2 6 1 385 2009 232
1576 2 2 6 1 2103 2106 2102
1577 2 2 6 1 758 3016 1960
1578 2 2 6 1 274 311 275
1579 2 2 6 1 2063 2066 2061
1580 2 2 6 1 219 3290 2201
1581 2 2 6 1 1917 3335 1850
1582 2 2 6 1 339 2136 230
1583 2 2 6 1 1269 2045 1271
1584 2 2 6 1 1964 1997 379
1585 2 2 6 1 2054 2055 859
1586 2 2 6 1 2015 2019 2017
1587 2 2 6 1 1173 1175 1174
1588 2 2 6 1 1206 1633 1208
1589 2 2 6 1 892 943 814
1590 2 2 6 1 1277 1286 1282
1591 2 2 6 1 764 944 767
1592 2 2 6 1 2218 2957 373
1593 2 2 6 1 1987 2955 1988
1594 2 2 6 1 1987 1988 1986
1595 2 2 6 1 1163 1164 1162
1596 2 2 6 1 276 2022 384
1597 2 2 6 1 1319 1710 907
1598 2 2 6 1 2024 3123 2023
1599 2 2 6 1 1643 2113 2112
1600 2 2 6 1 903 3287 2913
1601 2 2 6 1 2522 3319 2524
1602 2 2 6 1 37 1973 36
1603 2 2 6 1 45 2156 44
1604 2 2 6 1 736 738 737
1605 2 2 6 1 2092 2830 2077
1606 2 2 6 1 510 2170 508
1607 2 2 6 1 1396 1424 1379
1608 2 2 6 1 3218 3244 2018
1609 2 2 6 1 751 752 750
1610 2 2 6 1 318 2183 2158
1611 2 2 6 1 2157 2160 2159
1612 2 2 6 1 2198 2200 2199
1613 2 2 6 1 649 2253 527
1614 2 2 6 1 2011 2136 339
1615 2 2 6 1 15 2070 354
1616 2 2 6 1 927 2029 1206
1617 2 2 6 1 2471 3282 3188
1618 2 2 6 1 1720 1930 1380
1619 2 2 6 1 1989 3260 2646
1620 2 2 6 1 2196 2197 2195
1621 2 2 6 1 809 2032 927
1622 2 2 6 1 1005 2591 2590
1623 2 2 6 1 1277 1278 1276
1624 2 2 6 1 1170 1173 1172
1625 2 2 6 1 1383 3180 2492
1626 2 2 6 1 1698 1699 1697
1627 2 2 6 1 863 2033 740
1628 2 2 6 1 922 3025 1971
1629 2 2 6 1 343 2920 2570
1630 2 2 6 1 1606 2005 1424
1631 2 2 6 1 488 2104 490
1632 2 2 6 1 883 2837 862
1633 2 2 6 1 817 2931 2108
1634 2 2 6 1 638 2143 2099
1635 2 2 6 1 17 387 16
1636 2 2 6 1 1441 1442 1440
1637 2 2 6 1 352 3263 1884
1638 2 2 6 1 505 2210 507
1639 2 2 6 1 650 2874 2094
1640 2 2 6 1 2437 3265 1246
1641 2 2 6 1 43 2114 359
1642 2 2 6 1 1161 1162 1160
1643 2 2 6 1 1273 1275 1274
1644 2 2 6 1 742 806 744
1645 2 2 6 1 2549 3131 2546
1646 2 2 6 1 2558 3174 1051
1647 2 2 6 1 233 385 232
1648 2 2 6 1 490 2104 658
1649 2 2 6 1 2085 2087 2086
1650 2 2 6 1 2085 2086 2074
1651 2 2 6 1 2810 2811 1600
1652 2 2 6 1 1208 2035 1372
1653 2 2 6 1 2991 2994 1995
1654 2 2 6 1 1134 2125 1177
1655 2 2 6 1 2037 3146 941
1656 2 2 6 1 2795 3278 3017
1657 2 2 6 1 1286 1329 1287
1658 2 2 6 1 1142 2830 2092
1659 2 2 6 1 2173 2175 2174
1660 2 2 6 1 1370 2911 1725
1661 2 2 6 1 1595 2905 1872
1662 2 2 6 1 278 2093 353
1663 2 2 6 1 1633 2035 1208
1664 2 2 6 1 836 2112 815
1665 2 2 6 1 2125 2126 1177
1666 2 2 6 1 693 694 483
1667 2 2 6 1 227 2139 335
1668 2 2 6 1 2833 2859 1265
1669 2 2 6 1 814 2810 784
1670 2 2 6 1 2019 2020 2017
1671 2 2 6 1 1996 2991 1995
1672 2 2 6 1 2151 2152 360
1673 2 2 6 1 661 2118 498
1674 2 2 6 1 1818 2028 1644
1675 2 2 6 1 311 2024 2023
1676 2 2 6 1 868 871 870
1677 2 2 6 1 918 2888 1595
1678 2 2 6 1 1386 2866 1172
1679 2 2 6 1 2138 2140 2139
1680 2 2 6 1 2158 2183 2163
1681 2 2 6 1 1277 2842 1286
1682 2 2 6 1 2246 2854 2248
1683 2 2 6 1 1868 1869 1420
1684 2 2 6 1 2118 2862 2831
1685 2 2 6 1 1643 2112 917
1686 2 2 6 1 387 2070 16
1687 2 2 6 1 927 2032 2029
1688 2 2 6 1 829 909 886
1689 2 2 6 1 890 3120 446
1690 2 2 6 1 1271 1273 1272
1691 2 2 6 1 2139 2140 335
1692 2 2 6 1 87 2122 86
1693 2 2 6 1 516 2214 514
1694 2 2 6 1 2071 2072 1167
1695 2 2 6 1 871 874 872
1696 2 2 6 1 2113 2887 2864
1697 2 2 6 1 2023 2025 2022
1698 2 2 6 1 441 2044 444
1699 2 2 6 1 2079 2080 2078
1700 2 2 6 1 1160 1165 1158
1701 2 2 6 1 3157 3184 3074
1702 2 2 6 1 787 2832 2032
1703 2 2 6 1 1378 1379 1345
1704 2 2 6 1 1455 1630 1629
1705 2 2 6 1 86 2122 326
1706 2 2 6 1 2818 2852 2222
1707 2 2 6 1 1273 1284 1275
1708 2 2 6 1 2158 2160 2157
1709 2 2 6 1 1928 2013 1664
1710 2 2 6 1 1159 1160 1158
1711 2 2 6 1 47 2183 46
1712 2 2 6 1 1329 1597 1445
1713 2 2 6 1 1275 1276 1274
1714 2 2 6 1 526 2253 2240
1715 2 2 6 1 2227 3295 1755
1716 2 2 6 1 1153 2071 1167
1717 2 2 6 1 2062 2064 2063
1718 2 2 6 1 1269 1271 1270
1719 2 2 6 1 1662 1663 1392
1720 2 2 6 1 2570 2572 2571
1721 2 2 6 1 2571 2573 2569
1722 2 2 6 1 631 2235 2148
1723 2 2 6 1 2007 2008 385
1724 2 2 6 1 1285 2045 1269
1725 2 2 6 1 2010 2011 339
1726 2 2 6 1 766 2868 770
1727 2 2 6 1 2448 2813 2450
1728 2 2 6 1 2071 2074 2072
1729 2 2 6 1 276 384 277
1730 2 2 6 1 2208 2209 665
1731 2 2 6 1 775 2832 777
1732 2 2 6 1 2179 2205 2130
1733 2 2 6 1 275 2022 276
1734 2 2 6 1 271 2151 360
1735 2 2 6 1 790 807 789
1736 2 2 6 1 2046 2048 2045
1737 2 2 6 1 244 2026 243
1738 2 2 6 1 2048 2060 2045
1739 2 2 6 1 2252 2253 649
1740 2 2 6 1 1967 1997 1964
1741 2 2 6 1 1164 2014 1162
1742 2 2 6 1 631 2788 2235
1743 2 2 6 1 654 2133 2132
1744 2 2 6 1 1162 2895 1160
1745 2 2 6 1 3033 3050 1399
1746 2 2 6 1 1347 1643 917
1747 2 2 6 1 1040 3137 2540
1748 2 2 6 1 2235 2788 2237
1749 2 2 6 1 665 2831 2208
1750 2 2 6 1 2522 2524 2523
1751 2 2 6 1 1464 2892 1461
1752 2 2 6 1 2241 2252 2248
1753 2 2 6 1 730 731 729
1754 2 2 6 1 234 2006 233
1755 2 2 6 1 2118 2831 500
1756 2 2 6 1 231 339 230
1757 2 2 6 1 43 359 42
1758 2 2 6 1 1157 1158 1155
1759 2 2 6 1 384 2093 277
1760 2 2 6 1 1286 2842 1458
1761 2 2 6 1 1911 1959 1912
1762 2 2 6 1 917 2112 836
1763 2 2 6 1 2087 2088 2086
1764 2 2 6 1 638 2869 2143
1765 2 2 6 1 2237 2801 2240
1766 2 2 6 1 2788 2801 2237
1767 2 2 6 1 1171 2015 2014
1768 2 2 6 1 1267 1269 1268
1769 2 2 6 1 1600 2894 2870
1770 2 2 6 1 1155 2071 1153
1771 2 2 6 1 1154 1155 1153
1772 2 2 6 1 2492 3228 1383
1773 2 2 6 1 2240 2801 526
1774 2 2 6 1 2897 2917 1647
1775 2 2 6 1 1339 2178 1259
1776 2 2 6 1 2192 2202 2193
1777 2 2 6 1 1163 1169 1164
1778 2 2 6 1 2241 2253 2252
1779 2 2 6 1 2215 2220 2194
1780 2 2 6 1 527 2253 526
1781 2 2 6 1 2051 2859 2833
1782 2 2 6 1 260 358 259
1783 2 2 6 1 1284 2842 1275
1784 2 2 6 1 2878 2963 2640
1785 2 2 6 1 1273 1274 1272
1786 2 2 6 1 665 2210 505
1787 2 2 6 1 1265 1267 1266
1788 2 2 6 1 228 2139 227
1789 2 2 6 1 2027 2242 2117
1790 2 2 6 1 2416 2946 1364
1791 2 2 6 1 1864 3334 3006
1792 2 2 6 1 1443 1461 1442
1793 2 2 6 1 1161 1163 1162
1794 2 2 6 1 1271 1272 1270
1795 2 2 6 1 2202 2899 1133
1796 2 2 6 1 1152 1153 1144
1797 2 2 6 1 2104 2105 2103
1798 2 2 6 1 864 3298 867
1799 2 2 6 1 2116 2884 1668
1800 2 2 6 1 1877 3286 1646
1801 2 2 6 1 1267 1285 1269
1802 2 2 6 1 2048 2065 2062
1803 2 2 6 1 1153 1167 1144
1804 2 2 6 1 909 935 933
1805 2 2 6 1 1263 1265 1264
1806 2 2 6 1 1285 2046 2045
1807 2 2 6 1 1140 2092 1176
1808 2 2 6 1 511 2224 513
1809 2 2 6 1 1662 1664 1663
1810 2 2 6 1 2114 2154 359
1811 2 2 6 1 1951 3259 2929
1812 2 2 6 1 1269 1270 1268
1813 2 2 6 1 2870 2894 889
1814 2 2 6 1 1645 2866 1386
1815 2 2 6 1 2210 2818 507
1816 2 2 6 1 1888 3281 114
1817 2 2 6 1 2248 2854 2241
1818 2 2 6 1 1159 1161 1160
1819 2 2 6 1 2171 2172 1328
1820 2 2 6 1 2210 2852 2818
1821 2 2 6 1 1347 1644 1643
1822 2 2 6 1 1143 1144 1142
1823 2 2 6 1 2117 2118 661
1824 2 2 6 1 2136 2137 386
1825 2 2 6 1 281 2182 375
1826 2 2 6 1 885 3023 2893
1827 2 2 6 1 2532 3012 2427
1828 2 2 6 1 2448 2928 2813
1829 2 2 6 1 1141 1142 1140
1830 2 2 6 1 435 437 436
1831 2 2 6 1 2177 2180 2102
1832 2 2 6 1 406 2183 47
1833 2 2 6 1 46 2183 318
1834 2 2 6 1 2188 2190 2189
1835 2 2 6 1 738 740 739
1836 2 2 6 1 1392 2837 938
1837 2 2 6 1 1261 1263 1262
1838 2 2 6 1 2122 2123 2121
1839 2 2 6 1 1142 2092 1140
1840 2 2 6 1 1136 2125 1134
1841 2 2 6 1 224 2189 362
1842 2 2 6 1 2195 2215 2194
1843 2 2 6 1 271 360 272
1844 2 2 6 1 1267 1268 1266
1845 2 2 6 1 799 2901 2171
1846 2 2 6 1 373 2153 269
1847 2 2 6 1 44 2156 2114
1848 2 2 6 1 1798 1861 1826
1849 2 2 6 1 801 2171 1328
1850 2 2 6 1 2800 2836 2230
1851 2 2 6 1 270 2151 271
1852 2 2 6 1 1154 1157 1155
1853 2 2 6 1 2189 2190 362
1854 2 2 6 1 1720 3108 2882
1855 2 2 6 1 1265 1266 1264
1856 2 2 6 1 2204 2972 651
1857 2 2 6 1 2526 2527 2525
1858 2 2 6 1 44 2114 43
1859 2 2 6 1 2222 2223 669
1860 2 2 6 1 1808 3139 3063
1861 2 2 6 1 1261 1331 1263
1862 2 2 6 1 1719 1829 1330
1863 2 2 6 1 229 386 228
1864 2 2 6 1 12 2185 376
1865 2 2 6 1 927 1206 928
1866 2 2 6 1 1130 2205 2179
1867 2 2 6 1 1140 1176 1138
1868 2 2 6 1 1460 2180 1247
1869 2 2 6 1 2117 2242 2219
1870 2 2 6 1 1139 1140 1138
1871 2 2 6 1 669 2818 2222
1872 2 2 6 1 1595 1872 1596
1873 2 2 6 1 1157 1159 1158
1874 2 2 6 1 1206 1208 1207
1875 2 2 6 1 353 2181 279
1876 2 2 6 1 1158 2084 1155
1877 2 2 6 1 1976 3309 3296
1878 2 2 6 1 1259 1261 1260
1879 2 2 6 1 1152 1154 1153
1880 2 2 6 1 777 2832 787
1881 2 2 6 1 270 2153 2151
1882 2 2 6 1 879 1886 881
1883 2 2 6 1 1263 1264 1262
1884 2 2 6 1 229 2136 386
1885 2 2 6 1 2140 2142 2141
1886 2 2 6 1 1332 1722 1213
1887 2 2 6 1 768 2875 765
1888 2 2 6 1 1796 3308 1828
1889 2 2 6 1 1348 2186 1470
1890 2 2 6 1 669 2224 511
1891 2 2 6 1 2127 2205 1177
1892 2 2 6 1 354 2184 14
1893 2 2 6 1 2119 2120 1996
1894 2 2 6 1 1137 1138 1136
1895 2 2 6 1 2157 2159 2155
1896 2 2 6 1 2096 2874 2170
1897 2 2 6 1 2200 2201 2199
1898 2 2 6 1 2551 2552 2167
1899 2 2 6 1 1141 1143 1142
1900 2 2 6 1 225 2189 224
1901 2 2 6 1 2130 2205 2127
1902 2 2 6 1 1247 2180 1248
1903 2 2 6 1 1102 2850 2243
1904 2 2 6 1 1143 1152 1144
1905 2 2 6 1 1331 2833 1263
1906 2 2 6 1 1108 2848 2228
1907 2 2 6 1 3209 3344 1733
1908 2 2 6 1 1257 1259 1258
1909 2 2 6 1 2158 2162 2160
1910 2 2 6 1 1257 1339 1259
1911 2 2 6 1 918 1595 1384
1912 2 2 6 1 1253 2177 1289
1913 2 2 6 1 1650 1651 1428
1914 2 2 6 1 2140 2141 335
1915 2 2 6 1 2015 2017 2016
1916 2 2 6 1 1201 1447 925
1917 2 2 6 1 330 2220 2215
1918 2 2 6 1 808 829 828
1919 2 2 6 1 2224 2800 513
1920 2 2 6 1 2181 2182 280
1921 2 2 6 1 2126 2131 2128
1922 2 2 6 1 16 2070 15
1923 2 2 6 1 1282 2839 1278
1924 2 2 6 1 2197 2215 2195
1925 2 2 6 1 771 781 780
1926 2 2 6 1 2171 2173 2172
1927 2 2 6 1 1114 2840 2231
1928 2 2 6 1 1135 1136 1134
1929 2 2 6 1 2102 2180 1460
1930 2 2 6 1 2533 3031 2528
1931 2 2 6 1 1261 1262 1260
1932 2 2 6 1 278 353 279
1933 2 2 6 1 1255 1257 1256
1934 2 2 6 1 1139 1141 1140
1935 2 2 6 1 277 2093 278
1936 2 2 6 1 2224 2836 2800
1937 2 2 6 1 1134 1177 1132
1938 2 2 6 1 2571 2574 2573
1939 2 2 6 1 2269 2288 1574
1940 2 2 6 1 279 2181 280
1941 2 2 6 1 2268 2288 2269
1942 2 2 6 1 855 2288 2268
1943 2 2 6 1 1934 1935 1843
1944 2 2 6 1 1253 1289 1255
1945 2 2 6 1 1984 2929 1869
1946 2 2 6 1 2184 2185 13
1947 2 2 6 1 1124 2186 1348
1948 2 2 6 1 87 2841 2122
1949 2 2 6 1 2259 2808 2261
1950 2 2 6 1 2268 2762 855
1951 2 2 6 1 2209 2210 665
1952 2 2 6 1 1128 2179 1178
1953 2 2 6 1 2264 2270 632
1954 2 2 6 1 14 2184 13
1955 2 2 6 1 2266 2762 2268
1956 2 2 6 1 2126 2127 1177
1957 2 2 6 1 2257 2271 644
1958 2 2 6 1 632 2270 539
1959 2 2 6 1 230 2136 229
1960 2 2 6 1 632 2762 2266
1961 2 2 6 1 644 2271 533
1962 2 2 6 1 649 2254 2252
1963 2 2 6 1 799 2171 801
1964 2 2 6 1 1253 1255 1254
1965 2 2 6 1 2254 2812 2255
1966 2 2 6 1 632 2266 2264
1967 2 2 6 1 2072 2075 2073
1968 2 2 6 1 2230 2233 680
1969 2 2 6 1 1138 2124 1136
1970 2 2 6 1 1278 1280 1279
1971 2 2 6 1 1251 2177 1253
1972 2 2 6 1 2101 2103 2102
1973 2 2 6 1 1248 2180 1251
1974 2 2 6 1 1208 1372 1371
1975 2 2 6 1 2137 2138 386
1976 2 2 6 1 539 2270 537
1977 2 2 6 1 15 354 14
1978 2 2 6 1 2240 2253 2241
1979 2 2 6 1 2122 2841 2123
1980 2 2 6 1 1130 2179 1128
1981 2 2 6 1 730 3078 732
1982 2 2 6 1 1133 1134 1132
1983 2 2 6 1 2190 2192 2191
1984 2 2 6 1 1251 1253 1252
1985 2 2 6 1 943 2810 814
1986 2 2 6 1 644 2259 2257
1987 2 2 6 1 1259 1260 1258
1988 2 2 6 1 1259 2178 1261
1989 2 2 6 1 2166 2168 2164
1990 2 2 6 1 1668 2101 1460
1991 2 2 6 1 386 2139 228
1992 2 2 6 1 1137 1139 1138
1993 2 2 6 1 226 2187 225
1994 2 2 6 1 280 2182 281
1995 2 2 6 1 533 2271 531
1996 2 2 6 1 1670 2786 1865
1997 2 2 6 1 1131 1132 1130
1998 2 2 6 1 874 877 875
1999 2 2 6 1 2190 2191 362
2000 2 2 6 1 2126 2128 2127
2001 2 2 6 1 375 2227 282
2002 2 2 6 1 2124 2125 1136
2003 2 2 6 1 1148 2854 2246
2004 2 2 6 1 1129 1130 1128
2005 2 2 6 1 2234 2807 2233
2006 2 2 6 1 1128 1178 1126
2007 2 2 6 1 1456 1460 1247
2008 2 2 6 1 644 2808 2259
2009 2 2 6 1 263 2211 374
2010 2 2 6 1 809 927 843
2011 2 2 6 1 2243 2853 1148
2012 2 2 6 1 935 1375 1374
2013 2 2 6 1 2243 2850 2239
2014 2 2 6 1 680 2800 2230
2015 2 2 6 1 2075 2081 2076
2016 2 2 6 1 1144 2830 1142
2017 2 2 6 1 1135 1137 1136
2018 2 2 6 1 2187 2189 225
2019 2 2 6 1 536 2217 538
2020 2 2 6 1 2101 2102 1460
2021 2 2 6 1 282 2227 283
2022 2 2 6 1 1456 1668 1460
2023 2 2 6 1 13 2185 12
2024 2 2 6 1 2145 2869 2214
2025 2 2 6 1 522 2785 685
2026 2 2 6 1 2206 2768 2226
2027 2 2 6 1 2853 2854 1148
2028 2 2 6 1 2226 2768 666
2029 2 2 6 1 2191 2814 362
2030 2 2 6 1 1248 1251 1250
2031 2 2 6 1 1251 2180 2177
2032 2 2 6 1 2141 2188 2187
2033 2 2 6 1 1122 1124 1123
2034 2 2 6 1 2527 2528 2525
2035 2 2 6 1 1574 2799 2269
2036 2 2 6 1 54 2443 367
2037 2 2 6 1 2073 2830 1167
2038 2 2 6 1 2133 2134 2132
2039 2 2 6 1 1257 1258 1256
2040 2 2 6 1 1132 2205 1130
2041 2 2 6 1 1244 2242 1456
2042 2 2 6 1 1244 1247 1245
2043 2 2 6 1 1244 1456 1247
2044 2 2 6 1 2781 2796 2279
2045 2 2 6 1 857 2768 2206
2046 2 2 6 1 1465 2213 1233
2047 2 2 6 1 2105 2107 2106
2048 2 2 6 1 2206 2216 857
2049 2 2 6 1 2231 2840 2098
2050 2 2 6 1 1242 1244 1243
2051 2 2 6 1 649 2812 2254
2052 2 2 6 1 55 2443 54
2053 2 2 6 1 1127 1128 1126
2054 2 2 6 1 1123 2232 1120
2055 2 2 6 1 1467 2232 1123
2056 2 2 6 1 2411 2498 2496
2057 2 2 6 1 2228 2848 2147
2058 2 2 6 1 1348 1470 1468
2059 2 2 6 1 2207 2208 1463
2060 2 2 6 1 1122 1123 1120
2061 2 2 6 1 1255 1256 1254
2062 2 2 6 1 1124 1348 1123
2063 2 2 6 1 2128 2135 2129
2064 2 2 6 1 269 2153 270
2065 2 2 6 1 2223 2224 669
2066 2 2 6 1 1456 2242 2027
2067 2 2 6 1 1798 3209 1861
2068 2 2 6 1 263 374 262
2069 2 2 6 1 2105 2106 2103
2070 2 2 6 1 1125 1126 1124
2071 2 2 6 1 1656 3090 2579
2072 2 2 6 1 1667 2826 1622
2073 2 2 6 1 1237 2207 1463
2074 2 2 6 1 2192 2193 2191
2075 2 2 6 1 2220 2814 2194
2076 2 2 6 1 2285 2822 2799
2077 2 2 6 1 1240 1242 1241
2078 2 2 6 1 1463 2219 1240
2079 2 2 6 1 2786 2820 1865
2080 2 2 6 1 2219 2242 1242
2081 2 2 6 1 2233 2807 680
2082 2 2 6 1 2228 2849 1147
2083 2 2 6 1 1118 2232 1145
2084 2 2 6 1 1470 2204 1468
2085 2 2 6 1 857 2217 536
2086 2 2 6 1 2850 2851 2239
2087 2 2 6 1 1468 2204 2021
2088 2 2 6 1 542 2281 544
2089 2 2 6 1 685 2785 2276
2090 2 2 6 1 1121 1122 1120
2091 2 2 6 1 204 2412 203
2092 2 2 6 1 56 2442 55
2093 2 2 6 1 1126 2186 1124
2094 2 2 6 1 2771 2791 2245
2095 2 2 6 1 1670 1865 1864
2096 2 2 6 1 1251 1252 1250
2097 2 2 6 1 2433 2437 2435
2098 2 2 6 1 1253 1254 1252
2099 2 2 6 1 1466 2225 1227
2100 2 2 6 1 1237 1240 1238
2101 2 2 6 1 1237 1463 1240
2102 2 2 6 1 1118 1145 1116
2103 2 2 6 1 421 2218 267
2104 2 2 6 1 1292 1704 1426
2105 2 2 6 1 1190 2276 1194
2106 2 2 6 1 2047 2049 2046
2107 2 2 6 1 1235 2207 1237
2108 2 2 6 1 685 2276 1190
2109 2 2 6 1 1235 1237 1236
2110 2 2 6 1 2217 2796 2781
2111 2 2 6 1 1119 1120 1118
2112 2 2 6 1 2279 2280 675
2113 2 2 6 1 2229 2233 2230
2114 2 2 6 1 2404 2412 204
2115 2 2 6 1 2217 2781 538
2116 2 2 6 1 2221 2222 1465
2117 2 2 6 1 2433 2435 2432
2118 2 2 6 1 2442 2443 55
2119 2 2 6 1 268 373 269
2120 2 2 6 1 2168 3201 1258
2121 2 2 6 1 2405 2413 2412
2122 2 2 6 1 1240 2219 1242
2123 2 2 6 1 520 2785 522
2124 2 2 6 1 2027 2116 1668
2125 2 2 6 1 2431 2433 2432
2126 2 2 6 1 675 2781 2279
2127 2 2 6 1 419 2211 264
2128 2 2 6 1 2032 2952 2029
2129 2 2 6 1 1225 2229 1466
2130 2 2 6 1 2252 2254 2249
2131 2 2 6 1 1675 2775 1573
2132 2 2 6 1 1129 1131 1130
2133 2 2 6 1 1231 2221 1465
2134 2 2 6 1 1133 1135 1134
2135 2 2 6 1 2491 2492 2490
2136 2 2 6 1 2261 2808 2270
2137 2 2 6 1 1176 2124 1138
2138 2 2 6 1 2194 2814 2191
2139 2 2 6 1 1247 1248 1245
2140 2 2 6 1 2229 2230 1466
2141 2 2 6 1 2232 2821 1145
2142 2 2 6 1 2249 2254 2251
2143 2 2 6 1 49 2550 48
2144 2 2 6 1 48 2550 406
2145 2 2 6 1 1117 1118 1116
2146 2 2 6 1 268 2218 373
2147 2 2 6 1 1112 2231 1146
2148 2 2 6 1 2173 2174 2172
2149 2 2 6 1 940 1381 1380
2150 2 2 6 1 1233 1235 1234
2151 2 2 6 1 264 2211 263
2152 2 2 6 1 1177 2205 1132
2153 2 2 6 1 205 2404 204
2154 2 2 6 1 1244 1245 1243
2155 2 2 6 1 801 1328 813
2156 2 2 6 1 1122 1125 1124
2157 2 2 6 1 675 2281 542
2158 2 2 6 1 1115 1116 1114
2159 2 2 6 1 1348 1468 1467
2160 2 2 6 1 281 375 282
2161 2 2 6 1 2411 2769 2498
2162 2 2 6 1 2231 2843 1146
2163 2 2 6 1 651 2972 2150
2164 2 2 6 1 1084 2803 2709
2165 2 2 6 1 203 2412 394
2166 2 2 6 1 1242 2242 1244
2167 2 2 6 1 1549 2287 2245
2168 2 2 6 1 1223 2229 1225
2169 2 2 6 1 2216 2217 857
2170 2 2 6 1 2849 2851 1147
2171 2 2 6 1 1378 1396 1379
2172 2 2 6 1 1231 1465 1233
2173 2 2 6 1 1113 1114 1112
2174 2 2 6 1 2445 2451 410
2175 2 2 6 1 1229 2221 1231
2176 2 2 6 1 66 2457 65
2177 2 2 6 1 2289 2777 1550
2178 2 2 6 1 1120 2232 1118
2179 2 2 6 1 1674 2823 2806
2180 2 2 6 1 1165 2084 1158
2181 2 2 6 1 2431 2432 320
2182 2 2 6 1 391 2494 2493
2183 2 2 6 1 1242 1243 1241
2184 2 2 6 1 1231 1233 1232
2185 2 2 6 1 1178 2186 1126
2186 2 2 6 1 1114 2231 1112
2187 2 2 6 1 338 2491 2490
2188 2 2 6 1 2281 2791 2771
2189 2 2 6 1 222 2220 221
2190 2 2 6 1 1755 3119 2227
2191 2 2 6 1 2281 2771 544
2192 2 2 6 1 1072 2292 1070
2193 2 2 6 1 2775 2799 1574
2194 2 2 6 1 2244 2287 1550
2195 2 2 6 1 1229 1231 1230
2196 2 2 6 1 2245 2287 2244
2197 2 2 6 1 2255 2812 2271
2198 2 2 6 1 2495 2497 2496
2199 2 2 6 1 1112 1146 1110
2200 2 2 6 1 2245 2791 1549
2201 2 2 6 1 2114 2155 2154
2202 2 2 6 1 213 2498 212
2203 2 2 6 1 1233 2213 1235
2204 2 2 6 1 1111 1112 1110
2205 2 2 6 1 12 376 11
2206 2 2 6 1 2498 2769 212
2207 2 2 6 1 2433 2438 2437
2208 2 2 6 1 2207 2213 2209
2209 2 2 6 1 336 2769 2409
2210 2 2 6 1 2272 2663 2250
2211 2 2 6 1 2448 2450 2449
2212 2 2 6 1 1106 2228 1147
2213 2 2 6 1 221 2220 330
2214 2 2 6 1 2050 2053 2049
2215 2 2 6 1 1227 1229 1228
2216 2 2 6 1 1240 1241 1238
2217 2 2 6 1 1550 2777 2244
2218 2 2 6 1 391 2493 217
2219 2 2 6 1 1109 1110 1108
2220 2 2 6 1 2430 2434 2431
2221 2 2 6 1 407 2456 2455
2222 2 2 6 1 2490 2495 2489
2223 2 2 6 1 1108 2228 1106
2224 2 2 6 1 2409 2769 2411
2225 2 2 6 1 2448 2449 2446
2226 2 2 6 1 334 2404 205
2227 2 2 6 1 1194 2276 2275
2228 2 2 6 1 2549 3176 3131
2229 2 2 6 1 1237 1238 1236
2230 2 2 6 1 1468 2021 1469
2231 2 2 6 1 2292 2775 1675
2232 2 2 6 1 1225 1466 1227
2233 2 2 6 1 1225 1227 1226
2234 2 2 6 1 2430 2441 2434
2235 2 2 6 1 407 2455 2454
2236 2 2 6 1 320 2442 56
2237 2 2 6 1 1590 2229 1223
2238 2 2 6 1 1131 1133 1132
2239 2 2 6 1 1107 1108 1106
2240 2 2 6 1 2401 2403 334
2241 2 2 6 1 2447 2448 2446
2242 2 2 6 1 1223 1225 1224
2243 2 2 6 1 324 2457 66
2244 2 2 6 1 1221 2275 1590
2245 2 2 6 1 334 2408 2401
2246 2 2 6 1 1127 1129 1128
2247 2 2 6 1 2764 2767 2291
2248 2 2 6 1 1351 2290 2277
2249 2 2 6 1 2430 2431 320
2250 2 2 6 1 2277 2290 1675
2251 2 2 6 1 2495 2496 392
2252 2 2 6 1 338 2490 2489
2253 2 2 6 1 1573 2775 1574
2254 2 2 6 1 2221 2225 2223
2255 2 2 6 1 1590 2275 2234
2256 2 2 6 1 1221 1590 1223
2257 2 2 6 1 1590 2233 2229
2258 2 2 6 1 2254 2255 2251
2259 2 2 6 1 2280 2281 675
2260 2 2 6 1 1227 2225 1229
2261 2 2 6 1 1235 1236 1234
2262 2 2 6 1 2273 2712 856
2263 2 2 6 1 2274 2712 2273
2264 2 2 6 1 1179 2292 1072
2265 2 2 6 1 1090 2663 2272
2266 2 2 6 1 1106 1147 1104
2267 2 2 6 1 2406 2417 336
2268 2 2 6 1 2493 2494 2491
2269 2 2 6 1 1070 2292 2290
2270 2 2 6 1 1105 1106 1104
2271 2 2 6 1 2274 2306 670
2272 2 2 6 1 2272 2792 1149
2273 2 2 6 1 2403 2404 334
2274 2 2 6 1 670 2712 2274
2275 2 2 6 1 319 2446 2445
2276 2 2 6 1 1221 1223 1222
2277 2 2 6 1 1100 2243 1148
2278 2 2 6 1 65 2457 407
2279 2 2 6 1 1103 1104 1102
2280 2 2 6 1 1102 2243 1100
2281 2 2 6 1 265 419 264
2282 2 2 6 1 2193 2195 2194
2283 2 2 6 1 1874 3321 1999
2284 2 2 6 1 2277 2764 2291
2285 2 2 6 1 407 2454 64
2286 2 2 6 1 2452 2454 2453
2287 2 2 6 1 2454 2455 2453
2288 2 2 6 1 217 2493 216
2289 2 2 6 1 1233 1234 1232
2290 2 2 6 1 2489 2495 392
2291 2 2 6 1 319 2447 2446
2292 2 2 6 1 1180 2774 2772
2293 2 2 6 1 2395 2397 2394
2294 2 2 6 1 1101 1102 1100
2295 2 2 6 1 1231 1232 1230
2296 2 2 6 1 2207 2209 2208
2297 2 2 6 1 2305 2710 2306
2298 2 2 6 1 63 2454 2452
2299 2 2 6 1 2306 2710 670
2300 2 2 6 1 267 2218 268
2301 2 2 6 1 2399 2400 2396
2302 2 2 6 1 2518 2804 2802
2303 2 2 6 1 1115 1117 1116
2304 2 2 6 1 2395 2398 2397
2305 2 2 6 1 1113 1115 1114
2306 2 2 6 1 2767 2772 2291
2307 2 2 6 1 336 2417 210
2308 2 2 6 1 2409 2410 2407
2309 2 2 6 1 1119 1121 1120
2310 2 2 6 1 1608 1929 1337
2311 2 2 6 1 2305 2307 853
2312 2 2 6 1 2270 2808 537
2313 2 2 6 1 2394 2399 2396
2314 2 2 6 1 59 2441 58
2315 2 2 6 1 410 2441 59
2316 2 2 6 1 58 2441 2430
2317 2 2 6 1 1094 1098 1097
2318 2 2 6 1 2221 2223 2222
2319 2 2 6 1 853 2710 2305
2320 2 2 6 1 1933 2154 1934
2321 2 2 6 1 1117 1119 1118
2322 2 2 6 1 1229 1230 1228
2323 2 2 6 1 526 2801 523
2324 2 2 6 1 2148 2235 2149
2325 2 2 6 1 1100 1148 1098
2326 2 2 6 1 1225 1226 1224
2327 2 2 6 1 1196 1221 1219
2328 2 2 6 1 1111 1113 1112
2329 2 2 6 1 222 2814 2220
2330 2 2 6 1 2446 2451 2445
2331 2 2 6 1 1099 1100 1098
2332 2 2 6 1 63 2452 62
2333 2 2 6 1 2406 2407 2398
2334 2 2 6 1 266 421 267
2335 2 2 6 1 1194 2275 1196
2336 2 2 6 1 666 2805 2226
2337 2 2 6 1 2307 2706 853
2338 2 2 6 1 1553 2777 2289
2339 2 2 6 1 1107 1109 1108
2340 2 2 6 1 2275 2276 2234
2341 2 2 6 1 1227 1228 1226
2342 2 2 6 1 2308 2706 2307
2343 2 2 6 1 64 2454 63
2344 2 2 6 1 2397 2399 2394
2345 2 2 6 1 1094 1097 1092
2346 2 2 6 1 392 2498 213
2347 2 2 6 1 2277 2291 1351
2348 2 2 6 1 640 2298 559
2349 2 2 6 1 1093 1094 1092
2350 2 2 6 1 2290 2292 1675
2351 2 2 6 1 681 2706 2308
2352 2 2 6 1 2393 2395 2394
2353 2 2 6 1 210 2417 209
2354 2 2 6 1 2273 2776 1553
2355 2 2 6 1 1091 1092 1090
2356 2 2 6 1 1196 2275 1221
2357 2 2 6 1 2300 2740 2707
2358 2 2 6 1 2452 2453 2447
2359 2 2 6 1 2295 2298 640
2360 2 2 6 1 2709 2803 2263
2361 2 2 6 1 1223 1224 1222
2362 2 2 6 1 2403 2405 2404
2363 2 2 6 1 1090 2272 1088
2364 2 2 6 1 1109 1111 1110
2365 2 2 6 1 1125 1127 1126
2366 2 2 6 1 1088 2272 1149
2367 2 2 6 1 2288 2732 1572
2368 2 2 6 1 1673 1674 1533
2369 2 2 6 1 2394 2396 398
2370 2 2 6 1 2206 2226 1674
2371 2 2 6 1 2247 2663 1097
2372 2 2 6 1 559 2298 557
2373 2 2 6 1 1150 2282 1080
2374 2 2 6 1 2776 2777 1553
2375 2 2 6 1 1531 1533 1532
2376 2 2 6 1 1092 2663 1090
2377 2 2 6 1 2293 2763 1678
2378 2 2 6 1 855 2732 2288
2379 2 2 6 1 2308 2707 681
2380 2 2 6 1 2293 2295 640
2381 2 2 6 1 2246 2248 2247
2382 2 2 6 1 2393 2394 398
2383 2 2 6 1 1229 2225 2221
2384 2 2 6 1 1549 2283 1523
2385 2 2 6 1 1531 1673 1533
2386 2 2 6 1 1089 1090 1088
2387 2 2 6 1 1551 2299 2284
2388 2 2 6 1 78 2515 77
2389 2 2 6 1 1101 1103 1102
2390 2 2 6 1 2284 2300 1551
2391 2 2 6 1 1495 2299 1551
2392 2 2 6 1 336 2409 2406
2393 2 2 6 1 2412 2413 394
2394 2 2 6 1 206 2408 334
2395 2 2 6 1 2278 2279 1548
2396 2 2 6 1 1105 1107 1106
2397 2 2 6 1 2401 2408 2396
2398 2 2 6 1 1491 2733 1493
2399 2 2 6 1 1673 2206 1674
2400 2 2 6 1 2413 2415 2414
2401 2 2 6 1 1151 2285 1076
2402 2 2 6 1 1497 2301 1499
2403 2 2 6 1 1080 2282 1078
2404 2 2 6 1 634 2309 565
2405 2 2 6 1 1493 2299 1495
2406 2 2 6 1 1094 1099 1098
2407 2 2 6 1 2250 2663 2247
2408 2 2 6 1 1098 2246 1097
2409 2 2 6 1 1531 2675 1673
2410 2 2 6 1 1521 2287 1549
2411 2 2 6 1 1527 2278 1548
2412 2 2 6 1 1085 1086 1084
2413 2 2 6 1 2772 2774 2291
2414 2 2 6 1 1088 1149 1086
2415 2 2 6 1 1235 2213 2207
2416 2 2 6 1 2286 2309 634
2417 2 2 6 1 2435 2436 2432
2418 2 2 6 1 1673 2675 2216
2419 2 2 6 1 1529 1531 1530
2420 2 2 6 1 1533 1534 1532
2421 2 2 6 1 2096 2170 2099
2422 2 2 6 1 640 2763 2293
2423 2 2 6 1 1103 1105 1104
2424 2 2 6 1 1083 1084 1082
2425 2 2 6 1 1221 1222 1219
2426 2 2 6 1 2274 2321 2306
2427 2 2 6 1 1517 2289 1550
2428 2 2 6 1 329 2513 2512
2429 2 2 6 1 2413 2414 394
2430 2 2 6 1 1493 2733 2299
2431 2 2 6 1 1087 1088 1086
2432 2 2 6 1 1076 2285 1074
2433 2 2 6 1 634 2310 2286
2434 2 2 6 1 1527 1548 1529
2435 2 2 6 1 1527 1529 1528
2436 2 2 6 1 329 2512 2511
2437 2 2 6 1 1519 2287 1521
2438 2 2 6 1 565 2309 563
2439 2 2 6 1 1525 2278 1527
2440 2 2 6 1 1082 1150 1080
2441 2 2 6 1 1548 2675 1529
2442 2 2 6 1 2707 2740 681
2443 2 2 6 1 570 2344 684
2444 2 2 6 1 2294 2311 2303
2445 2 2 6 1 1525 1527 1526
2446 2 2 6 1 1082 2709 1150
2447 2 2 6 1 2512 2516 2514
2448 2 2 6 1 2507 2508 2506
2449 2 2 6 1 1081 1082 1080
2450 2 2 6 1 2296 2303 1180
2451 2 2 6 1 1091 1093 1092
2452 2 2 6 1 2248 2252 2249
2453 2 2 6 1 2518 2520 2519
2454 2 2 6 1 1078 2282 1151
2455 2 2 6 1 2300 2707 2301
2456 2 2 6 1 2426 2532 2427
2457 2 2 6 1 1078 1151 1076
2458 2 2 6 1 2310 2708 1688
2459 2 2 6 1 1512 2289 1517
2460 2 2 6 1 207 2408 206
2461 2 2 6 1 322 2532 2426
2462 2 2 6 1 1551 2301 1497
2463 2 2 6 1 2301 2326 1499
2464 2 2 6 1 1079 1080 1078
2465 2 2 6 1 2329 2682 2319
2466 2 2 6 1 1531 1532 1530
2467 2 2 6 1 77 2515 329
2468 2 2 6 1 2513 2516 2512
2469 2 2 6 1 2415 2416 2414
2470 2 2 6 1 2145 2214 2148
2471 2 2 6 1 1099 1101 1100
2472 2 2 6 1 2294 2303 2296
2473 2 2 6 1 2246 2247 1097
2474 2 2 6 1 1077 1078 1076
2475 2 2 6 1 1523 1525 1524
2476 2 2 6 1 582 2318 584
2477 2 2 6 1 1574 2288 1572
2478 2 2 6 1 2306 2321 1554
2479 2 2 6 1 2518 2519 2517
2480 2 2 6 1 1089 1091 1090
2481 2 2 6 1 404 2506 2505
2482 2 2 6 1 2316 2669 2320
2483 2 2 6 1 329 2511 76
2484 2 2 6 1 634 2708 2310
2485 2 2 6 1 2320 2669 852
2486 2 2 6 1 2512 2514 2510
2487 2 2 6 1 1521 1549 1523
2488 2 2 6 1 2319 2682 2318
2489 2 2 6 1 1550 2287 1519
2490 2 2 6 1 1190 1194 1192
2491 2 2 6 1 2297 2766 2298
2492 2 2 6 1 404 2507 2506
2493 2 2 6 1 1521 1523 1522
2494 2 2 6 1 321 2518 2517
2495 2 2 6 1 1519 1521 1520
2496 2 2 6 1 2235 2236 2149
2497 2 2 6 1 1074 2285 1179
2498 2 2 6 1 1075 1076 1074
2499 2 2 6 1 2278 2283 2280
2500 2 2 6 1 1523 2283 1525
2501 2 2 6 1 2519 2530 2517
2502 2 2 6 1 1572 2732 550
2503 2 2 6 1 75 2511 2509
2504 2 2 6 1 407 2457 2456
2505 2 2 6 1 568 2344 570
2506 2 2 6 1 667 2669 2316
2507 2 2 6 1 1517 1550 1519
2508 2 2 6 1 322 2429 193
2509 2 2 6 1 2520 2521 2519
2510 2 2 6 1 2426 2429 322
2511 2 2 6 1 2511 2512 2510
2512 2 2 6 1 2316 2317 667
2513 2 2 6 1 1581 2760 1694
2514 2 2 6 1 1083 1085 1084
2515 2 2 6 1 1073 1074 1072
2516 2 2 6 1 2509 2511 2510
2517 2 2 6 1 1529 1530 1528
2518 2 2 6 1 2255 2271 2257
2519 2 2 6 1 1538 2726 2302
2520 2 2 6 1 1348 1467 1123
2521 2 2 6 1 684 2344 2284
2522 2 2 6 1 2367 2755 2370
2523 2 2 6 1 2300 2301 1551
2524 2 2 6 1 1074 1179 1072
2525 2 2 6 1 75 2509 74
2526 2 2 6 1 1068 2290 1351
2527 2 2 6 1 2304 2307 2305
2528 2 2 6 1 2303 2311 1060
2529 2 2 6 1 2326 2707 2308
2530 2 2 6 1 1071 1072 1070
2531 2 2 6 1 1517 1519 1518
2532 2 2 6 1 1505 2304 1554
2533 2 2 6 1 2301 2707 2326
2534 2 2 6 1 1552 1553 1511
2535 2 2 6 1 2304 2305 1554
2536 2 2 6 1 1527 1528 1526
2537 2 2 6 1 667 2318 582
2538 2 2 6 1 1069 1070 1068
2539 2 2 6 1 2313 2726 1538
2540 2 2 6 1 1070 2290 1068
2541 2 2 6 1 1538 2733 1491
2542 2 2 6 1 76 2511 75
2543 2 2 6 1 1688 2666 2310
2544 2 2 6 1 193 2429 192
2545 2 2 6 1 1552 2273 1553
2546 2 2 6 1 2400 2402 2401
2547 2 2 6 1 1509 1552 1511
2548 2 2 6 1 1627 2728 1311
2549 2 2 6 1 1511 2289 1512
2550 2 2 6 1 1509 2321 1552
2551 2 2 6 1 2318 2682 584
2552 2 2 6 1 1068 1351 1066
2553 2 2 6 1 1509 1511 1510
2554 2 2 6 1 1472 2311 2294
2555 2 2 6 1 2305 2306 1554
2556 2 2 6 1 2284 2344 2300
2557 2 2 6 1 1678 2763 2309
2558 2 2 6 1 1081 1083 1082
2559 2 2 6 1 1067 1068 1066
2560 2 2 6 1 1311 2745 895
2561 2 2 6 1 1503 2304 1505
2562 2 2 6 1 1637 1639 1638
2563 2 2 6 1 1558 2746 2615
2564 2 2 6 1 1512 1517 1516
2565 2 2 6 1 1553 2289 1511
2566 2 2 6 1 2517 2530 199
2567 2 2 6 1 1056 2311 1472
2568 2 2 6 1 2509 2510 2507
2569 2 2 6 1 199 2530 198
2570 2 2 6 1 1525 1526 1524
2571 2 2 6 1 198 2530 363
2572 2 2 6 1 2449 2451 2446
2573 2 2 6 1 1077 1079 1078
2574 2 2 6 1 1521 1522 1520
2575 2 2 6 1 1552 2321 2274
2576 2 2 6 1 2427 2428 2424
2577 2 2 6 1 2329 2716 2324
2578 2 2 6 1 2278 2280 2279
2579 2 2 6 1 1554 2321 1507
2580 2 2 6 1 1507 1509 1508
2581 2 2 6 1 1064 1180 1062
2582 2 2 6 1 1085 1087 1086
2583 2 2 6 1 2296 2297 2295
2584 2 2 6 1 1573 1574 1572
2585 2 2 6 1 1505 1554 1507
2586 2 2 6 1 1079 1081 1080
2587 2 2 6 1 2302 2726 2725
2588 2 2 6 1 2310 2312 2286
2589 2 2 6 1 1065 1066 1064
2590 2 2 6 1 2662 2705 1576
2591 2 2 6 1 1519 1520 1518
2592 2 2 6 1 2319 2716 2329
2593 2 2 6 1 2294 2295 2293
2594 2 2 6 1 329 2515 2513
2595 2 2 6 1 980 2666 1688
2596 2 2 6 1 1505 1507 1506
2597 2 2 6 1 1555 2304 1503
2598 2 2 6 1 1010 2744 2719
2599 2 2 6 1 2376 2737 2723
2600 2 2 6 1 2297 2298 2295
2601 2 2 6 1 1590 2234 2233
2602 2 2 6 1 1097 2663 1092
2603 2 2 6 1 1472 2293 1678
2604 2 2 6 1 2422 2425 2421
2605 2 2 6 1 1061 1062 1060
2606 2 2 6 1 1063 1064 1062
2607 2 2 6 1 1511 1512 1510
2608 2 2 6 1 1084 2709 1082
2609 2 2 6 1 2328 2700 2327
2610 2 2 6 1 592 2655 687
2611 2 2 6 1 1523 1524 1522
2612 2 2 6 1 1060 2311 1057
2613 2 2 6 1 1529 2675 1531
2614 2 2 6 1 2420 2422 2421
2615 2 2 6 1 1555 2307 2304
2616 2 2 6 1 676 2329 2327
2617 2 2 6 1 1071 1073 1072
2618 2 2 6 1 1501 2326 1555
2619 2 2 6 1 1360 2736 2721
2620 2 2 6 1 1501 1555 1503
2621 2 2 6 1 1073 1075 1074
2622 2 2 6 1 1069 1071 1070
2623 2 2 6 1 1075 1077 1076
2624 2 2 6 1 2420 2421 2419
2625 2 2 6 1 1056 1472 1471
2626 2 2 6 1 687 2655 2331
2627 2 2 6 1 2531 2532 322
2628 2 2 6 1 687 2331 959
2629 2 2 6 1 2310 2666 2312
2630 2 2 6 1 1503 1505 1504
2631 2 2 6 1 2294 2296 2295
2632 2 2 6 1 2344 2740 2300
2633 2 2 6 1 192 2701 191
2634 2 2 6 1 574 2322 571
2635 2 2 6 1 676 2682 2329
2636 2 2 6 1 1472 2294 2293
2637 2 2 6 1 1501 1503 1502
2638 2 2 6 1 2317 2318 667
2639 2 2 6 1 2426 2427 2424
2640 2 2 6 1 2429 2701 192
2641 2 2 6 1 1067 1069 1068
2642 2 2 6 1 1555 2326 2308
2643 2 2 6 1 2716 2724 1513
2644 2 2 6 1 1057 2311 1056
2645 2 2 6 1 1472 1678 1471
2646 2 2 6 1 2423 2424 2422
2647 2 2 6 1 854 1572 550
2648 2 2 6 1 1525 2283 2278
2649 2 2 6 1 1055 1056 1054
2650 2 2 6 1 1059 1060 1057
2651 2 2 6 1 1156 2705 2662
2652 2 2 6 1 401 2420 2419
2653 2 2 6 1 1053 1054 1052
2654 2 2 6 1 1056 1471 1054
2655 2 2 6 1 1062 2303 1060
2656 2 2 6 1 1499 1501 1500
2657 2 2 6 1 571 2322 569
2658 2 2 6 1 1509 1510 1508
2659 2 2 6 1 2297 2767 2766
2660 2 2 6 1 1471 2312 1054
2661 2 2 6 1 1517 1518 1516
2662 2 2 6 1 1489 2313 1538
2663 2 2 6 1 2261 2270 2264
2664 2 2 6 1 2668 2671 990
2665 2 2 6 1 2327 2700 676
2666 2 2 6 1 959 2331 963
2667 2 2 6 1 590 2655 592
2668 2 2 6 1 1507 2321 1509
2669 2 2 6 1 1497 1499 1498
2670 2 2 6 1 1507 1508 1506
2671 2 2 6 1 2330 2332 963
2672 2 2 6 1 2286 2312 1471
2673 2 2 6 1 1580 2671 2668
2674 2 2 6 1 2312 2666 1052
2675 2 2 6 1 980 1688 978
2676 2 2 6 1 2332 2661 1475
2677 2 2 6 1 1059 1061 1060
2678 2 2 6 1 963 2331 2330
2679 2 2 6 1 1487 2313 1489
2680 2 2 6 1 1495 1551 1497
2681 2 2 6 1 1065 1067 1066
2682 2 2 6 1 1495 1497 1496
2683 2 2 6 1 1063 1065 1064
2684 2 2 6 1 978 2322 574
2685 2 2 6 1 985 1052 982
2686 2 2 6 1 1493 1495 1494
2687 2 2 6 1 2406 2409 2407
2688 2 2 6 1 2335 2664 849
2689 2 2 6 1 1061 1063 1062
2690 2 2 6 1 401 2419 2418
2691 2 2 6 1 1053 1055 1054
2692 2 2 6 1 2333 2335 849
2693 2 2 6 1 94 2479 93
2694 2 2 6 1 1505 1506 1504
2695 2 2 6 1 1055 1057 1056
2696 2 2 6 1 1180 2303 1062
2697 2 2 6 1 1678 2309 2286
2698 2 2 6 1 1503 1504 1502
2699 2 2 6 1 953 2697 1683
2700 2 2 6 1 1481 2323 1513
2701 2 2 6 1 2330 2661 2332
2702 2 2 6 1 1499 2326 1501
2703 2 2 6 1 1501 1502 1500
2704 2 2 6 1 1491 1493 1492
2705 2 2 6 1 94 2481 2479
2706 2 2 6 1 1489 1538 1491
2707 2 2 6 1 2339 2340 1358
2708 2 2 6 1 985 1053 1052
2709 2 2 6 1 2302 2733 1538
2710 2 2 6 1 997 2339 1358
2711 2 2 6 1 1688 2322 978
2712 2 2 6 1 1487 1489 1488
2713 2 2 6 1 2725 2726 2320
2714 2 2 6 1 1054 2312 1052
2715 2 2 6 1 1539 2313 1487
2716 2 2 6 1 1489 1491 1490
2717 2 2 6 1 2333 2659 1569
2718 2 2 6 1 2477 2478 2476
2719 2 2 6 1 2316 2320 2314
2720 2 2 6 1 1485 1539 1487
2721 2 2 6 1 2473 2480 2472
2722 2 2 6 1 1485 1487 1486
2723 2 2 6 1 331 2477 2476
2724 2 2 6 1 1684 2698 2677
2725 2 2 6 1 1499 1500 1498
2726 2 2 6 1 1539 2345 2315
2727 2 2 6 1 1001 2342 1359
2728 2 2 6 1 1539 2314 2313
2729 2 2 6 1 1485 2345 1539
2730 2 2 6 1 2338 2340 2339
2731 2 2 6 1 1479 2323 1481
2732 2 2 6 1 1688 2708 2322
2733 2 2 6 1 849 2659 2333
2734 2 2 6 1 2341 2343 2342
2735 2 2 6 1 331 2476 2475
2736 2 2 6 1 1411 1691 1049
2737 2 2 6 1 2583 2592 412
2738 2 2 6 1 415 2474 2473
2739 2 2 6 1 1513 2345 1483
2740 2 2 6 1 2342 2343 1359
2741 2 2 6 1 2585 2586 2584
2742 2 2 6 1 2359 2689 1571
2743 2 2 6 1 415 2473 2472
2744 2 2 6 1 2690 2691 2347
2745 2 2 6 1 1481 1513 1483
2746 2 2 6 1 984 2347 987
2747 2 2 6 1 1483 1485 1484
2748 2 2 6 1 2336 2337 1357
2749 2 2 6 1 2586 2588 2587
2750 2 2 6 1 331 2475 92
2751 2 2 6 1 93 2479 331
2752 2 2 6 1 1540 2323 1479
2753 2 2 6 1 1473 2332 1475
2754 2 2 6 1 1495 1496 1494
2755 2 2 6 1 999 2342 1001
2756 2 2 6 1 1481 1483 1482
2757 2 2 6 1 993 2336 1357
2758 2 2 6 1 314 2593 2585
2759 2 2 6 1 2327 2329 2324
2760 2 2 6 1 2472 2480 364
2761 2 2 6 1 2586 2587 2584
2762 2 2 6 1 314 2585 2584
2763 2 2 6 1 1477 1540 1479
2764 2 2 6 1 1497 1498 1496
2765 2 2 6 1 365 2482 2481
2766 2 2 6 1 982 2666 980
2767 2 2 6 1 1479 1481 1480
2768 2 2 6 1 1576 2705 1096
2769 2 2 6 1 2559 2576 2542
2770 2 2 6 1 1540 2324 2323
2771 2 2 6 1 1487 1488 1486
2772 2 2 6 1 1475 2661 1477
2773 2 2 6 1 2420 2423 2422
2774 2 2 6 1 1477 1479 1478
2775 2 2 6 1 2542 2575 2559
2776 2 2 6 1 2350 2639 2352
2777 2 2 6 1 2352 2639 2354
2778 2 2 6 1 1493 1494 1492
2779 2 2 6 1 2541 2575 2542
2780 2 2 6 1 2466 2621 327
2781 2 2 6 1 92 2475 91
2782 2 2 6 1 2334 2335 2333
2783 2 2 6 1 342 2575 2541
2784 2 2 6 1 1489 1490 1488
2785 2 2 6 1 2315 2316 2314
2786 2 2 6 1 995 2339 997
2787 2 2 6 1 95 2481 94
2788 2 2 6 1 365 2481 95
2789 2 2 6 1 1014 2377 1016
2790 2 2 6 1 2560 2562 2557
2791 2 2 6 1 1475 1477 1476
2792 2 2 6 1 987 2347 991
2793 2 2 6 1 2566 2577 409
2794 2 2 6 1 979 980 978
2795 2 2 6 1 2588 2589 2587
2796 2 2 6 1 2317 2319 2318
2797 2 2 6 1 314 2584 2583
2798 2 2 6 1 1483 2345 1485
2799 2 2 6 1 365 2483 2482
2800 2 2 6 1 1585 2333 1569
2801 2 2 6 1 991 2336 993
2802 2 2 6 1 2475 2476 2474
2803 2 2 6 1 327 2504 2466
2804 2 2 6 1 1016 2377 2375
2805 2 2 6 1 1360 2377 1014
2806 2 2 6 1 1585 2334 2333
2807 2 2 6 1 1473 1475 1474
2808 2 2 6 1 1491 1492 1490
2809 2 2 6 1 851 978 574
2810 2 2 6 1 2325 2327 2324
2811 2 2 6 1 1186 2373 2372
2812 2 2 6 1 2351 2628 2355
2813 2 2 6 1 991 2347 2336
2814 2 2 6 1 396 2593 181
2815 2 2 6 1 2353 2628 2351
2816 2 2 6 1 1485 1486 1484
2817 2 2 6 1 181 2593 180
2818 2 2 6 1 180 2593 314
2819 2 2 6 1 993 1357 995
2820 2 2 6 1 961 2346 964
2821 2 2 6 1 1569 2659 596
2822 2 2 6 1 2563 2564 2562
2823 2 2 6 1 325 2486 2485
2824 2 2 6 1 2364 2647 2390
2825 2 2 6 1 2554 2560 2557
2826 2 2 6 1 2353 2379 671
2827 2 2 6 1 1186 2372 2371
2828 2 2 6 1 1556 2357 2353
2829 2 2 6 1 327 2621 106
2830 2 2 6 1 365 2484 2483
2831 2 2 6 1 1016 2375 1018
2832 2 2 6 1 1483 1484 1482
2833 2 2 6 1 1307 2346 1473
2834 2 2 6 1 315 2577 2561
2835 2 2 6 1 2561 2563 2562
2836 2 2 6 1 964 2346 1307
2837 2 2 6 1 2332 2346 963
2838 2 2 6 1 1479 1480 1478
2839 2 2 6 1 2561 2562 2560
2840 2 2 6 1 671 2628 2353
2841 2 2 6 1 997 1358 999
2842 2 2 6 1 2496 2498 392
2843 2 2 6 1 2584 2592 2583
2844 2 2 6 1 2463 2621 2466
2845 2 2 6 1 1410 2674 1689
2846 2 2 6 1 2375 2376 2373
2847 2 2 6 1 2561 2577 2566
2848 2 2 6 1 2463 2464 2462
2849 2 2 6 1 101 2469 417
2850 2 2 6 1 2357 2379 2353
2851 2 2 6 1 97 2485 2484
2852 2 2 6 1 950 2357 1556
2853 2 2 6 1 2557 2558 2556
2854 2 2 6 1 1186 2375 2373
2855 2 2 6 1 2467 2468 344
2856 2 2 6 1 963 2346 961
2857 2 2 6 1 2389 2658 2390
2858 2 2 6 1 2373 2374 2372
2859 2 2 6 1 1575 2349 968
2860 2 2 6 1 1589 2378 2369
2861 2 2 6 1 1477 1478 1476
2862 2 2 6 1 417 2488 2487
2863 2 2 6 1 1481 1482 1480
2864 2 2 6 1 1307 1473 1394
2865 2 2 6 1 1018 2375 1186
2866 2 2 6 1 2554 2557 2556
2867 2 2 6 1 102 2469 101
2868 2 2 6 1 1582 1585 1569
2869 2 2 6 1 2462 2467 2461
2870 2 2 6 1 2554 2556 2555
2871 2 2 6 1 315 2561 2560
2872 2 2 6 1 2375 2377 2376
2873 2 2 6 1 1186 2371 1020
2874 2 2 6 1 2503 2504 2502
2875 2 2 6 1 968 2349 966
2876 2 2 6 1 342 2630 2575
2877 2 2 6 1 2553 2560 2554
2878 2 2 6 1 1475 1476 1474
2879 2 2 6 1 1362 2378 1589
2880 2 2 6 1 1539 2315 2314
2881 2 2 6 1 331 2479 2477
2882 2 2 6 1 1020 2371 1022
2883 2 2 6 1 2390 2647 1353
2884 2 2 6 1 2361 2607 2379
2885 2 2 6 1 416 2463 2462
2886 2 2 6 1 2340 2341 1358
2887 2 2 6 1 2463 2465 2464
2888 2 2 6 1 2555 2630 411
2889 2 2 6 1 2553 2554 411
2890 2 2 6 1 683 2245 2244
2891 2 2 6 1 96 2484 365
2892 2 2 6 1 2502 2504 327
2893 2 2 6 1 2541 2597 342
2894 2 2 6 1 2371 2372 2368
2895 2 2 6 1 1041 2384 1363
2896 2 2 6 1 2461 2467 344
2897 2 2 6 1 2379 2607 671
2898 2 2 6 1 416 2462 2461
2899 2 2 6 1 2554 2555 411
2900 2 2 6 1 1001 1359 1003
2901 2 2 6 1 1028 2378 1362
2902 2 2 6 1 2366 2368 2367
2903 2 2 6 1 2350 2352 1352
2904 2 2 6 1 325 2485 98
2905 2 2 6 1 98 2485 97
2906 2 2 6 1 2538 2539 2537
2907 2 2 6 1 2361 2599 2362
2908 2 2 6 1 952 2350 1352
2909 2 2 6 1 2556 2559 2555
2910 2 2 6 1 2384 2387 2385
2911 2 2 6 1 2358 2359 1571
2912 2 2 6 1 2384 2385 1363
2913 2 2 6 1 677 2364 2363
2914 2 2 6 1 1181 2358 1571
2915 2 2 6 1 150 2595 414
2916 2 2 6 1 315 2560 2553
2917 2 2 6 1 2501 2503 2502
2918 2 2 6 1 1540 2325 2324
2919 2 2 6 1 1473 2346 2332
2920 2 2 6 1 2536 2538 2537
2921 2 2 6 1 677 2388 2364
2922 2 2 6 1 2382 2383 1361
2923 2 2 6 1 2541 2542 2538
2924 2 2 6 1 1362 1589 1581
2925 2 2 6 1 172 2577 315
2926 2 2 6 1 409 2577 173
2927 2 2 6 1 1358 2342 999
2928 2 2 6 1 673 2365 690
2929 2 2 6 1 678 2599 691
2930 2 2 6 1 2536 2537 2535
2931 2 2 6 1 848 1569 596
2932 2 2 6 1 2366 2367 1188
2933 2 2 6 1 2366 2371 2368
2934 2 2 6 1 2362 2607 2361
2935 2 2 6 1 395 2597 2536
2936 2 2 6 1 1022 2371 2366
2937 2 2 6 1 1687 2358 1183
2938 2 2 6 1 415 2472 90
2939 2 2 6 1 1183 2358 1181
2940 2 2 6 1 1187 2380 1036
2941 2 2 6 1 1026 2378 1028
2942 2 2 6 1 952 1352 953
2943 2 2 6 1 1577 2348 972
2944 2 2 6 1 2575 2630 2555
2945 2 2 6 1 652 2388 662
2946 2 2 6 1 1571 2356 976
2947 2 2 6 1 1187 2381 2380
2948 2 2 6 1 913 2658 2389
2949 2 2 6 1 1556 2350 952
2950 2 2 6 1 662 2388 677
2951 2 2 6 1 1410 1689 1665
2952 2 2 6 1 107 2502 327
2953 2 2 6 1 157 2548 408
2954 2 2 6 1 97 2484 96
2955 2 2 6 1 2535 2543 2534
2956 2 2 6 1 727 2360 842
2957 2 2 6 1 950 952 951
2958 2 2 6 1 970 1575 968
2959 2 2 6 1 2539 2540 2537
2960 2 2 6 1 395 2536 2535
2961 2 2 6 1 2380 2382 1361
2962 2 2 6 1 109 2501 108
2963 2 2 6 1 2501 2502 108
2964 2 2 6 1 959 963 961
2965 2 2 6 1 173 2577 172
2966 2 2 6 1 950 1556 952
2967 2 2 6 1 677 2365 673
2968 2 2 6 1 1012 1360 1014
2969 2 2 6 1 2365 2613 690
2970 2 2 6 1 1556 2351 2350
2971 2 2 6 1 2534 2543 316
2972 2 2 6 1 158 2548 157
2973 2 2 6 1 948 950 949
2974 2 2 6 1 2545 2546 317
2975 2 2 6 1 1361 2384 1041
2976 2 2 6 1 167 2597 166
2977 2 2 6 1 166 2597 395
2978 2 2 6 1 1024 2366 1188
2979 2 2 6 1 1473 1474 1394
2980 2 2 6 1 2361 2379 1559
2981 2 2 6 1 946 1559 948
2982 2 2 6 1 2362 2599 678
2983 2 2 6 1 1036 2380 1038
2984 2 2 6 1 1362 1581 1561
2985 2 2 6 1 352 2471 2470
2986 2 2 6 1 342 2597 167
2987 2 2 6 1 397 2544 161
2988 2 2 6 1 159 2545 317
2989 2 2 6 1 625 2610 623
2990 2 2 6 1 395 2535 2534
2991 2 2 6 1 2391 2634 930
2992 2 2 6 1 1181 1571 976
2993 2 2 6 1 2613 2623 954
2994 2 2 6 1 2360 2599 2361
2995 2 2 6 1 691 2599 727
2996 2 2 6 1 946 948 947
2997 2 2 6 1 2363 2365 677
2998 2 2 6 1 352 2470 121
2999 2 2 6 1 103 2461 344
3000 2 2 6 1 1586 2632 1561
3001 2 2 6 1 1686 1687 1183
3002 2 2 6 1 1557 1680 1679
3003 2 2 6 1 1557 2363 1680
3004 2 2 6 1 950 951 949
3005 2 2 6 1 2360 2361 1559
3006 2 2 6 1 2545 2549 2546
3007 2 2 6 1 108 2502 107
3008 2 2 6 1 366 2501 109
3009 2 2 6 1 1353 2598 722
3010 2 2 6 1 842 2360 946
3011 2 2 6 1 2363 2364 1680
3012 2 2 6 1 974 1577 972
3013 2 2 6 1 722 2598 679
3014 2 2 6 1 161 2544 160
3015 2 2 6 1 2629 2647 2388
3016 2 2 6 1 952 953 951
3017 2 2 6 1 2367 2370 2369
3018 2 2 6 1 727 2599 2360
3019 2 2 6 1 209 2393 208
3020 2 2 6 1 57 320 56
3021 2 2 6 1 162 397 161
3022 2 2 6 1 2389 2390 1353
3023 2 2 6 1 2546 2547 317
3024 2 2 6 1 842 946 932
3025 2 2 6 1 1028 1362 1030
3026 2 2 6 1 2365 2623 2613
3027 2 2 6 1 337 2500 2499
3028 2 2 6 1 164 2534 316
3029 2 2 6 1 2388 2647 2364
3030 2 2 6 1 930 2634 1564
3031 2 2 6 1 955 2392 1318
3032 2 2 6 1 57 2430 320
3033 2 2 6 1 948 949 947
3034 2 2 6 1 946 2360 1559
3035 2 2 6 1 724 1353 722
3036 2 2 6 1 69 400 68
3037 2 2 6 1 121 2470 120
3038 2 2 6 1 162 2594 397
3039 2 2 6 1 189 2418 340
3040 2 2 6 1 400 2460 68
3041 2 2 6 1 1038 2380 1361
3042 2 2 6 1 2536 2597 2541
3043 2 2 6 1 208 2393 398
3044 2 2 6 1 104 2461 103
3045 2 2 6 1 1022 2366 1024
3046 2 2 6 1 882 2391 930
3047 2 2 6 1 103 344 102
3048 2 2 6 1 96 365 95
3049 2 2 6 1 679 2598 641
3050 2 2 6 1 946 947 932
3051 2 2 6 1 101 417 100
3052 2 2 6 1 389 2459 143
3053 2 2 6 1 882 930 929
3054 2 2 6 1 136 2458 413
3055 2 2 6 1 105 416 104
3056 2 2 6 1 417 2487 100
3057 2 2 6 1 2580 2582 347
3058 2 2 6 1 214 2489 392
3059 2 2 6 1 190 2418 189
3060 2 2 6 1 93 331 92
3061 2 2 6 1 99 325 98
3062 2 2 6 1 113 333 112
3063 2 2 6 1 77 329 76
3064 2 2 6 1 68 2460 67
3065 2 2 6 1 2633 2634 2391
3066 2 2 6 1 116 2499 393
3067 2 2 6 1 100 2487 99
3068 2 2 6 1 1616 1617 1304
3069 2 2 6 1 99 2487 325
3070 2 2 6 1 187 399 186
3071 2 2 6 1 140 388 139
3072 2 2 6 1 127 420 126
3073 2 2 6 1 206 334 205
3074 2 2 6 1 144 389 143
3075 2 2 6 1 125 372 124
3076 2 2 6 1 189 340 188
3077 2 2 6 1 91 415 90
3078 2 2 6 1 110 366 109
3079 2 2 6 1 122 352 121
3080 2 2 6 1 211 336 210
3081 2 2 6 1 120 390 119
3082 2 2 6 1 214 392 213
3083 2 2 6 1 218 391 217
3084 2 2 6 1 86 326 85
3085 2 2 6 1 404 2505 73
3086 2 2 6 1 84 402 83
3087 2 2 6 1 82 341 81
3088 2 2 6 1 80 403 79
3089 2 2 6 1 74 404 73
3090 2 2 6 1 72 2505 332
3091 2 2 6 1 72 332 71
3092 2 2 6 1 73 2505 72
3093 2 2 6 1 197 2533 196
3094 2 2 6 1 194 322 193
3095 2 2 6 1 196 405 195
3096 2 2 6 1 198 363 197
3097 2 2 6 1 46 318 45
3098 2 2 6 1 363 2533 197
3099 2 2 6 1 203 394 202
3100 2 2 6 1 196 2533 405
3101 2 2 6 1 136 413 135
3102 2 2 6 1 156 2580 155
3103 2 2 6 1 155 347 154
3104 2 2 6 1 135 2578 134
3105 2 2 6 1 157 408 156
3106 2 2 6 1 58 2430 57
3107 2 2 6 1 62 319 61
3108 2 2 6 1 51 323 50
3109 2 2 6 1 163 2594 162
3110 2 2 6 1 166 395 165
3111 2 2 6 1 174 409 173
3112 2 2 6 1 176 343 175
3113 2 2 6 1 172 315 171
3114 2 2 6 1 178 412 177
3115 2 2 6 1 159 317 158
3116 2 2 6 1 182 396 181
3117 2 2 6 1 185 313 184
3118 2 2 6 1 61 2445 60
3119 2 2 6 1 65 407 64
3120 2 2 6 1 179 2583 178
3121 2 2 6 1 54 367 53
3122 2 2 6 1 67 324 66
3123 2 2 6 1 413 2578 135
3124 2 2 6 1 134 357 133
3125 2 2 6 1 155 2580 347
3126 2 2 6 1 408 2580 156
3127 2 2 6 1 319 2445 61
3128 2 2 6 1 178 2583 412
3129 2 2 6 1 152 370 151
3130 2 2 6 1 131 377 130
3131 2 2 6 1 134 2578 357
3132 2 2 6 1 67 2460 324
3133 2 2 6 1 2561 2566 2563
3134 2 2 6 1 953 1683 1197
3135 2 2 6 1 117 2499 116
3136 2 2 6 1 215 2489 214
3137 2 2 6 1 116 393 115
3138 2 2 6 1 408 2581 2580
3139 2 2 6 1 1952 2608 1749
3140 2 2 6 1 411 2630 169
3141 2 2 6 1 168 2630 342
3142 2 2 6 1 1038 1361 1041
3143 2 2 6 1 160 2545 159
3144 2 2 6 1 137 2458 136
3145 2 2 6 1 165 2534 164
3146 2 2 6 1 60 2445 410
3147 2 2 6 1 930 1564 1373
3148 2 2 6 1 723 724 722
3149 2 2 6 1 1300 2392 955
3150 2 2 6 1 834 2391 882
3151 2 2 6 1 1217 2602 1618
3152 2 2 6 1 89 364 88
3153 2 2 6 1 1752 2604 1404
3154 2 2 6 1 691 727 726
3155 2 2 6 1 727 842 841
3156 2 2 6 1 1844 1983 1881
3157 2 2 6 1 1449 1681 1199
3158 2 2 6 1 912 913 827
3159 2 2 6 1 1333 1708 1706
3160 2 2 6 1 2544 2549 2545
3161 2 2 6 1 690 2613 713
3162 2 2 6 1 1616 1823 1617
3163 2 2 6 1 194 2531 322
3164 2 2 6 1 315 2553 171
3165 2 2 6 1 405 2531 195
3166 2 2 6 1 314 2583 179
3167 2 2 6 1 316 2594 163
3168 2 2 6 1 1034 1187 1036
3169 2 2 6 1 60 410 59
3170 2 2 6 1 1382 1607 1300
3171 2 2 6 1 1334 1562 957
3172 2 2 6 1 861 914 908
3173 2 2 6 1 1844 1881 1642
3174 2 2 6 1 1217 1618 1615
3175 2 2 6 1 1560 2610 625
3176 2 2 6 1 652 2629 2388
3177 2 2 6 1 2544 2545 160
3178 2 2 6 1 401 2418 190
3179 2 2 6 1 834 2444 2391
3180 2 2 6 1 930 1373 929
3181 2 2 6 1 1756 1757 1685
3182 2 2 6 1 1615 1616 1304
3183 2 2 6 1 1556 2353 2351
3184 2 2 6 1 48 406 47
3185 2 2 6 1 629 2619 627
3186 2 2 6 1 1403 1405 1202
3187 2 2 6 1 1618 1844 1642
3188 2 2 6 1 337 2499 117
3189 2 2 6 1 338 2489 215
3190 2 2 6 1 1884 1952 1749
3191 2 2 6 1 1406 1848 1751
3192 2 2 6 1 1748 1884 1749
3193 2 2 6 1 1449 1709 1681
3194 2 2 6 1 1564 1748 1373
3195 2 2 6 1 1749 2608 2602
3196 2 2 6 1 914 1202 908
3197 2 2 6 1 1616 1958 1823
3198 2 2 6 1 1607 2392 1300
3199 2 2 6 1 723 725 724
3200 2 2 6 1 725 834 833
3201 2 2 6 1 1748 1749 1373
3202 2 2 6 1 882 929 919
3203 2 2 6 1 912 1199 913
3204 2 2 6 1 723 2444 725
3205 2 2 6 1 317 2548 158
3206 2 2 6 1 1217 1304 919
3207 2 2 6 1 1557 1679 1354
3208 2 2 6 1 1217 1615 1304
3209 2 2 6 1 842 932 931
3210 2 2 6 1 1188 2378 1026
3211 2 2 6 1 1018 1186 1020
3212 2 2 6 1 727 841 726
3213 2 2 6 1 208 398 207
3214 2 2 6 1 224 362 223
3215 2 2 6 1 227 335 226
3216 2 2 6 1 107 327 106
3217 2 2 6 1 221 330 220
3218 2 2 6 1 216 338 215
3219 2 2 6 1 118 337 117
3220 2 2 6 1 191 401 190
3221 2 2 6 1 201 321 200
3222 2 2 6 1 195 2531 194
3223 2 2 6 1 164 316 163
3224 2 2 6 1 168 342 167
3225 2 2 6 1 170 411 169
3226 2 2 6 1 171 2553 170
3227 2 2 6 1 180 314 179
3228 2 2 6 1 170 2553 411
3229 2 2 6 1 150 414 149
3230 2 2 6 1 636 639 629
3231 2 2 6 1 1618 1642 1615
3232 2 2 6 1 1406 1849 1848
3233 2 2 6 1 956 1557 1354
3234 2 2 6 1 1757 2618 1685
3235 2 2 6 1 413 2579 2578
3236 2 2 6 1 912 1326 1199
3237 2 2 6 1 725 827 724
3238 2 2 6 1 1685 2618 1197
3239 2 2 6 1 895 1558 845
3240 2 2 6 1 834 882 860
3241 2 2 6 1 919 2612 860
3242 2 2 6 1 1333 2596 1708
3243 2 2 6 1 882 919 860
3244 2 2 6 1 1362 1561 1030
3245 2 2 6 1 954 956 955
3246 2 2 6 1 725 833 827
3247 2 2 6 1 1326 1656 1449
3248 2 2 6 1 1812 1835 1607
3249 2 2 6 1 1326 1449 1199
3250 2 2 6 1 416 2461 104
3251 2 2 6 1 1581 1694 1586
3252 2 2 6 1 833 912 827
3253 2 2 6 1 955 1318 905
3254 2 2 6 1 2603 2622 908
3255 2 2 6 1 689 2600 672
3256 2 2 6 1 1836 2392 1607
3257 2 2 6 1 1382 1812 1607
3258 2 2 6 1 2581 2582 2580
3259 2 2 6 1 2386 2609 1363
3260 2 2 6 1 345 2458 137
3261 2 2 6 1 834 860 833
3262 2 2 6 1 120 2470 390
3263 2 2 6 1 662 677 673
3264 2 2 6 1 833 2601 912
3265 2 2 6 1 956 1354 1300
3266 2 2 6 1 1708 1831 1706
3267 2 2 6 1 725 2444 834
3268 2 2 6 1 143 2459 142
3269 2 2 6 1 692 722 679
3270 2 2 6 1 1373 2602 929
3271 2 2 6 1 929 2602 1217
3272 2 2 6 1 947 1317 932
3273 2 2 6 1 1558 2615 845
3274 2 2 6 1 929 1217 919
3275 2 2 6 1 1041 1363 1042
3276 2 2 6 1 1310 1311 895
3277 2 2 6 1 956 1300 955
3278 2 2 6 1 932 2596 931
3279 2 2 6 1 1681 2651 1199
3280 2 2 6 1 842 931 841
3281 2 2 6 1 1557 2623 2363
3282 2 2 6 1 861 908 819
3283 2 2 6 1 954 955 905
3284 2 2 6 1 1038 1041 1039
3285 2 2 6 1 1835 1836 1607
3286 2 2 6 1 395 2534 165
3287 2 2 6 1 692 723 722
3288 2 2 6 1 1749 2602 1373
3289 2 2 6 1 1561 2624 1030
3290 2 2 6 1 1199 2651 913
3291 2 2 6 1 818 845 712
3292 2 2 6 1 1333 1706 1334
3293 2 2 6 1 627 2619 1560
3294 2 2 6 1 1317 2596 932
3295 2 2 6 1 630 678 641
3296 2 2 6 1 691 726 692
3297 2 2 6 1 1326 2627 1656
3298 2 2 6 1 630 636 629
3299 2 2 6 1 1626 1627 1311
3300 2 2 6 1 912 2601 1326
3301 2 2 6 1 931 957 841
3302 2 2 6 1 1354 1382 1300
3303 2 2 6 1 138 345 137
3304 2 2 6 1 146 418 145
3305 2 2 6 1 142 361 141
3306 2 2 6 1 931 1333 957
3307 2 2 6 1 659 846 639
3308 2 2 6 1 1333 1334 957
3309 2 2 6 1 726 2605 692
3310 2 2 6 1 691 692 679
3311 2 2 6 1 1024 1188 1026
3312 2 2 6 1 630 641 636
3313 2 2 6 1 628 2362 630
3314 2 2 6 1 1403 1723 1405
3315 2 2 6 1 860 2601 833
3316 2 2 6 1 1404 2604 1403
3317 2 2 6 1 2601 2627 1326
3318 2 2 6 1 2602 2608 1618
3319 2 2 6 1 1756 1989 1757
3320 2 2 6 1 678 691 679
3321 2 2 6 1 1751 1752 1404
3322 2 2 6 1 894 895 845
3323 2 2 6 1 2536 2541 2538
3324 2 2 6 1 2385 2386 1363
3325 2 2 6 1 690 713 712
3326 2 2 6 1 1406 1751 1404
3327 2 2 6 1 860 2612 2601
3328 2 2 6 1 1039 2614 1037
3329 2 2 6 1 628 629 627
3330 2 2 6 1 2381 2382 2380
3331 2 2 6 1 1706 1707 1334
3332 2 2 6 1 692 2605 723
3333 2 2 6 1 726 2606 2605
3334 2 2 6 1 848 1582 1569
3335 2 2 6 1 2383 2387 2384
3336 2 2 6 1 931 2596 1333
3337 2 2 6 1 1202 2603 908
3338 2 2 6 1 678 679 641
3339 2 2 6 1 2383 2384 1361
3340 2 2 6 1 623 2610 647
3341 2 2 6 1 652 662 659
3342 2 2 6 1 905 2616 861
3343 2 2 6 1 628 630 629
3344 2 2 6 1 2363 2623 2365
3345 2 2 6 1 688 2615 689
3346 2 2 6 1 1041 1042 1039
3347 2 2 6 1 712 2615 688
3348 2 2 6 1 1295 1403 1202
3349 2 2 6 1 1310 1626 1311
3350 2 2 6 1 1617 2612 1304
3351 2 2 6 1 861 2616 914
3352 2 2 6 1 624 671 626
3353 2 2 6 1 818 894 845
3354 2 2 6 1 2547 2548 317
3355 2 2 6 1 1405 2603 1202
3356 2 2 6 1 1197 2618 951
3357 2 2 6 1 1363 2609 1042
3358 2 2 6 1 713 818 712
3359 2 2 6 1 624 625 623
3360 2 2 6 1 1683 1684 1197
3361 2 2 6 1 142 2459 361
3362 2 2 6 1 894 1310 895
3363 2 2 6 1 914 1295 1202
3364 2 2 6 1 2625 2636 1628
3365 2 2 6 1 662 673 672
3366 2 2 6 1 820 954 905
3367 2 2 6 1 846 2619 639
3368 2 2 6 1 953 1197 951
3369 2 2 6 1 1318 2616 905
3370 2 2 6 1 1185 1695 1583
3371 2 2 6 1 954 2623 956
3372 2 2 6 1 1712 1888 1756
3373 2 2 6 1 1295 1404 1403
3374 2 2 6 1 974 2356 1577
3375 2 2 6 1 1042 1050 1039
3376 2 2 6 1 662 672 659
3377 2 2 6 1 1350 1563 1050
3378 2 2 6 1 841 2606 726
3379 2 2 6 1 1334 2611 1562
3380 2 2 6 1 624 626 625
3381 2 2 6 1 1403 2604 1723
3382 2 2 6 1 1304 2612 919
3383 2 2 6 1 630 2362 678
3384 2 2 6 1 673 688 672
3385 2 2 6 1 1562 2606 957
3386 2 2 6 1 672 2600 659
3387 2 2 6 1 1038 1039 1037
3388 2 2 6 1 1853 1854 1752
3389 2 2 6 1 1618 2608 1844
3390 2 2 6 1 652 659 639
3391 2 2 6 1 1751 1853 1752
3392 2 2 6 1 723 2605 2444
3393 2 2 6 1 688 689 672
3394 2 2 6 1 1712 1756 1685
3395 2 2 6 1 626 628 627
3396 2 2 6 1 1318 2631 2616
3397 2 2 6 1 2444 2633 2391
3398 2 2 6 1 690 712 688
3399 2 2 6 1 1050 2614 1039
3400 2 2 6 1 628 2607 2362
3401 2 2 6 1 820 2613 954
3402 2 2 6 1 1295 1406 1404
3403 2 2 6 1 2367 2369 1188
3404 2 2 6 1 2605 2633 2444
3405 2 2 6 1 1310 2625 1628
3406 2 2 6 1 1036 1038 1037
3407 2 2 6 1 1406 2617 1849
3408 2 2 6 1 1581 1586 1561
3409 2 2 6 1 636 652 639
3410 2 2 6 1 713 820 819
3411 2 2 6 1 1310 1628 1626
3412 2 2 6 1 1684 1685 1197
3413 2 2 6 1 1684 1712 1685
3414 2 2 6 1 639 2619 629
3415 2 2 6 1 627 1560 625
3416 2 2 6 1 713 819 818
3417 2 2 6 1 1628 1814 1813
3418 2 2 6 1 659 2600 846
3419 2 2 6 1 1034 1036 1035
3420 2 2 6 1 845 2615 712
3421 2 2 6 1 820 905 861
3422 2 2 6 1 908 2622 819
3423 2 2 6 1 626 627 625
3424 2 2 6 1 1814 1895 1813
3425 2 2 6 1 2612 2627 2601
3426 2 2 6 1 1204 1565 1032
3427 2 2 6 1 1030 2624 1031
3428 2 2 6 1 344 2469 102
3429 2 2 6 1 169 2630 168
3430 2 2 6 1 713 2613 820
3431 2 2 6 1 1565 2641 1032
3432 2 2 6 1 1397 1666 1652
3433 2 2 6 1 820 861 819
3434 2 2 6 1 2603 2625 2622
3435 2 2 6 1 1628 1813 1626
3436 2 2 6 1 1184 1686 1183
3437 2 2 6 1 2606 2633 2605
3438 2 2 6 1 1185 1583 1350
3439 2 2 6 1 673 690 688
3440 2 2 6 1 1583 1649 1350
3441 2 2 6 1 957 2606 841
3442 2 2 6 1 818 2622 894
3443 2 2 6 1 671 2607 626
3444 2 2 6 1 623 647 621
3445 2 2 6 1 1042 2609 1185
3446 2 2 6 1 914 2617 1295
3447 2 2 6 1 956 2623 1557
3448 2 2 6 1 1563 2614 1050
3449 2 2 6 1 1707 2611 1334
3450 2 2 6 1 1034 2624 1187
3451 2 2 6 1 970 2348 1575
3452 2 2 6 1 819 2622 818
3453 2 2 6 1 2603 2636 2625
3454 2 2 6 1 2616 2631 2617
3455 2 2 6 1 2627 2635 1656
3456 2 2 6 1 2616 2617 914
3457 2 2 6 1 626 2607 628
3458 2 2 6 1 1182 1183 1181
3459 2 2 6 1 1034 1035 1033
3460 2 2 6 1 1042 1185 1050
3461 2 2 6 1 1295 2617 1406
3462 2 2 6 1 621 2626 620
3463 2 2 6 1 947 2638 1317
3464 2 2 6 1 1030 1031 1029
3465 2 2 6 1 2468 2469 344
3466 2 2 6 1 647 2626 621
3467 2 2 6 1 1031 1034 1033
3468 2 2 6 1 1028 1030 1029
3469 2 2 6 1 619 622 621
3470 2 2 6 1 90 2472 89
3471 2 2 6 1 1405 2637 2636
3472 2 2 6 1 622 624 623
3473 2 2 6 1 1397 2643 1666
3474 2 2 6 1 1204 1566 1565
3475 2 2 6 1 1036 1037 1035
3476 2 2 6 1 1031 1032 1029
3477 2 2 6 1 1566 1567 1565
3478 2 2 6 1 2638 2646 1317
3479 2 2 6 1 1035 2620 1033
3480 2 2 6 1 1185 2609 1695
3481 2 2 6 1 1185 1350 1050
3482 2 2 6 1 951 2618 949
3483 2 2 6 1 1652 1819 1711
3484 2 2 6 1 894 2625 1310
3485 2 2 6 1 1037 1045 1035
3486 2 2 6 1 1182 1184 1183
3487 2 2 6 1 1652 1711 1398
3488 2 2 6 1 636 2629 652
3489 2 2 6 1 1204 1568 1566
3490 2 2 6 1 614 682 616
3491 2 2 6 1 1026 1028 1027
3492 2 2 6 1 619 620 617
3493 2 2 6 1 2463 2466 2465
3494 2 2 6 1 976 2356 974
3495 2 2 6 1 2636 2637 1814
3496 2 2 6 1 622 623 621
3497 2 2 6 1 624 2628 671
3498 2 2 6 1 2349 2657 966
3499 2 2 6 1 1397 1398 1184
3500 2 2 6 1 1031 2624 1034
3501 2 2 6 1 2559 2575 2555
3502 2 2 6 1 613 635 611
3503 2 2 6 1 1028 1029 1027
3504 2 2 6 1 1568 1746 1566
3505 2 2 6 1 1568 1747 1746
3506 2 2 6 1 616 618 617
3507 2 2 6 1 619 621 620
3508 2 2 6 1 1823 2635 1617
3509 2 2 6 1 1182 1397 1184
3510 2 2 6 1 622 2628 624
3511 2 2 6 1 1405 2636 2603
3512 2 2 6 1 616 617 615
3513 2 2 6 1 1617 2627 2612
3514 2 2 6 1 977 1181 976
3515 2 2 6 1 1031 1033 1032
3516 2 2 6 1 948 2357 950
3517 2 2 6 1 1397 1652 1398
3518 2 2 6 1 618 2355 619
3519 2 2 6 1 1045 2620 1035
3520 2 2 6 1 1037 2614 1045
3521 2 2 6 1 2622 2625 894
3522 2 2 6 1 1723 2637 1405
3523 2 2 6 1 618 619 617
3524 2 2 6 1 151 2595 150
3525 2 2 6 1 2598 2629 641
3526 2 2 6 1 682 2354 616
3527 2 2 6 1 2369 2378 1188
3528 2 2 6 1 1757 2646 2638
3529 2 2 6 1 975 976 974
3530 2 2 6 1 2325 2328 2327
3531 2 2 6 1 1033 2620 1204
3532 2 2 6 1 1033 1204 1032
3533 2 2 6 1 2364 2390 1680
3534 2 2 6 1 977 1182 1181
3535 2 2 6 1 1628 2636 1814
3536 2 2 6 1 1617 2635 2627
3537 2 2 6 1 949 2638 947
3538 2 2 6 1 604 847 606
3539 2 2 6 1 614 616 615
3540 2 2 6 1 2617 2631 1849
3541 2 2 6 1 619 2355 622
3542 2 2 6 1 641 2629 636
3543 2 2 6 1 973 974 972
3544 2 2 6 1 1679 2652 1354
3545 2 2 6 1 975 1294 977
3546 2 2 6 1 1022 1024 1023
3547 2 2 6 1 2355 2628 622
3548 2 2 6 1 1026 1027 1025
3549 2 2 6 1 616 2354 618
3550 2 2 6 1 200 2517 199
3551 2 2 6 1 1024 1026 1025
3552 2 2 6 1 1562 2633 2606
3553 2 2 6 1 612 614 613
3554 2 2 6 1 2351 2639 2350
3555 2 2 6 1 614 615 613
3556 2 2 6 1 1757 2638 2618
3557 2 2 6 1 2337 2338 1357
3558 2 2 6 1 1204 2620 1568
3559 2 2 6 1 1020 1022 1021
3560 2 2 6 1 1989 2646 1757
3561 2 2 6 1 1559 2379 2357
3562 2 2 6 1 1027 1040 1025
3563 2 2 6 1 608 674 610
3564 2 2 6 1 973 2640 975
3565 2 2 6 1 89 2472 364
3566 2 2 6 1 975 977 976
3567 2 2 6 1 612 613 611
3568 2 2 6 1 1187 2632 2381
3569 2 2 6 1 618 2639 2355
3570 2 2 6 1 972 2348 970
3571 2 2 6 1 2354 2639 618
3572 2 2 6 1 604 2650 847
3573 2 2 6 1 973 975 974
3574 2 2 6 1 1024 1025 1023
3575 2 2 6 1 1582 1693 1585
3576 2 2 6 1 1032 2641 1029
3577 2 2 6 1 971 972 970
3578 2 2 6 1 610 612 611
3579 2 2 6 1 610 611 609
3580 2 2 6 1 1029 2641 1027
3581 2 2 6 1 2618 2638 949
3582 2 2 6 1 2598 2647 2629
3583 2 2 6 1 1563 2644 2614
3584 2 2 6 1 962 2657 960
3585 2 2 6 1 1045 2648 2620
3586 2 2 6 1 1022 1023 1021
3587 2 2 6 1 971 1346 973
3588 2 2 6 1 1568 2648 1747
3589 2 2 6 1 1294 2643 977
3590 2 2 6 1 607 642 605
3591 2 2 6 1 2614 2644 1045
3592 2 2 6 1 971 973 972
3593 2 2 6 1 1562 2634 2633
3594 2 2 6 1 977 2643 1182
3595 2 2 6 1 608 610 609
3596 2 2 6 1 1018 1020 1019
3597 2 2 6 1 964 1307 1306
3598 2 2 6 1 416 2621 2463
3599 2 2 6 1 969 970 968
3600 2 2 6 1 975 2640 1294
3601 2 2 6 1 1020 1021 1019
3602 2 2 6 1 969 2642 971
3603 2 2 6 1 1023 1044 1021
3604 2 2 6 1 1680 2658 1679
3605 2 2 6 1 2655 2700 2328
3606 2 2 6 1 1027 2641 1040
3607 2 2 6 1 370 2595 151
3608 2 2 6 1 965 966 962
3609 2 2 6 1 608 609 607
3610 2 2 6 1 1016 1018 1017
3611 2 2 6 1 2620 2648 1568
3612 2 2 6 1 1182 2643 1397
3613 2 2 6 1 1561 2632 2624
3614 2 2 6 1 1014 1016 1015
3615 2 2 6 1 1346 2640 973
3616 2 2 6 1 1354 2652 1382
3617 2 2 6 1 600 668 602
3618 2 2 6 1 606 608 607
3619 2 2 6 1 969 971 970
3620 2 2 6 1 2405 2412 2404
3621 2 2 6 1 2390 2658 1680
3622 2 2 6 1 2423 2426 2424
3623 2 2 6 1 847 2645 606
3624 2 2 6 1 608 2645 674
3625 2 2 6 1 1307 1394 1393
3626 2 2 6 1 684 2284 1677
3627 2 2 6 1 967 968 966
3628 2 2 6 1 2644 2648 1045
3629 2 2 6 1 2652 2653 1382
3630 2 2 6 1 321 2517 200
3631 2 2 6 1 1382 2653 1812
3632 2 2 6 1 1018 1019 1017
3633 2 2 6 1 1681 2652 2651
3634 2 2 6 1 1709 2653 1681
3635 2 2 6 1 960 2657 1682
3636 2 2 6 1 1012 1014 1013
3637 2 2 6 1 606 607 605
3638 2 2 6 1 106 2621 105
3639 2 2 6 1 74 2509 404
3640 2 2 6 1 604 606 605
3641 2 2 6 1 1016 1017 1015
3642 2 2 6 1 724 2389 1353
3643 2 2 6 1 1564 2634 2611
3644 2 2 6 1 967 1325 969
3645 2 2 6 1 601 648 599
3646 2 2 6 1 971 2642 1346
3647 2 2 6 1 604 605 603
3648 2 2 6 1 1019 1047 1017
3649 2 2 6 1 1681 2653 2652
3650 2 2 6 1 606 2645 608
3651 2 2 6 1 2611 2634 1562
3652 2 2 6 1 913 2389 827
3653 2 2 6 1 1040 2649 1025
3654 2 2 6 1 1353 2647 2598
3655 2 2 6 1 967 969 968
3656 2 2 6 1 1559 2357 948
3657 2 2 6 1 2587 2592 2584
3658 2 2 6 1 1025 2649 1023
3659 2 2 6 1 1014 1015 1013
3660 2 2 6 1 602 604 603
3661 2 2 6 1 2355 2639 2351
3662 2 2 6 1 1010 1012 1011
3663 2 2 6 1 1307 1393 1306
3664 2 2 6 1 1015 1051 1013
3665 2 2 6 1 602 603 601
3666 2 2 6 1 965 967 966
3667 2 2 6 1 1023 2649 1044
3668 2 2 6 1 2651 2652 1679
3669 2 2 6 1 1325 2642 969
3670 2 2 6 1 1007 1010 1009
3671 2 2 6 1 964 965 962
3672 2 2 6 1 1049 2668 990
3673 2 2 6 1 1357 2339 995
3674 2 2 6 1 1393 1570 1306
3675 2 2 6 1 600 602 601
3676 2 2 6 1 1012 1013 1011
3677 2 2 6 1 2624 2632 1187
3678 2 2 6 1 966 2657 962
3679 2 2 6 1 960 1682 958
3680 2 2 6 1 595 598 597
3681 2 2 6 1 964 1306 965
3682 2 2 6 1 1394 1816 1393
3683 2 2 6 1 597 848 596
3684 2 2 6 1 961 964 962
3685 2 2 6 1 600 601 599
3686 2 2 6 1 848 1588 1582
3687 2 2 6 1 591 849 589
3688 2 2 6 1 595 596 593
3689 2 2 6 1 598 600 599
3690 2 2 6 1 598 599 597
3691 2 2 6 1 2651 2658 913
3692 2 2 6 1 961 962 960
3693 2 2 6 1 1010 1011 1009
3694 2 2 6 1 415 2475 2474
3695 2 2 6 1 967 2654 1325
3696 2 2 6 1 595 597 596
3697 2 2 6 1 1476 1732 1474
3698 2 2 6 1 592 687 594
3699 2 2 6 1 1011 1203 1009
3700 2 2 6 1 959 961 960
3701 2 2 6 1 1003 1006 1004
3702 2 2 6 1 602 2650 604
3703 2 2 6 1 687 959 958
3704 2 2 6 1 648 2656 599
3705 2 2 6 1 599 2656 597
3706 2 2 6 1 827 2389 724
3707 2 2 6 1 105 2621 416
3708 2 2 6 1 597 2656 848
3709 2 2 6 1 1007 1008 1004
3710 2 2 6 1 91 2475 415
3711 2 2 6 1 2330 2331 2328
3712 2 2 6 1 959 960 958
3713 2 2 6 1 1578 2691 2690
3714 2 2 6 1 1007 1009 1008
3715 2 2 6 1 981 982 980
3716 2 2 6 1 2315 2317 2316
3717 2 2 6 1 668 2650 602
3718 2 2 6 1 1001 1003 1002
3719 2 2 6 1 965 2654 967
3720 2 2 6 1 1006 1007 1004
3721 2 2 6 1 1679 2658 2651
3722 2 2 6 1 687 958 594
3723 2 2 6 1 594 595 593
3724 2 2 6 1 999 1001 1000
3725 2 2 6 1 987 991 989
3726 2 2 6 1 1570 2654 1306
3727 2 2 6 1 1003 1004 1002
3728 2 2 6 1 2331 2655 2328
3729 2 2 6 1 2325 2330 2328
3730 2 2 6 1 586 676 588
3731 2 2 6 1 848 2656 1588
3732 2 2 6 1 1306 2654 965
3733 2 2 6 1 592 594 593
3734 2 2 6 1 1052 2666 982
3735 2 2 6 1 1480 1544 1478
3736 2 2 6 1 1689 1690 1665
3737 2 2 6 1 592 593 591
3738 2 2 6 1 1002 1005 1000
3739 2 2 6 1 2677 2698 1711
3740 2 2 6 1 997 999 998
3741 2 2 6 1 595 2660 598
3742 2 2 6 1 1477 2661 1540
3743 2 2 6 1 1001 1002 1000
3744 2 2 6 1 1682 2660 958
3745 2 2 6 1 591 2659 849
3746 2 2 6 1 587 637 585
3747 2 2 6 1 590 592 591
3748 2 2 6 1 596 2659 593
3749 2 2 6 1 1555 2308 2307
3750 2 2 6 1 590 591 589
3751 2 2 6 1 995 997 996
3752 2 2 6 1 583 850 581
3753 2 2 6 1 999 1000 998
3754 2 2 6 1 1682 2667 2660
3755 2 2 6 1 594 2660 595
3756 2 2 6 1 600 2667 668
3757 2 2 6 1 993 995 994
3758 2 2 6 1 588 590 589
3759 2 2 6 1 849 2664 589
3760 2 2 6 1 593 2659 591
3761 2 2 6 1 958 2660 594
3762 2 2 6 1 588 589 587
3763 2 2 6 1 2660 2667 598
3764 2 2 6 1 2341 2342 1358
3765 2 2 6 1 998 1043 996
3766 2 2 6 1 991 993 992
3767 2 2 6 1 1678 2286 1471
3768 2 2 6 1 997 998 996
3769 2 2 6 1 576 852 578
3770 2 2 6 1 1691 2668 1049
3771 2 2 6 1 586 588 587
3772 2 2 6 1 1683 2697 2679
3773 2 2 6 1 580 667 582
3774 2 2 6 1 2678 2692 612
3775 2 2 6 1 589 2664 587
3776 2 2 6 1 995 996 994
3777 2 2 6 1 1398 2679 1184
3778 2 2 6 1 2678 2689 2359
3779 2 2 6 1 586 587 585
3780 2 2 6 1 2336 2691 2337
3781 2 2 6 1 1486 1542 1484
3782 2 2 6 1 983 985 982
3783 2 2 6 1 851 979 978
3784 2 2 6 1 1540 2661 2325
3785 2 2 6 1 610 2678 612
3786 2 2 6 1 2338 2339 1357
3787 2 2 6 1 587 2664 637
3788 2 2 6 1 2325 2661 2330
3789 2 2 6 1 2349 2672 2657
3790 2 2 6 1 404 2509 2507
3791 2 2 6 1 584 586 585
3792 2 2 6 1 993 994 992
3793 2 2 6 1 584 585 583
3794 2 2 6 1 1398 2698 2679
3795 2 2 6 1 1087 1089 1088
3796 2 2 6 1 988 990 986
3797 2 2 6 1 994 1046 992
3798 2 2 6 1 984 2690 2347
3799 2 2 6 1 598 2667 600
3800 2 2 6 1 991 992 989
3801 2 2 6 1 1410 1665 1609
3802 2 2 6 1 2349 2680 2672
3803 2 2 6 1 987 989 988
3804 2 2 6 1 1048 1049 990
3805 2 2 6 1 1058 1059 1057
3806 2 2 6 1 582 584 583
3807 2 2 6 1 1048 1410 1409
3808 2 2 6 1 2348 2684 2683
3809 2 2 6 1 2667 2672 668
3810 2 2 6 1 583 2665 850
3811 2 2 6 1 637 2665 585
3812 2 2 6 1 1356 1576 1096
3813 2 2 6 1 1665 1805 1609
3814 2 2 6 1 579 645 577
3815 2 2 6 1 1409 1411 1049
3816 2 2 6 1 1575 2680 2349
3817 2 2 6 1 1046 2703 2688
3818 2 2 6 1 2348 2683 1575
3819 2 2 6 1 582 583 581
3820 2 2 6 1 584 2682 586
3821 2 2 6 1 2284 2299 1677
3822 2 2 6 1 984 987 986
3823 2 2 6 1 979 981 980
3824 2 2 6 1 580 582 581
3825 2 2 6 1 585 2665 583
3826 2 2 6 1 1682 2672 2667
3827 2 2 6 1 985 1580 1053
3828 2 2 6 1 2657 2672 1682
3829 2 2 6 1 580 581 579
3830 2 2 6 1 1410 1609 1409
3831 2 2 6 1 1492 1547 1490
3832 2 2 6 1 988 1048 990
3833 2 2 6 1 1687 2694 2693
3834 2 2 6 1 2672 2680 668
3835 2 2 6 1 1577 2684 2348
3836 2 2 6 1 850 2670 581
3837 2 2 6 1 987 988 986
3838 2 2 6 1 614 2692 682
3839 2 2 6 1 580 2669 667
3840 2 2 6 1 1687 2693 2358
3841 2 2 6 1 1684 2677 1712
3842 2 2 6 1 576 2686 852
3843 2 2 6 1 2356 2687 1577
3844 2 2 6 1 852 2669 578
3845 2 2 6 1 1048 1409 1049
3846 2 2 6 1 578 580 579
3847 2 2 6 1 1184 2679 1686
3848 2 2 6 1 981 984 983
3849 2 2 6 1 2356 2689 2687
3850 2 2 6 1 984 986 983
3851 2 2 6 1 674 2678 610
3852 2 2 6 1 981 983 982
3853 2 2 6 1 573 576 575
3854 2 2 6 1 1602 2662 1576
3855 2 2 6 1 983 2671 985
3856 2 2 6 1 2354 2694 2352
3857 2 2 6 1 1683 2698 1684
3858 2 2 6 1 1352 2697 953
3859 2 2 6 1 1575 2683 2680
3860 2 2 6 1 2723 2737 648
3861 2 2 6 1 2359 2692 2678
3862 2 2 6 1 2352 2699 1352
3863 2 2 6 1 578 579 577
3864 2 2 6 1 1571 2689 2356
3865 2 2 6 1 990 2671 986
3866 2 2 6 1 1352 2699 2697
3867 2 2 6 1 2692 2693 682
3868 2 2 6 1 575 851 574
3869 2 2 6 1 573 574 571
3870 2 2 6 1 1577 2687 2684
3871 2 2 6 1 1552 2274 2273
3872 2 2 6 1 581 2670 579
3873 2 2 6 1 2679 2698 1683
3874 2 2 6 1 579 2670 645
3875 2 2 6 1 576 578 577
3876 2 2 6 1 576 577 575
3877 2 2 6 1 668 2680 2650
3878 2 2 6 1 985 2671 1580
3879 2 2 6 1 1496 1546 1494
3880 2 2 6 1 570 684 572
3881 2 2 6 1 573 575 574
3882 2 2 6 1 989 2674 988
3883 2 2 6 1 2694 2699 2352
3884 2 2 6 1 1055 1058 1057
3885 2 2 6 1 1601 1602 1576
3886 2 2 6 1 684 1677 1579
3887 2 2 6 1 851 1578 979
3888 2 2 6 1 2420 2701 2423
3889 2 2 6 1 578 2669 580
3890 2 2 6 1 2674 2688 1689
3891 2 2 6 1 2683 2684 847
3892 2 2 6 1 2650 2683 847
3893 2 2 6 1 1048 2674 1410
3894 2 2 6 1 986 2671 983
3895 2 2 6 1 1409 2676 1411
3896 2 2 6 1 2721 2736 1588
3897 2 2 6 1 2680 2683 2650
3898 2 2 6 1 847 2684 2645
3899 2 2 6 1 586 2682 676
3900 2 2 6 1 2688 2703 1689
3901 2 2 6 1 577 2673 575
3902 2 2 6 1 588 2700 590
3903 2 2 6 1 1609 2676 1409
3904 2 2 6 1 988 2674 1048
3905 2 2 6 1 1677 2302 1579
3906 2 2 6 1 575 2673 851
3907 2 2 6 1 645 2673 577
3908 2 2 6 1 590 2700 2655
3909 2 2 6 1 1691 2713 2668
3910 2 2 6 1 2687 2689 674
3911 2 2 6 1 1046 2688 992
3912 2 2 6 1 2684 2687 2645
3913 2 2 6 1 1603 1845 1825
3914 2 2 6 1 684 1579 572
3915 2 2 6 1 2645 2687 674
3916 2 2 6 1 2393 2417 2395
3917 2 2 6 1 572 573 571
3918 2 2 6 1 191 2701 401
3919 2 2 6 1 612 2692 614
3920 2 2 6 1 1356 1601 1576
3921 2 2 6 1 1494 2681 1492
3922 2 2 6 1 1500 1514 1498
3923 2 2 6 1 989 2688 2674
3924 2 2 6 1 2693 2694 682
3925 2 2 6 1 992 2688 989
3926 2 2 6 1 567 634 565
3927 2 2 6 1 2319 2724 2716
3928 2 2 6 1 851 2673 1578
3929 2 2 6 1 1492 2681 1547
3930 2 2 6 1 2423 2701 2429
3931 2 2 6 1 2358 2693 2359
3932 2 2 6 1 682 2694 2354
3933 2 2 6 1 1512 1516 1515
3934 2 2 6 1 1058 1096 1059
3935 2 2 6 1 1058 1355 1096
3936 2 2 6 1 570 572 571
3937 2 2 6 1 1687 2699 2694
3938 2 2 6 1 2347 2691 2336
3939 2 2 6 1 1603 1825 1601
3940 2 2 6 1 2359 2693 2692
3941 2 2 6 1 1711 2698 1398
3942 2 2 6 1 674 2689 2678
3943 2 2 6 1 1504 1541 1502
3944 2 2 6 1 570 571 569
3945 2 2 6 1 981 2690 984
3946 2 2 6 1 1356 1603 1601
3947 2 2 6 1 1355 1356 1096
3948 2 2 6 1 1686 2699 1687
3949 2 2 6 1 2697 2699 1686
3950 2 2 6 1 1546 2681 1494
3951 2 2 6 1 573 2686 576
3952 2 2 6 1 568 570 569
3953 2 2 6 1 401 2701 2420
3954 2 2 6 1 676 2700 588
3955 2 2 6 1 1580 2695 1053
3956 2 2 6 1 1498 2685 1496
3957 2 2 6 1 1578 2690 979
3958 2 2 6 1 568 569 567
3959 2 2 6 1 560 853 562
3960 2 2 6 1 979 2690 981
3961 2 2 6 1 564 681 566
3962 2 2 6 1 2679 2697 1686
3963 2 2 6 1 572 2686 573
3964 2 2 6 1 1579 2686 572
3965 2 2 6 1 1496 2685 1546
3966 2 2 6 1 2691 2711 2337
3967 2 2 6 1 1061 1156 1063
3968 2 2 6 1 1689 2703 1690
3969 2 2 6 1 566 568 567
3970 2 2 6 1 1694 2760 2720
3971 2 2 6 1 1508 1536 1506
3972 2 2 6 1 2324 2716 2323
3973 2 2 6 1 854 1573 1572
3974 2 2 6 1 1053 2695 1055
3975 2 2 6 1 561 640 559
3976 2 2 6 1 1055 2695 1058
3977 2 2 6 1 566 567 565
3978 2 2 6 1 2370 2755 2722
3979 2 2 6 1 1065 1095 1067
3980 2 2 6 1 1513 2724 2345
3981 2 2 6 1 2395 2406 2398
3982 2 2 6 1 2423 2429 2426
3983 2 2 6 1 1514 2685 1498
3984 2 2 6 1 1512 1515 1510
3985 2 2 6 1 1058 2695 1355
3986 2 2 6 1 564 566 565
3987 2 2 6 1 62 2452 319
3988 2 2 6 1 2322 2708 569
3989 2 2 6 1 1502 2696 1500
3990 2 2 6 1 564 565 563
3991 2 2 6 1 1601 2702 1602
3992 2 2 6 1 552 856 554
3993 2 2 6 1 569 2708 567
3994 2 2 6 1 209 2417 2393
3995 2 2 6 1 1545 1847 1846
3996 2 2 6 1 852 2725 2320
3997 2 2 6 1 567 2708 634
3998 2 2 6 1 2377 2721 2376
3999 2 2 6 1 2729 2745 1695
4000 2 2 6 1 1012 2719 1360
4001 2 2 6 1 2719 2744 1693
4002 2 2 6 1 1500 2696 1514
4003 2 2 6 1 1096 2705 1059
4004 2 2 6 1 1541 2696 1502
4005 2 2 6 1 1825 2702 1601
4006 2 2 6 1 556 670 558
4007 2 2 6 1 2715 2731 1603
4008 2 2 6 1 2338 2727 2340
4009 2 2 6 1 615 2720 613
4010 2 2 6 1 2373 2723 2374
4011 2 2 6 1 562 564 563
4012 2 2 6 1 1580 2713 2695
4013 2 2 6 1 1059 2705 1061
4014 2 2 6 1 2337 2718 2338
4015 2 2 6 1 609 2722 607
4016 2 2 6 1 2314 2726 2313
4017 2 2 6 1 562 563 561
4018 2 2 6 1 1506 2704 1504
4019 2 2 6 1 2711 2718 2337
4020 2 2 6 1 1504 2704 1541
4021 2 2 6 1 1061 2705 1156
4022 2 2 6 1 853 2706 562
4023 2 2 6 1 560 562 561
4024 2 2 6 1 2695 2713 1355
4025 2 2 6 1 2673 2711 1578
4026 2 2 6 1 564 2706 681
4027 2 2 6 1 560 561 559
4028 2 2 6 1 1578 2711 2691
4029 2 2 6 1 2317 2724 2319
4030 2 2 6 1 2315 2724 2317
4031 2 2 6 1 1536 2704 1506
4032 2 2 6 1 2609 2729 1695
4033 2 2 6 1 2727 2730 2340
4034 2 2 6 1 645 2711 2673
4035 2 2 6 1 609 2759 2722
4036 2 2 6 1 615 2761 2720
4037 2 2 6 1 1691 2715 2713
4038 2 2 6 1 1069 1198 1071
4039 2 2 6 1 1148 2246 1098
4040 2 2 6 1 2341 2734 2343
4041 2 2 6 1 1356 2715 1603
4042 2 2 6 1 558 560 559
4043 2 2 6 1 2668 2713 1580
4044 2 2 6 1 2340 2730 2341
4045 2 2 6 1 1846 1857 1584
4046 2 2 6 1 558 559 557
4047 2 2 6 1 560 2710 853
4048 2 2 6 1 2302 2725 1579
4049 2 2 6 1 562 2706 564
4050 2 2 6 1 2728 2745 1311
4051 2 2 6 1 555 643 553
4052 2 2 6 1 2718 2727 2338
4053 2 2 6 1 645 2718 2711
4054 2 2 6 1 2729 2746 1558
4055 2 2 6 1 1516 1545 1515
4056 2 2 6 1 2734 2739 2343
4057 2 2 6 1 1508 2717 1536
4058 2 2 6 1 1582 2736 1693
4059 2 2 6 1 556 558 557
4060 2 2 6 1 1691 2731 2715
4061 2 2 6 1 670 2710 558
4062 2 2 6 1 1545 1584 1515
4063 2 2 6 1 2323 2716 1513
4064 2 2 6 1 2686 2725 852
4065 2 2 6 1 601 2738 648
4066 2 2 6 1 2656 2737 1588
4067 2 2 6 1 1587 1675 1573
4068 2 2 6 1 541 2762 632
4069 2 2 6 1 1677 2733 2302
4070 2 2 6 1 1396 1606 1424
4071 2 2 6 1 1545 1846 1584
4072 2 2 6 1 1673 2216 2206
4073 2 2 6 1 2263 2803 2797
4074 2 2 6 1 2730 2734 2341
4075 2 2 6 1 2335 2739 2664
4076 2 2 6 1 552 2735 856
4077 2 2 6 1 2395 2417 2406
4078 2 2 6 1 558 2710 560
4079 2 2 6 1 856 2712 554
4080 2 2 6 1 556 557 555
4081 2 2 6 1 1194 1196 1195
4082 2 2 6 1 2248 2249 2247
4083 2 2 6 1 2748 2749 846
4084 2 2 6 1 1693 2744 2743
4085 2 2 6 1 2383 2751 2387
4086 2 2 6 1 2383 2753 2751
4087 2 2 6 1 2387 2751 2749
4088 2 2 6 1 2382 2753 2383
4089 2 2 6 1 1355 2715 1356
4090 2 2 6 1 1010 2719 1012
4091 2 2 6 1 2382 2756 2753
4092 2 2 6 1 2721 2737 2376
4093 2 2 6 1 2381 2756 2382
4094 2 2 6 1 2719 2736 1360
4095 2 2 6 1 2757 2761 620
4096 2 2 6 1 613 2720 635
4097 2 2 6 1 211 2769 336
4098 2 2 6 1 1589 2760 1581
4099 2 2 6 1 1360 2721 2377
4100 2 2 6 1 607 2722 642
4101 2 2 6 1 2670 2718 645
4102 2 2 6 1 2345 2724 2315
4103 2 2 6 1 2758 2759 635
4104 2 2 6 1 2376 2723 2373
4105 2 2 6 1 2368 2755 2367
4106 2 2 6 1 2723 2738 2374
4107 2 2 6 1 1003 2742 1006
4108 2 2 6 1 1693 2743 1585
4109 2 2 6 1 1510 2717 1508
4110 2 2 6 1 2335 2741 2739
4111 2 2 6 1 642 2752 2750
4112 2 2 6 1 1073 1303 1075
4113 2 2 6 1 545 855 543
4114 2 2 6 1 554 556 555
4115 2 2 6 1 1007 2744 1010
4116 2 2 6 1 2334 2741 2335
4117 2 2 6 1 556 2712 670
4118 2 2 6 1 2334 2742 2741
4119 2 2 6 1 549 552 551
4120 2 2 6 1 2713 2715 1355
4121 2 2 6 1 1587 2277 1675
4122 2 2 6 1 1558 2745 2729
4123 2 2 6 1 554 555 553
4124 2 2 6 1 551 854 550
4125 2 2 6 1 1411 2731 1691
4126 2 2 6 1 2372 2752 2368
4127 2 2 6 1 846 2749 2619
4128 2 2 6 1 549 550 547
4129 2 2 6 1 2369 2758 1589
4130 2 2 6 1 642 2750 605
4131 2 2 6 1 2742 2743 1006
4132 2 2 6 1 2632 2754 2381
4133 2 2 6 1 635 2759 611
4134 2 2 6 1 620 2761 617
4135 2 2 6 1 2320 2726 2314
4136 2 2 6 1 2720 2761 1694
4137 2 2 6 1 2722 2759 2370
4138 2 2 6 1 2309 2763 563
4139 2 2 6 1 568 2740 2344
4140 2 2 6 1 2255 2256 2251
4141 2 2 6 1 566 2740 568
4142 2 2 6 1 2670 2727 2718
4143 2 2 6 1 850 2727 2670
4144 2 2 6 1 1579 2725 2686
4145 2 2 6 1 546 683 548
4146 2 2 6 1 552 554 553
4147 2 2 6 1 2752 2755 2368
4148 2 2 6 1 1695 2728 1583
4149 2 2 6 1 1515 2717 1510
4150 2 2 6 1 895 2745 1558
4151 2 2 6 1 552 553 551
4152 2 2 6 1 2386 2729 2609
4153 2 2 6 1 850 2730 2727
4154 2 2 6 1 683 2244 1692
4155 2 2 6 1 2615 2746 689
4156 2 2 6 1 2746 2747 689
4157 2 2 6 1 689 2747 2600
4158 2 2 6 1 1180 2772 2296
4159 2 2 6 1 2747 2748 2600
4160 2 2 6 1 2758 2760 1589
4161 2 2 6 1 2600 2748 846
4162 2 2 6 1 549 551 550
4163 2 2 6 1 2738 2750 2374
4164 2 2 6 1 2754 2757 2626
4165 2 2 6 1 1522 1543 1520
4166 2 2 6 1 2754 2756 2381
4167 2 2 6 1 1693 2736 2719
4168 2 2 6 1 2626 2757 620
4169 2 2 6 1 854 1587 1573
4170 2 2 6 1 543 2762 541
4171 2 2 6 1 1588 2737 2721
4172 2 2 6 1 648 2738 2723
4173 2 2 6 1 554 2712 556
4174 2 2 6 1 2665 2730 850
4175 2 2 6 1 1584 2717 1515
4176 2 2 6 1 2299 2733 1677
4177 2 2 6 1 1603 2731 1845
4178 2 2 6 1 2400 2401 2396
4179 2 2 6 1 553 2714 551
4180 2 2 6 1 2298 2766 557
4181 2 2 6 1 2665 2734 2730
4182 2 2 6 1 551 2714 854
4183 2 2 6 1 1949 1950 349
4184 2 2 6 1 637 2734 2665
4185 2 2 6 1 1588 2736 1582
4186 2 2 6 1 643 2714 553
4187 2 2 6 1 563 2763 561
4188 2 2 6 1 2297 2772 2767
4189 2 2 6 1 637 2739 2734
4190 2 2 6 1 683 1692 548
4191 2 2 6 1 648 2737 2656
4192 2 2 6 1 1079 1166 1081
4193 2 2 6 1 603 2738 601
4194 2 2 6 1 2409 2411 2410
4195 2 2 6 1 2664 2739 637
4196 2 2 6 1 2739 2741 2343
4197 2 2 6 1 548 549 547
4198 2 2 6 1 2147 2848 2844
4199 2 2 6 1 681 2740 566
4200 2 2 6 1 2343 2741 1359
4201 2 2 6 1 854 2714 1587
4202 2 2 6 1 2743 2744 1006
4203 2 2 6 1 2396 2408 398
4204 2 2 6 1 2741 2742 1359
4205 2 2 6 1 603 2750 2738
4206 2 2 6 1 1359 2742 1003
4207 2 2 6 1 1585 2743 2334
4208 2 2 6 1 541 632 539
4209 2 2 6 1 540 675 542
4210 2 2 6 1 1006 2744 1007
4211 2 2 6 1 1744 1745 1703
4212 2 2 6 1 2387 2749 2748
4213 2 2 6 1 546 548 547
4214 2 2 6 1 1694 2761 2757
4215 2 2 6 1 2334 2743 2742
4216 2 2 6 1 2370 2759 2758
4217 2 2 6 1 2750 2752 2374
4218 2 2 6 1 546 547 545
4219 2 2 6 1 545 2732 855
4220 2 2 6 1 2386 2747 2746
4221 2 2 6 1 2387 2748 2385
4222 2 2 6 1 2385 2748 2747
4223 2 2 6 1 2385 2747 2386
4224 2 2 6 1 2619 2749 1560
4225 2 2 6 1 2749 2751 1560
4226 2 2 6 1 605 2750 603
4227 2 2 6 1 2266 2268 2267
4228 2 2 6 1 2374 2752 2372
4229 2 2 6 1 1586 2754 2632
4230 2 2 6 1 1560 2751 2610
4231 2 2 6 1 1528 1537 1526
4232 2 2 6 1 2751 2753 2610
4233 2 2 6 1 1586 2757 2754
4234 2 2 6 1 1694 2757 1586
4235 2 2 6 1 2610 2753 647
4236 2 2 6 1 647 2756 2626
4237 2 2 6 1 2753 2756 647
4238 2 2 6 1 611 2759 609
4239 2 2 6 1 2370 2758 2369
4240 2 2 6 1 617 2761 615
4241 2 2 6 1 1094 2773 1099
4242 2 2 6 1 642 2755 2752
4243 2 2 6 1 549 2735 552
4244 2 2 6 1 550 2732 547
4245 2 2 6 1 635 2760 2758
4246 2 2 6 1 2626 2756 2754
4247 2 2 6 1 561 2763 640
4248 2 2 6 1 398 2408 207
4249 2 2 6 1 2714 2764 1587
4250 2 2 6 1 544 546 545
4251 2 2 6 1 319 2452 2447
4252 2 2 6 1 643 2764 2714
4253 2 2 6 1 856 2776 2273
4254 2 2 6 1 544 545 543
4255 2 2 6 1 2268 2269 2267
4256 2 2 6 1 2264 2266 2265
4257 2 2 6 1 548 2735 549
4258 2 2 6 1 1532 1535 1530
4259 2 2 6 1 1692 2735 548
4260 2 2 6 1 1083 1364 1085
4261 2 2 6 1 2722 2755 642
4262 2 2 6 1 2720 2760 635
4263 2 2 6 1 855 2762 543
4264 2 2 6 1 1695 2745 2728
4265 2 2 6 1 2291 2774 1351
4266 2 2 6 1 1592 1702 1591
4267 2 2 6 1 2386 2746 2729
4268 2 2 6 1 1423 1591 1220
4269 2 2 6 1 557 2766 555
4270 2 2 6 1 547 2732 545
4271 2 2 6 1 542 544 543
4272 2 2 6 1 2266 2267 2265
4273 2 2 6 1 1587 2764 2277
4274 2 2 6 1 542 543 541
4275 2 2 6 1 2261 2264 2262
4276 2 2 6 1 534 857 536
4277 2 2 6 1 540 542 541
4278 2 2 6 1 2259 2261 2260
4279 2 2 6 1 2260 2263 2258
4280 2 2 6 1 540 541 539
4281 2 2 6 1 683 2771 2245
4282 2 2 6 1 2264 2265 2262
4283 2 2 6 1 2402 2403 2401
4284 2 2 6 1 2257 2259 2258
4285 2 2 6 1 1089 1314 1091
4286 2 2 6 1 544 2771 546
4287 2 2 6 1 2261 2262 2260
4288 2 2 6 1 538 540 539
4289 2 2 6 1 535 644 533
4290 2 2 6 1 1351 2774 1066
4291 2 2 6 1 1064 2774 1180
4292 2 2 6 1 555 2766 643
4293 2 2 6 1 2255 2257 2256
4294 2 2 6 1 538 539 537
4295 2 2 6 1 2259 2260 2258
4296 2 2 6 1 338 2493 2491
4297 2 2 6 1 335 2187 226
4298 2 2 6 1 1744 2039 1745
4299 2 2 6 1 530 666 532
4300 2 2 6 1 1196 1219 1218
4301 2 2 6 1 536 538 537
4302 2 2 6 1 2766 2767 643
4303 2 2 6 1 1194 1195 1192
4304 2 2 6 1 536 537 535
4305 2 2 6 1 1592 1703 1702
4306 2 2 6 1 528 2765 530
4307 2 2 6 1 2257 2258 2256
4308 2 2 6 1 2249 2251 2250
4309 2 2 6 1 534 536 535
4310 2 2 6 1 1099 2773 1309
4311 2 2 6 1 1193 1593 1191
4312 2 2 6 1 643 2767 2764
4313 2 2 6 1 534 535 533
4314 2 2 6 1 1423 1592 1591
4315 2 2 6 1 2799 2822 2269
4316 2 2 6 1 1743 1896 1744
4317 2 2 6 1 1422 1714 1713
4318 2 2 6 1 538 2781 540
4319 2 2 6 1 532 534 533
4320 2 2 6 1 529 649 527
4321 2 2 6 1 1743 1744 1703
4322 2 2 6 1 530 2765 666
4323 2 2 6 1 2280 2791 2281
4324 2 2 6 1 534 2768 857
4325 2 2 6 1 2249 2250 2247
4326 2 2 6 1 212 2769 211
4327 2 2 6 1 2735 2776 856
4328 2 2 6 1 2296 2772 2297
4329 2 2 6 1 532 533 531
4330 2 2 6 1 546 2771 683
4331 2 2 6 1 1592 1743 1703
4332 2 2 6 1 525 526 523
4333 2 2 6 1 1193 1676 1593
4334 2 2 6 1 1093 2773 1094
4335 2 2 6 1 2236 2239 2149
4336 2 2 6 1 530 532 531
4337 2 2 6 1 666 2768 532
4338 2 2 6 1 525 528 527
4339 2 2 6 1 2283 2791 2280
4340 2 2 6 1 1196 1218 1195
4341 2 2 6 1 530 531 529
4342 2 2 6 1 1179 2775 2292
4343 2 2 6 1 2785 2807 2234
4344 2 2 6 1 2235 2237 2236
4345 2 2 6 1 528 2782 2765
4346 2 2 6 1 1066 2774 1064
4347 2 2 6 1 1192 1193 1191
4348 2 2 6 1 532 2768 534
4349 2 2 6 1 1099 1309 1101
4350 2 2 6 1 525 527 526
4351 2 2 6 1 528 529 527
4352 2 2 6 1 528 530 529
4353 2 2 6 1 1422 1423 1220
4354 2 2 6 1 1190 1192 1191
4355 2 2 6 1 522 685 524
4356 2 2 6 1 1692 2776 2735
4357 2 2 6 1 2244 2777 1692
4358 2 2 6 1 1422 1713 1423
4359 2 2 6 1 1692 2777 2776
4360 2 2 6 1 1218 1220 1195
4361 2 2 6 1 1222 1395 1219
4362 2 2 6 1 1591 2779 1220
4363 2 2 6 1 1218 1422 1220
4364 2 2 6 1 1423 2770 1592
4365 2 2 6 1 2432 2442 320
4366 2 2 6 1 685 1190 1189
4367 2 2 6 1 2237 2240 2238
4368 2 2 6 1 2709 2809 1150
4369 2 2 6 1 1702 2787 1591
4370 2 2 6 1 1190 1191 1189
4371 2 2 6 1 540 2781 675
4372 2 2 6 1 2792 2797 1149
4373 2 2 6 1 524 525 523
4374 2 2 6 1 1456 2027 1668
4375 2 2 6 1 216 2493 338
4376 2 2 6 1 2240 2241 2238
4377 2 2 6 1 2250 2792 2272
4378 2 2 6 1 1713 2770 1423
4379 2 2 6 1 1592 2770 1743
4380 2 2 6 1 1103 1216 1105
4381 2 2 6 1 685 1189 524
4382 2 2 6 1 1195 2779 1192
4383 2 2 6 1 1468 1469 1467
4384 2 2 6 1 2216 2796 2217
4385 2 2 6 1 1192 2779 1193
4386 2 2 6 1 1422 2778 1714
4387 2 2 6 1 2237 2238 2236
4388 2 2 6 1 1219 2778 1218
4389 2 2 6 1 522 524 523
4390 2 2 6 1 1105 2780 1107
4391 2 2 6 1 518 631 516
4392 2 2 6 1 1220 2779 1195
4393 2 2 6 1 515 680 517
4394 2 2 6 1 522 523 521
4395 2 2 6 1 2414 2794 394
4396 2 2 6 1 1395 2778 1219
4397 2 2 6 1 1226 1293 1224
4398 2 2 6 1 525 2782 528
4399 2 2 6 1 394 2794 202
4400 2 2 6 1 201 2794 321
4401 2 2 6 1 2276 2785 2234
4402 2 2 6 1 1218 2778 1422
4403 2 2 6 1 520 522 521
4404 2 2 6 1 2675 2796 2216
4405 2 2 6 1 524 2782 525
4406 2 2 6 1 2271 2812 531
4407 2 2 6 1 520 521 518
4408 2 2 6 1 1101 2783 1103
4409 2 2 6 1 2279 2796 1548
4410 2 2 6 1 1189 2782 524
4411 2 2 6 1 1309 2783 1101
4412 2 2 6 1 1593 2789 1191
4413 2 2 6 1 2779 2787 1193
4414 2 2 6 1 517 520 518
4415 2 2 6 1 1591 2787 2779
4416 2 2 6 1 2251 2792 2250
4417 2 2 6 1 2144 2147 2100
4418 2 2 6 1 1224 2784 1222
4419 2 2 6 1 517 518 516
4420 2 2 6 1 2256 2792 2251
4421 2 2 6 1 2148 2149 2146
4422 2 2 6 1 1216 2780 1105
4423 2 2 6 1 2145 2148 2146
4424 2 2 6 1 2143 2145 2144
4425 2 2 6 1 2782 2789 2765
4426 2 2 6 1 1193 2787 1676
4427 2 2 6 1 1150 2815 2282
4428 2 2 6 1 1103 2783 1216
4429 2 2 6 1 1222 2784 1395
4430 2 2 6 1 1109 1315 1111
4431 2 2 6 1 2021 2040 1469
4432 2 2 6 1 2797 2803 1149
4433 2 2 6 1 1232 1327 1230
4434 2 2 6 1 1549 2791 2283
4435 2 2 6 1 2802 2804 2416
4436 2 2 6 1 515 517 516
4437 2 2 6 1 2809 2815 1150
4438 2 2 6 1 2099 2143 2100
4439 2 2 6 1 512 638 510
4440 2 2 6 1 509 669 511
4441 2 2 6 1 521 2788 518
4442 2 2 6 1 515 516 514
4443 2 2 6 1 1113 1349 1115
4444 2 2 6 1 1261 2178 1331
4445 2 2 6 1 2263 2797 2258
4446 2 2 6 1 518 2788 631
4447 2 2 6 1 1293 2784 1224
4448 2 2 6 1 1189 2789 2782
4449 2 2 6 1 2145 2146 2144
4450 2 2 6 1 2143 2144 2100
4451 2 2 6 1 2523 2881 2521
4452 2 2 6 1 1191 2789 1189
4453 2 2 6 1 1086 2803 1084
4454 2 2 6 1 1927 1928 1664
4455 2 2 6 1 513 515 514
4456 2 2 6 1 1533 2806 1534
4457 2 2 6 1 2806 2823 1676
4458 2 2 6 1 2436 2443 2442
4459 2 2 6 1 321 2804 2518
4460 2 2 6 1 513 514 512
4461 2 2 6 1 2188 2189 2187
4462 2 2 6 1 2436 2442 2432
4463 2 2 6 1 202 2794 201
4464 2 2 6 1 513 2800 515
4465 2 2 6 1 1236 1239 1234
4466 2 2 6 1 2815 2819 2282
4467 2 2 6 1 2282 2819 1151
4468 2 2 6 1 362 2814 223
4469 2 2 6 1 511 513 512
4470 2 2 6 1 1248 1250 1249
4471 2 2 6 1 2165 2166 2164
4472 2 2 6 1 2096 2099 2097
4473 2 2 6 1 511 512 510
4474 2 2 6 1 2095 2098 2043
4475 2 2 6 1 2099 2100 2097
4476 2 2 6 1 2094 2096 2095
4477 2 2 6 1 2055 2056 859
4478 2 2 6 1 1117 1383 1119
4479 2 2 6 1 2072 2073 1167
4480 2 2 6 1 523 2801 521
4481 2 2 6 1 506 650 503
4482 2 2 6 1 2263 2809 2709
4483 2 2 6 1 509 511 510
4484 2 2 6 1 1171 2866 2015
4485 2 2 6 1 2765 2805 666
4486 2 2 6 1 2141 2187 335
4487 2 2 6 1 2819 2822 1151
4488 2 2 6 1 2260 2809 2263
4489 2 2 6 1 2042 2094 2043
4490 2 2 6 1 509 510 508
4491 2 2 6 1 537 2808 535
4492 2 2 6 1 1151 2822 2285
4493 2 2 6 1 2843 2844 1146
4494 2 2 6 1 1548 2796 2675
4495 2 2 6 1 1234 2793 1232
4496 2 2 6 1 1179 2799 2775
4497 2 2 6 1 507 509 508
4498 2 2 6 1 501 858 499
4499 2 2 6 1 2128 2129 2127
4500 2 2 6 1 2096 2097 2095
4501 2 2 6 1 2258 2797 2256
4502 2 2 6 1 507 508 506
4503 2 2 6 1 2193 2194 2191
4504 2 2 6 1 2256 2797 2792
4505 2 2 6 1 2094 2095 2043
4506 2 2 6 1 502 665 505
4507 2 2 6 1 1228 2813 1226
4508 2 2 6 1 2794 2804 321
4509 2 2 6 1 2077 2830 2073
4510 2 2 6 1 531 2812 529
4511 2 2 6 1 1827 2962 1788
4512 2 2 6 1 1232 2793 1327
4513 2 2 6 1 753 755 754
4514 2 2 6 1 2285 2799 1179
4515 2 2 6 1 1119 2795 1121
4516 2 2 6 1 517 2807 520
4517 2 2 6 1 505 507 506
4518 2 2 6 1 1243 1246 1241
4519 2 2 6 1 1324 1670 1669
4520 2 2 6 1 2040 2042 2041
4521 2 2 6 1 2098 2840 2834
4522 2 2 6 1 1248 1249 1245
4523 2 2 6 1 1239 2793 1234
4524 2 2 6 1 2518 2802 2520
4525 2 2 6 1 2079 2082 2080
4526 2 2 6 1 1149 2803 1086
4527 2 2 6 1 507 2818 509
4528 2 2 6 1 2133 2150 2134
4529 2 2 6 1 2225 2836 2223
4530 2 2 6 1 2042 2043 2041
4531 2 2 6 1 520 2807 2785
4532 2 2 6 1 515 2800 680
4533 2 2 6 1 505 506 503
4534 2 2 6 1 2416 2804 2414
4535 2 2 6 1 1324 2786 1670
4536 2 2 6 1 1674 2806 1533
4537 2 2 6 1 2414 2804 2794
4538 2 2 6 1 2226 2823 1674
4539 2 2 6 1 1670 1864 1731
4540 2 2 6 1 2806 2824 1534
4541 2 2 6 1 2223 2836 2224
4542 2 2 6 1 2163 2164 2162
4543 2 2 6 1 521 2801 2788
4544 2 2 6 1 792 1921 1920
4545 2 2 6 1 2040 2041 1469
4546 2 2 6 1 502 505 503
4547 2 2 6 1 1383 2795 1119
4548 2 2 6 1 1593 2805 2789
4549 2 2 6 1 1391 1392 938
4550 2 2 6 1 2030 2973 1633
4551 2 2 6 1 502 503 501
4552 2 2 6 1 2805 2823 2226
4553 2 2 6 1 2824 2827 1534
4554 2 2 6 1 2821 2834 1145
4555 2 2 6 1 1171 2014 1164
4556 2 2 6 1 1169 2955 1987
4557 2 2 6 1 2841 2858 2123
4558 2 2 6 1 2789 2805 2765
4559 2 2 6 1 680 2807 517
4560 2 2 6 1 535 2808 644
4561 2 2 6 1 2262 2809 2260
4562 2 2 6 1 496 661 498
4563 2 2 6 1 1252 2786 1250
4564 2 2 6 1 500 502 501
4565 2 2 6 1 832 892 814
4566 2 2 6 1 1670 1731 1669
4567 2 2 6 1 1745 2827 1703
4568 2 2 6 1 650 2798 503
4569 2 2 6 1 1250 1324 1249
4570 2 2 6 1 2230 2836 1466
4571 2 2 6 1 1593 2823 2805
4572 2 2 6 1 501 2798 858
4573 2 2 6 1 2828 2829 1535
4574 2 2 6 1 1532 2828 1535
4575 2 2 6 1 2262 2815 2809
4576 2 2 6 1 1125 1312 1127
4577 2 2 6 1 497 651 495
4578 2 2 6 1 529 2812 649
4579 2 2 6 1 500 501 499
4580 2 2 6 1 1745 2828 2827
4581 2 2 6 1 1129 1168 1131
4582 2 2 6 1 2787 2824 1676
4583 2 2 6 1 2265 2815 2262
4584 2 2 6 1 1226 2813 1293
4585 2 2 6 1 1381 1434 1433
4586 2 2 6 1 1669 1671 1594
4587 2 2 6 1 1324 1594 1249
4588 2 2 6 1 498 500 499
4589 2 2 6 1 503 2798 501
4590 2 2 6 1 1324 1669 1594
4591 2 2 6 1 223 2814 222
4592 2 2 6 1 2265 2819 2815
4593 2 2 6 1 498 499 497
4594 2 2 6 1 1275 2842 1277
4595 2 2 6 1 1256 1302 1254
4596 2 2 6 1 2267 2819 2265
4597 2 2 6 1 2079 3338 2082
4598 2 2 6 1 1265 2859 1267
4599 2 2 6 1 1661 1662 1392
4600 2 2 6 1 496 498 497
4601 2 2 6 1 1462 1464 1461
4602 2 2 6 1 509 2818 669
4603 2 2 6 1 1467 2821 2232
4604 2 2 6 1 2129 2132 2130
4605 2 2 6 1 1676 2824 2806
4606 2 2 6 1 920 1716 1308
4607 2 2 6 1 1976 1977 346
4608 2 2 6 1 2165 2167 2166
4609 2 2 6 1 1663 2837 1392
4610 2 2 6 1 2267 2822 2819
4611 2 2 6 1 500 2831 502
4612 2 2 6 1 1250 2786 1324
4613 2 2 6 1 496 497 495
4614 2 2 6 1 858 2816 499
4615 2 2 6 1 1116 2840 1114
4616 2 2 6 1 2269 2822 2267
4617 2 2 6 1 1702 2824 2787
4618 2 2 6 1 1245 2817 1243
4619 2 2 6 1 1676 2823 1593
4620 2 2 6 1 1135 1301 1137
4621 2 2 6 1 1434 1436 1435
4622 2 2 6 1 1243 2817 1246
4623 2 2 6 1 1702 2827 2824
4624 2 2 6 1 488 2857 2104
4625 2 2 6 1 1249 2817 1245
4626 2 2 6 1 494 496 495
4627 2 2 6 1 490 658 492
4628 2 2 6 1 1263 2833 1265
4629 2 2 6 1 2209 2852 2210
4630 2 2 6 1 1783 3239 1906
4631 2 2 6 1 2213 2852 2209
4632 2 2 6 1 2041 2821 1469
4633 2 2 6 1 1469 2821 1467
4634 2 2 6 1 778 1600 769
4635 2 2 6 1 88 2841 87
4636 2 2 6 1 499 2816 497
4637 2 2 6 1 770 2868 884
4638 2 2 6 1 494 495 493
4639 2 2 6 1 497 2816 651
4640 2 2 6 1 491 654 489
4641 2 2 6 1 2834 2840 1145
4642 2 2 6 1 1413 1416 1415
4643 2 2 6 1 2098 2834 2043
4644 2 2 6 1 444 446 445
4645 2 2 6 1 2163 2165 2164
4646 2 2 6 1 1313 2917 2897
4647 2 2 6 1 1703 2827 1702
4648 2 2 6 1 1594 2817 1249
4649 2 2 6 1 1534 2828 1532
4650 2 2 6 1 2827 2828 1534
4651 2 2 6 1 2129 2130 2127
4652 2 2 6 1 1745 2829 2828
4653 2 2 6 1 732 733 731
4654 2 2 6 1 492 494 493
4655 2 2 6 1 2039 2829 1745
4656 2 2 6 1 2239 2853 2243
4657 2 2 6 1 797 814 784
4658 2 2 6 1 2158 2163 2162
4659 2 2 6 1 1280 1292 1291
4660 2 2 6 1 492 493 491
4661 2 2 6 1 1268 1283 1266
4662 2 2 6 1 1167 2830 1144
4663 2 2 6 1 1252 2820 2786
4664 2 2 6 1 2222 2852 1465
4665 2 2 6 1 1147 2851 2850
4666 2 2 6 1 1595 1596 1384
4667 2 2 6 1 695 696 694
4668 2 2 6 1 2041 2834 2821
4669 2 2 6 1 1254 2820 1252
4670 2 2 6 1 490 492 491
4671 2 2 6 1 1262 1290 1260
4672 2 2 6 1 479 859 481
4673 2 2 6 1 2098 2843 2231
4674 2 2 6 1 2817 2835 1246
4675 2 2 6 1 490 491 489
4676 2 2 6 1 1302 2820 1254
4677 2 2 6 1 2844 2848 1146
4678 2 2 6 1 1110 2848 1108
4679 2 2 6 1 1600 2870 769
4680 2 2 6 1 2147 2849 2228
4681 2 2 6 1 1466 2836 2225
4682 2 2 6 1 906 907 892
4683 2 2 6 1 1709 2846 2653
4684 2 2 6 1 484 653 486
4685 2 2 6 1 2075 2076 2073
4686 2 2 6 1 502 2831 665
4687 2 2 6 1 2095 2843 2098
4688 2 2 6 1 488 490 489
4689 2 2 6 1 1141 1400 1143
4690 2 2 6 1 1335 1336 1175
4691 2 2 6 1 920 2865 1716
4692 2 2 6 1 2147 2844 2100
4693 2 2 6 1 1906 3239 2034
4694 2 2 6 1 1594 2835 2817
4695 2 2 6 1 2156 2157 2155
4696 2 2 6 1 1104 2850 1102
4697 2 2 6 1 1872 1873 1596
4698 2 2 6 1 863 2988 1906
4699 2 2 6 1 488 489 487
4700 2 2 6 1 2015 2016 2014
4701 2 2 6 1 2043 2834 2041
4702 2 2 6 1 2239 2851 2149
4703 2 2 6 1 1285 2047 2046
4704 2 2 6 1 2208 2862 1463
4705 2 2 6 1 2144 2849 2147
4706 2 2 6 1 485 657 482
4707 2 2 6 1 2236 2853 2239
4708 2 2 6 1 2008 2009 385
4709 2 2 6 1 486 488 487
4710 2 2 6 1 2153 3221 2951
4711 2 2 6 1 1169 2896 1170
4712 2 2 6 1 1145 2840 1116
4713 2 2 6 1 446 448 447
4714 2 2 6 1 1671 2835 1594
4715 2 2 6 1 1274 1281 1272
4716 2 2 6 1 793 1457 763
4717 2 2 6 1 1278 1279 1276
4718 2 2 6 1 2170 2874 508
4719 2 2 6 1 720 3184 3157
4720 2 2 6 1 364 2841 88
4721 2 2 6 1 2055 2057 2056
4722 2 2 6 1 486 487 485
4723 2 2 6 1 1215 1319 907
4724 2 2 6 1 1152 1418 1154
4725 2 2 6 1 2478 3213 1488
4726 2 2 6 1 706 709 708
4727 2 2 6 1 2082 2083 2080
4728 2 2 6 1 484 486 485
4729 2 2 6 1 494 2884 2116
4730 2 2 6 1 2138 2139 386
4731 2 2 6 1 3061 3195 1704
4732 2 2 6 1 1385 3237 2152
4733 2 2 6 1 2826 2933 1625
4734 2 2 6 1 2047 2050 2049
4735 2 2 6 1 1817 1818 1644
4736 2 2 6 1 1297 1604 1599
4737 2 2 6 1 484 485 482
4738 2 2 6 1 3065 3104 1867
4739 2 2 6 1 78 2863 2515
4740 2 2 6 1 403 2863 79
4741 2 2 6 1 475 646 477
4742 2 2 6 1 1878 1879 1640
4743 2 2 6 1 1604 1739 1605
4744 2 2 6 1 1630 1741 1631
4745 2 2 6 1 2117 2862 2118
4746 2 2 6 1 478 663 476
4747 2 2 6 1 481 484 482
4748 2 2 6 1 774 2875 768
4749 2 2 6 1 734 735 733
4750 2 2 6 1 2097 2843 2095
4751 2 2 6 1 1933 1934 1843
4752 2 2 6 1 2142 3094 3048
4753 2 2 6 1 2214 2869 514
4754 2 2 6 1 1842 1843 1841
4755 2 2 6 1 1288 2839 1282
4756 2 2 6 1 2076 2078 2077
4757 2 2 6 1 1938 1939 1937
4758 2 2 6 1 2219 2862 2117
4759 2 2 6 1 1274 2825 1281
4760 2 2 6 1 481 482 480
4761 2 2 6 1 1206 1207 928
4762 2 2 6 1 927 928 843
4763 2 2 6 1 2097 2844 2843
4764 2 2 6 1 1157 1431 1159
4765 2 2 6 1 2057 2058 2056
4766 2 2 6 1 776 1388 774
4767 2 2 6 1 2653 2846 1812
4768 2 2 6 1 2100 2844 2097
4769 2 2 6 1 1146 2848 1110
4770 2 2 6 1 2114 2156 2155
4771 2 2 6 1 1465 2852 2213
4772 2 2 6 1 1328 1804 813
4773 2 2 6 1 364 2858 2841
4774 2 2 6 1 479 481 480
4775 2 2 6 1 2479 2872 2477
4776 2 2 6 1 2482 2872 2481
4777 2 2 6 1 514 2869 512
4778 2 2 6 1 441 444 443
4779 2 2 6 1 702 703 700
4780 2 2 6 1 2813 2928 1293
4781 2 2 6 1 1297 2860 1604
4782 2 2 6 1 247 3149 378
4783 2 2 6 1 1214 1332 1213
4784 2 2 6 1 2051 2052 2050
4785 2 2 6 1 2146 2849 2144
4786 2 2 6 1 448 450 449
4787 2 2 6 1 1147 2850 1104
4788 2 2 6 1 1211 1213 901
4789 2 2 6 1 864 865 840
4790 2 2 6 1 781 789 780
4791 2 2 6 1 916 917 836
4792 2 2 6 1 2462 2877 2467
4793 2 2 6 1 898 899 816
4794 2 2 6 1 479 480 478
4795 2 2 6 1 2149 2851 2146
4796 2 2 6 1 1143 2838 1152
4797 2 2 6 1 2146 2851 2849
4798 2 2 6 1 686 3286 1877
4799 2 2 6 1 3056 3101 1690
4800 2 2 6 1 2466 2878 2465
4801 2 2 6 1 508 2874 506
4802 2 2 6 1 805 900 782
4803 2 2 6 1 2238 2853 2236
4804 2 2 6 1 1367 2968 2030
4805 2 2 6 1 2241 2854 2238
4806 2 2 6 1 2238 2854 2853
4807 2 2 6 1 1836 2879 2392
4808 2 2 6 1 1318 2879 2631
4809 2 2 6 1 2104 2857 2105
4810 2 2 6 1 1296 1347 917
4811 2 2 6 1 1904 2962 915
4812 2 2 6 1 2076 2077 2073
4813 2 2 6 1 239 3225 348
4814 2 2 6 1 697 698 696
4815 2 2 6 1 1976 3296 1977
4816 2 2 6 1 469 633 471
4817 2 2 6 1 486 2857 488
4818 2 2 6 1 1662 1927 1664
4819 2 2 6 1 477 479 478
4820 2 2 6 1 1172 2866 1171
4821 2 2 6 1 1436 1439 1438
4822 2 2 6 1 3078 3230 1832
4823 2 2 6 1 2530 2881 363
4824 2 2 6 1 1400 2838 1143
4825 2 2 6 1 2521 2881 2519
4826 2 2 6 1 472 664 470
4827 2 2 6 1 1365 1366 1332
4828 2 2 6 1 477 478 476
4829 2 2 6 1 1795 3191 1901
4830 2 2 6 1 1879 3027 1640
4831 2 2 6 1 1391 1661 1392
4832 2 2 6 1 1208 1371 1207
4833 2 2 6 1 821 918 897
4834 2 2 6 1 1605 1938 1937
4835 2 2 6 1 475 477 476
4836 2 2 6 1 2047 2051 2050
4837 2 2 6 1 1997 3347 1931
4838 2 2 6 1 1842 1933 1843
4839 2 2 6 1 1152 2838 1418
4840 2 2 6 1 1777 1782 1779
4841 2 2 6 1 2480 2858 364
4842 2 2 6 1 2174 2176 2172
4843 2 2 6 1 2565 3352 1203
4844 2 2 6 1 2179 2935 1178
4845 2 2 6 1 475 476 474
4846 2 2 6 1 1716 1717 1308
4847 2 2 6 1 1604 1605 1599
4848 2 2 6 1 1267 2859 1285
4849 2 2 6 1 653 2857 486
4850 2 2 6 1 808 828 807
4851 2 2 6 1 1280 1291 1279
4852 2 2 6 1 1838 1839 1427
4853 2 2 6 1 1463 2862 2219
4854 2 2 6 1 918 1384 945
4855 2 2 6 1 2017 2018 2016
4856 2 2 6 1 1286 1458 1329
4857 2 2 6 1 1285 2859 2047
4858 2 2 6 1 1368 1754 1753
4859 2 2 6 1 1008 2891 1004
4860 2 2 6 1 1002 2891 1005
4861 2 2 6 1 1604 2906 1739
4862 2 2 6 1 1161 1446 1163
4863 2 2 6 1 473 475 474
4864 2 2 6 1 79 2863 78
4865 2 2 6 1 1754 1797 1755
4866 2 2 6 1 2112 2864 815
4867 2 2 6 1 1419 1420 1319
4868 2 2 6 1 1945 1946 355
4869 2 2 6 1 756 3016 758
4870 2 2 6 1 1605 1937 1599
4871 2 2 6 1 1292 1426 1291
4872 2 2 6 1 2185 2898 376
4873 2 2 6 1 1210 1721 1212
4874 2 2 6 1 1816 3246 2488
4875 2 2 6 1 1154 2847 1157
4876 2 2 6 1 492 2884 494
4877 2 2 6 1 909 933 886
4878 2 2 6 1 1214 1365 1332
4879 2 2 6 1 760 764 762
4880 2 2 6 1 1418 2847 1154
4881 2 2 6 1 1297 1599 1598
4882 2 2 6 1 1840 1841 1839
4883 2 2 6 1 1845 3035 1880
4884 2 2 6 1 1320 1640 936
4885 2 2 6 1 463 519 465
4886 2 2 6 1 697 2115 698
4887 2 2 6 1 916 1297 1296
4888 2 2 6 1 1178 2909 2186
4889 2 2 6 1 720 3157 2910
4890 2 2 6 1 801 813 812
4891 2 2 6 1 736 737 735
4892 2 2 6 1 473 474 472
4893 2 2 6 1 1718 2903 2873
4894 2 2 6 1 1767 2919 1764
4895 2 2 6 1 2888 2905 1595
4896 2 2 6 1 2047 2859 2051
4897 2 2 6 1 1840 1842 1841
4898 2 2 6 1 1873 1883 1882
4899 2 2 6 1 1276 2825 1274
4900 2 2 6 1 1347 1817 1644
4901 2 2 6 1 1375 1697 1696
4902 2 2 6 1 2135 2940 487
4903 2 2 6 1 1998 2949 891
4904 2 2 6 1 1914 3095 3008
4905 2 2 6 1 844 862 810
4906 2 2 6 1 1211 1214 1213
4907 2 2 6 1 1296 2867 1347
4908 2 2 6 1 916 1296 917
4909 2 2 6 1 1635 1636 1448
4910 2 2 6 1 388 3115 1837
4911 2 2 6 1 512 2869 638
4912 2 2 6 1 2873 2903 1754
4913 2 2 6 1 1157 2847 1431
4914 2 2 6 1 1342 1343 911
4915 2 2 6 1 1365 1429 1366
4916 2 2 6 1 921 938 883
4917 2 2 6 1 1368 1391 938
4918 2 2 6 1 350 3080 32
4919 2 2 6 1 1754 1755 1753
4920 2 2 6 1 1866 1868 1420
4921 2 2 6 1 918 945 897
4922 2 2 6 1 1297 1598 1296
4923 2 2 6 1 805 901 900
4924 2 2 6 1 471 473 472
4925 2 2 6 1 1368 1753 1391
4926 2 2 6 1 366 3087 3045
4927 2 2 6 1 753 754 752
4928 2 2 6 1 2481 2872 2479
4929 2 2 6 1 799 801 800
4930 2 2 6 1 1384 1385 945
4931 2 2 6 1 236 2912 235
4932 2 2 6 1 1214 1399 1365
4933 2 2 6 1 506 2874 650
4934 2 2 6 1 1717 1806 1718
4935 2 2 6 1 797 832 814
4936 2 2 6 1 1873 1882 1596
4937 2 2 6 1 844 920 883
4938 2 2 6 1 704 705 703
4939 2 2 6 1 800 2864 798
4940 2 2 6 1 1344 1345 1343
4941 2 2 6 1 1842 1936 1933
4942 2 2 6 1 653 2904 2857
4943 2 2 6 1 1927 3117 353
4944 2 2 6 1 695 2911 902
4945 2 2 6 1 1135 2899 1301
4946 2 2 6 1 777 787 783
4947 2 2 6 1 3057 3164 887
4948 2 2 6 1 920 1308 921
4949 2 2 6 1 1623 1624 1621
4950 2 2 6 1 1455 1629 1453
4951 2 2 6 1 1895 3285 153
4952 2 2 6 1 2192 2899 2202
4953 2 2 6 1 1622 1645 1386
4954 2 2 6 1 427 1444 425
4955 2 2 6 1 1717 1718 1308
4956 2 2 6 1 2464 2877 2462
4957 2 2 6 1 471 472 470
4958 2 2 6 1 466 660 464
4959 2 2 6 1 2504 2878 2466
4960 2 2 6 1 776 2861 1388
4961 2 2 6 1 1808 3172 3139
4962 2 2 6 1 2392 2879 1318
4963 2 2 6 1 787 809 788
4964 2 2 6 1 1426 1427 1291
4965 2 2 6 1 1780 1781 1775
4966 2 2 6 1 897 916 836
4967 2 2 6 1 1426 1750 1427
4968 2 2 6 1 2857 2904 2105
4969 2 2 6 1 1764 1765 1762
4970 2 2 6 1 921 1368 938
4971 2 2 6 1 832 906 892
4972 2 2 6 1 469 471 470
4973 2 2 6 1 457 504 459
4974 2 2 6 1 1750 1838 1427
4975 2 2 6 1 900 2861 782
4976 2 2 6 1 1951 2929 1984
4977 2 2 6 1 2488 3293 1816
4978 2 2 6 1 1625 2900 2826
4979 2 2 6 1 809 843 810
4980 2 2 6 1 844 883 862
4981 2 2 6 1 764 767 765
4982 2 2 6 1 801 812 800
4983 2 2 6 1 1896 3341 70
4984 2 2 6 1 920 921 883
4985 2 2 6 1 1439 1441 1440
4986 2 2 6 1 312 1969 1968
4987 2 2 6 1 906 1215 907
4988 2 2 6 1 2519 2881 2530
4989 2 2 6 1 843 844 810
4990 2 2 6 1 1279 2825 1276
4991 2 2 6 1 1173 1335 1175
4992 2 2 6 1 783 805 782
4993 2 2 6 1 777 782 776
4994 2 2 6 1 460 656 458
4995 2 2 6 1 785 799 798
4996 2 2 6 1 739 3125 1925
4997 2 2 6 1 456 1625 454
4998 2 2 6 1 1598 2867 1296
4999 2 2 6 1 1210 1211 901
5000 2 2 6 1 469 470 468
5001 2 2 6 1 939 940 899
5002 2 2 6 1 1313 1655 1389
5003 2 2 6 1 1210 2886 1721
5004 2 2 6 1 805 1210 901
5005 2 2 6 1 877 879 878
5006 2 2 6 1 1377 1378 1345
5007 2 2 6 1 412 2920 177
5008 2 2 6 1 176 2920 343
5009 2 2 6 1 775 776 774
5010 2 2 6 1 738 739 737
5011 2 2 6 1 1770 1772 1767
5012 2 2 6 1 771 780 772
5013 2 2 6 1 812 815 800
5014 2 2 6 1 1838 1840 1839
5015 2 2 6 1 916 2860 1297
5016 2 2 6 1 1786 1790 1789
5017 2 2 6 1 2154 2947 1934
5018 2 2 6 1 809 810 788
5019 2 2 6 1 706 708 705
5020 2 2 6 1 772 774 768
5021 2 2 6 1 787 788 783
5022 2 2 6 1 1388 2875 774
5023 2 2 6 1 658 2884 492
5024 2 2 6 1 767 771 768
5025 2 2 6 1 467 469 468
5026 2 2 6 1 1653 3335 1917
5027 2 2 6 1 2120 3032 2961
5028 2 2 6 1 1858 1859 1606
5029 2 2 6 1 821 897 836
5030 2 2 6 1 829 886 828
5031 2 2 6 1 1843 2937 1841
5032 2 2 6 1 2811 2894 1600
5033 2 2 6 1 1210 1212 1211
5034 2 2 6 1 764 765 762
5035 2 2 6 1 2439 3353 2434
5036 2 2 6 1 1043 2924 996
5037 2 2 6 1 994 2924 1046
5038 2 2 6 1 1215 1419 1319
5039 2 2 6 1 1347 2867 1817
5040 2 2 6 1 775 777 776
5041 2 2 6 1 897 2860 916
5042 2 2 6 1 777 783 782
5043 2 2 6 1 2039 3186 2829
5044 2 2 6 1 945 2860 897
5045 2 2 6 1 766 769 761
5046 2 2 6 1 1839 2885 1427
5047 2 2 6 1 184 2925 183
5048 2 2 6 1 1992 2922 1991
5049 2 2 6 1 1616 2926 1958
5050 2 2 6 1 1642 2926 1615
5051 2 2 6 1 2576 2927 2542
5052 2 2 6 1 2538 2927 2539
5053 2 2 6 1 2702 3127 1602
5054 2 2 6 1 2640 2963 1294
5055 2 2 6 1 2018 2091 2016
5056 2 2 6 1 759 889 757
5057 2 2 6 1 467 468 466
5058 2 2 6 1 1699 1740 1701
5059 2 2 6 1 789 1367 780
5060 2 2 6 1 866 2978 1648
5061 2 2 6 1 1004 2891 1002
5062 2 2 6 1 1734 2954 1639
5063 2 2 6 1 755 763 756
5064 2 2 6 1 2453 2928 2447
5065 2 2 6 1 2415 2946 2416
5066 2 2 6 1 1368 2873 1754
5067 2 2 6 1 465 467 466
5068 2 2 6 1 1663 2969 2837
5069 2 2 6 1 866 1648 1323
5070 2 2 6 1 1371 1450 1207
5071 2 2 6 1 928 2865 843
5072 2 2 6 1 782 2861 776
5073 2 2 6 1 1461 2892 1803
5074 2 2 6 1 771 772 768
5075 2 2 6 1 799 800 798
5076 2 2 6 1 440 441 439
5077 2 2 6 1 770 884 779
5078 2 2 6 1 760 762 761
5079 2 2 6 1 762 766 761
5080 2 2 6 1 821 836 815
5081 2 2 6 1 772 775 774
5082 2 2 6 1 767 768 765
5083 2 2 6 1 1419 1866 1420
5084 2 2 6 1 465 466 464
5085 2 2 6 1 1720 2882 1930
5086 2 2 6 1 760 761 759
5087 2 2 6 1 796 1313 822
5088 2 2 6 1 812 821 815
5089 2 2 6 1 1718 2873 1308
5090 2 2 6 1 2155 2947 2154
5091 2 2 6 1 1719 1830 1829
5092 2 2 6 1 1627 2936 2728
5093 2 2 6 1 1583 2936 1649
5094 2 2 6 1 2134 2935 2132
5095 2 2 6 1 1335 1459 1336
5096 2 2 6 1 1371 1620 1450
5097 2 2 6 1 1308 2873 921
5098 2 2 6 1 2132 2935 2130
5099 2 2 6 1 1441 1443 1442
5100 2 2 6 1 3226 3273 1747
5101 2 2 6 1 815 2864 800
5102 2 2 6 1 31 2943 30
5103 2 2 6 1 844 2865 920
5104 2 2 6 1 1937 2898 1599
5105 2 2 6 1 1648 3100 2923
5106 2 2 6 1 2108 2880 1650
5107 2 2 6 1 1620 2001 1450
5108 2 2 6 1 935 1374 933
5109 2 2 6 1 463 465 464
5110 2 2 6 1 2780 2939 1107
5111 2 2 6 1 1109 2939 1315
5112 2 2 6 1 921 2873 1368
5113 2 2 6 1 2092 3038 1176
5114 2 2 6 1 2152 3235 1385
5115 2 2 6 1 1419 1867 1866
5116 2 2 6 1 843 2865 844
5117 2 2 6 1 770 778 769
5118 2 2 6 1 779 784 778
5119 2 2 6 1 785 797 784
5120 2 2 6 1 898 939 899
5121 2 2 6 1 906 1299 1215
5122 2 2 6 1 821 2888 918
5123 2 2 6 1 1133 2899 1135
5124 2 2 6 1 793 2890 1457
5125 2 2 6 1 779 785 784
5126 2 2 6 1 785 798 797
5127 2 2 6 1 709 715 714
5128 2 2 6 1 740 2033 742
5129 2 2 6 1 770 779 778
5130 2 2 6 1 1320 1878 1640
5131 2 2 6 1 2188 2975 2190
5132 2 2 6 1 1375 1696 1374
5133 2 2 6 1 452 483 453
5134 2 2 6 1 1321 2982 1305
5135 2 2 6 1 1875 3303 369
5136 2 2 6 1 1954 2913 1955
5137 2 2 6 1 775 2889 2832
5138 2 2 6 1 2141 2941 2188
5139 2 2 6 1 1867 1961 1866
5140 2 2 6 1 758 760 759
5141 2 2 6 1 2105 2904 2107
5142 2 2 6 1 1650 3020 1651
5143 2 2 6 1 2005 3124 2000
5144 2 2 6 1 1389 3229 3152
5145 2 2 6 1 2014 2895 1162
5146 2 2 6 1 766 770 769
5147 2 2 6 1 1364 2946 1085
5148 2 2 6 1 1961 3326 387
5149 2 2 6 1 463 464 462
5150 2 2 6 1 813 2888 812
5151 2 2 6 1 2879 2967 2631
5152 2 2 6 1 1338 1623 1621
5153 2 2 6 1 1949 3259 1951
5154 2 2 6 1 2860 2906 1604
5155 2 2 6 1 1655 1833 1389
5156 2 2 6 1 1451 2044 440
5157 2 2 6 1 1369 2923 1726
5158 2 2 6 1 1829 2997 1330
5159 2 2 6 1 910 1341 1340
5160 2 2 6 1 1342 1344 1343
5161 2 2 6 1 2596 2948 1708
5162 2 2 6 1 2646 2948 1317
5163 2 2 6 1 461 463 462
5164 2 2 6 1 487 2940 485
5165 2 2 6 1 1291 2885 1279
5166 2 2 6 1 701 1298 937
5167 2 2 6 1 450 452 451
5168 2 2 6 1 1396 1858 1606
5169 2 2 6 1 1707 3292 2471
5170 2 2 6 1 2186 2909 1470
5171 2 2 6 1 871 872 870
5172 2 2 6 1 1804 2905 813
5173 2 2 6 1 740 741 739
5174 2 2 6 1 1599 2898 1598
5175 2 2 6 1 3179 3286 686
5176 2 2 6 1 867 868 865
5177 2 2 6 1 369 3242 249
5178 2 2 6 1 1344 1377 1345
5179 2 2 6 1 825 887 803
5180 2 2 6 1 1827 3298 2962
5181 2 2 6 1 461 462 460
5182 2 2 6 1 879 881 880
5183 2 2 6 1 1341 1428 1390
5184 2 2 6 1 1377 1417 1378
5185 2 2 6 1 1427 2885 1291
5186 2 2 6 1 1720 3348 3108
5187 2 2 6 1 2865 2908 1716
5188 2 2 6 1 2924 2999 1046
5189 2 2 6 1 945 2906 2860
5190 2 2 6 1 1279 2885 2825
5191 2 2 6 1 235 2912 310
5192 2 2 6 1 459 461 460
5193 2 2 6 1 1417 3309 1976
5194 2 2 6 1 761 2870 759
5195 2 2 6 1 1754 2903 1797
5196 2 2 6 1 806 3136 1979
5197 2 2 6 1 759 2870 889
5198 2 2 6 1 1207 2908 928
5199 2 2 6 1 1163 2955 1169
5200 2 2 6 1 783 2886 805
5201 2 2 6 1 1443 1462 1461
5202 2 2 6 1 780 2889 772
5203 2 2 6 1 1367 2889 780
5204 2 2 6 1 1841 2944 1839
5205 2 2 6 1 805 2886 1210
5206 2 2 6 1 1385 2906 945
5207 2 2 6 1 1313 1389 822
5208 2 2 6 1 1948 3003 1949
5209 2 2 6 1 881 923 904
5210 2 2 6 1 1313 2897 1655
5211 2 2 6 1 740 742 741
5212 2 2 6 1 1416 1611 1610
5213 2 2 6 1 701 936 699
5214 2 2 6 1 2864 2887 798
5215 2 2 6 1 2016 2895 2014
5216 2 2 6 1 311 3047 2024
5217 2 2 6 1 1625 2958 454
5218 2 2 6 1 1736 1738 1737
5219 2 2 6 1 788 2886 783
5220 2 2 6 1 2856 3205 826
5221 2 2 6 1 435 436 433
5222 2 2 6 1 2428 3258 1198
5223 2 2 6 1 459 460 458
5224 2 2 6 1 1619 1985 1459
5225 2 2 6 1 1203 3342 2565
5226 2 2 6 1 348 3110 1957
5227 2 2 6 1 813 2905 2888
5228 2 2 6 1 828 831 807
5229 2 2 6 1 2069 2914 1597
5230 2 2 6 1 812 2888 821
5231 2 2 6 1 457 459 458
5232 2 2 6 1 1597 2914 1657
5233 2 2 6 1 1542 2966 1484
5234 2 2 6 1 3186 3236 2829
5235 2 2 6 1 758 759 757
5236 2 2 6 1 2455 2998 2453
5237 2 2 6 1 1737 2954 1734
5238 2 2 6 1 748 750 749
5239 2 2 6 1 250 3345 369
5240 2 2 6 1 1335 1619 1459
5241 2 2 6 1 772 2889 775
5242 2 2 6 1 1837 2967 2879
5243 2 2 6 1 656 2900 458
5244 2 2 6 1 1958 3340 3054
5245 2 2 6 1 766 2918 2868
5246 2 2 6 1 928 2908 2865
5247 2 2 6 1 750 2917 749
5248 2 2 6 1 1451 2109 2044
5249 2 2 6 1 1759 1760 773
5250 2 2 6 1 1816 3293 2468
5251 2 2 6 1 1294 2970 2643
5252 2 2 6 1 1828 3308 3070
5253 2 2 6 1 797 2887 832
5254 2 2 6 1 1450 2908 1207
5255 2 2 6 1 898 941 939
5256 2 2 6 1 456 2900 1625
5257 2 2 6 1 698 700 699
5258 2 2 6 1 1518 3182 1992
5259 2 2 6 1 1644 3029 1643
5260 2 2 6 1 2552 2921 2167
5261 2 2 6 1 769 2870 761
5262 2 2 6 1 1367 2952 2889
5263 2 2 6 1 283 2974 284
5264 2 2 6 1 457 458 456
5265 2 2 6 1 2167 2921 2166
5266 2 2 6 1 2013 3050 3033
5267 2 2 6 1 933 934 886
5268 2 2 6 1 2468 3346 1816
5269 2 2 6 1 177 2920 176
5270 2 2 6 1 2565 3350 2567
5271 2 2 6 1 2567 3350 2566
5272 2 2 6 1 798 2887 797
5273 2 2 6 1 375 3295 2227
5274 2 2 6 1 1298 1425 937
5275 2 2 6 1 1995 2994 1857
5276 2 2 6 1 2063 3039 2067
5277 2 2 6 1 1170 2896 1173
5278 2 2 6 1 785 2901 799
5279 2 2 6 1 2130 2935 2179
5280 2 2 6 1 455 457 456
5281 2 2 6 1 1696 1700 1374
5282 2 2 6 1 3127 3173 1602
5283 2 2 6 1 1724 1808 1624
5284 2 2 6 1 1747 3273 1746
5285 2 2 6 1 2091 2895 2016
5286 2 2 6 1 1772 2919 1767
5287 2 2 6 1 1336 2883 1338
5288 2 2 6 1 862 2938 810
5289 2 2 6 1 1605 2957 1938
5290 2 2 6 1 755 756 754
5291 2 2 6 1 923 1321 1305
5292 2 2 6 1 752 1647 750
5293 2 2 6 1 2875 2918 765
5294 2 2 6 1 3036 3321 1874
5295 2 2 6 1 762 2918 766
5296 2 2 6 1 996 2924 994
5297 2 2 6 1 709 714 708
5298 2 2 6 1 822 898 816
5299 2 2 6 1 937 1320 936
5300 2 2 6 1 2989 3029 1299
5301 2 2 6 1 1459 2883 1336
5302 2 2 6 1 765 2918 762
5303 2 2 6 1 313 2925 184
5304 2 2 6 1 1640 2950 936
5305 2 2 6 1 2504 2963 2878
5306 2 2 6 1 1615 2926 1616
5307 2 2 6 1 2542 2927 2538
5308 2 2 6 1 700 701 699
5309 2 2 6 1 796 822 816
5310 2 2 6 1 1961 3354 328
5311 2 2 6 1 1344 1430 1377
5312 2 2 6 1 939 1407 940
5313 2 2 6 1 453 454 451
5314 2 2 6 1 1637 1638 1636
5315 2 2 6 1 2013 3033 1212
5316 2 2 6 1 1782 1783 1779
5317 2 2 6 1 701 2902 1298
5318 2 2 6 1 1857 2994 1584
5319 2 2 6 1 1453 2109 1451
5320 2 2 6 1 2717 2994 1536
5321 2 2 6 1 2899 2975 1301
5322 2 2 6 1 316 2996 2594
5323 2 2 6 1 450 451 449
5324 2 2 6 1 779 2901 785
5325 2 2 6 1 874 875 872
5326 2 2 6 1 1340 1342 911
5327 2 2 6 1 440 2044 441
5328 2 2 6 1 2447 2928 2448
5329 2 2 6 1 455 456 454
5330 2 2 6 1 448 449 447
5331 2 2 6 1 701 937 936
5332 2 2 6 1 2036 3146 2037
5333 2 2 6 1 796 816 795
5334 2 2 6 1 884 2901 779
5335 2 2 6 1 308 773 307
5336 2 2 6 1 1699 1701 1697
5337 2 2 6 1 444 445 443
5338 2 2 6 1 453 455 454
5339 2 2 6 1 2591 3332 2572
5340 2 2 6 1 363 3031 2533
5341 2 2 6 1 1659 1887 1390
5342 2 2 6 1 1879 3062 3027
5343 2 2 6 1 446 447 445
5344 2 2 6 1 1651 2876 1428
5345 2 2 6 1 756 758 757
5346 2 2 6 1 306 791 305
5347 2 2 6 1 452 453 451
5348 2 2 6 1 1952 3304 372
5349 2 2 6 1 2889 2952 2832
5350 2 2 6 1 30 2943 356
5351 2 2 6 1 1880 3243 313
5352 2 2 6 1 2524 3319 1303
5353 2 2 6 1 1044 3005 1021
5354 2 2 6 1 1019 3005 1047
5355 2 2 6 1 2415 3015 2946
5356 2 2 6 1 51 3006 323
5357 2 2 6 1 877 878 875
5358 2 2 6 1 2957 3221 373
5359 2 2 6 1 285 804 5
5360 2 2 6 1 862 2969 2938
5361 2 2 6 1 2886 2938 1721
5362 2 2 6 1 3062 3102 455
5363 2 2 6 1 910 911 891
5364 2 2 6 1 1173 2896 1335
5365 2 2 6 1 313 3243 3234
5366 2 2 6 1 715 817 714
5367 2 2 6 1 749 795 747
5368 2 2 6 1 719 885 717
5369 2 2 6 1 304 823 303
5370 2 2 6 1 1341 1390 1340
5371 2 2 6 1 796 2917 1313
5372 2 2 6 1 2497 3013 2496
5373 2 2 6 1 1935 2937 1843
5374 2 2 6 1 2411 3013 2410
5375 2 2 6 1 2728 2936 1583
5376 2 2 6 1 1623 1724 1624
5377 2 2 6 1 1630 1631 1629
5378 2 2 6 1 910 1340 911
5379 2 2 6 1 2547 3011 2548
5380 2 2 6 1 408 3011 2581
5381 2 2 6 1 288 830 287
5382 2 2 6 1 2934 3324 3240
5383 2 2 6 1 934 2916 2915
5384 2 2 6 1 1281 2986 1272
5385 2 2 6 1 1784 1786 1785
5386 2 2 6 1 1338 2883 1623
5387 2 2 6 1 1107 2939 1109
5388 2 2 6 1 1660 2945 1982
5389 2 2 6 1 708 710 705
5390 2 2 6 1 458 2900 456
5391 2 2 6 1 1089 3015 1314
5392 2 2 6 1 369 3306 3242
5393 2 2 6 1 378 3086 1889
5394 2 2 6 1 144 3018 389
5395 2 2 6 1 418 3018 145
5396 2 2 6 1 2018 3244 2087
5397 2 2 6 1 2403 3019 2405
5398 2 2 6 1 749 2917 796
5399 2 2 6 1 2082 3338 657
5400 2 2 6 1 817 891 714
5401 2 2 6 1 788 2938 2886
5402 2 2 6 1 1875 1876 1701
5403 2 2 6 1 2059 3331 2055
5404 2 2 6 1 698 699 696
5405 2 2 6 1 1528 3022 1537
5406 2 2 6 1 1535 3022 1530
5407 2 2 6 1 941 3152 2037
5408 2 2 6 1 1239 3307 2438
5409 2 2 6 1 485 2940 657
5410 2 2 6 1 1839 2944 2885
5411 2 2 6 1 2909 2972 1470
5412 2 2 6 1 1536 2991 2704
5413 2 2 6 1 1268 3010 1283
5414 2 2 6 1 2434 3093 2440
5415 2 2 6 1 2588 2999 2924
5416 2 2 6 1 5 1758 308
5417 2 2 6 1 703 2902 700
5418 2 2 6 1 1710 3112 907
5419 2 2 6 1 1448 2038 1447
5420 2 2 6 1 1658 1719 1330
5421 2 2 6 1 886 2915 828
5422 2 2 6 1 1428 1659 1390
5423 2 2 6 1 865 2997 840
5424 2 2 6 1 301 707 300
5425 2 2 6 1 295 1917 294
5426 2 2 6 1 2142 2941 2141
5427 2 2 6 1 1716 2964 1717
5428 2 2 6 1 1697 2932 1696
5429 2 2 6 1 756 757 754
5430 2 2 6 1 1763 1771 1766
5431 2 2 6 1 1624 3063 3000
5432 2 2 6 1 2592 3060 412
5433 2 2 6 1 942 1705 1658
5434 2 2 6 1 1408 1852 1810
5435 2 2 6 1 296 711 295
5436 2 2 6 1 1641 1811 1322
5437 2 2 6 1 749 796 795
5438 2 2 6 1 817 910 891
5439 2 2 6 1 2825 2944 1281
5440 2 2 6 1 942 1330 869
5441 2 2 6 1 699 2950 696
5442 2 2 6 1 746 748 747
5443 2 2 6 1 1667 2933 2826
5444 2 2 6 1 8 720 302
5445 2 2 6 1 294 1850 293
5446 2 2 6 1 272 3042 273
5447 2 2 6 1 1740 1875 1701
5448 2 2 6 1 358 2995 2001
5449 2 2 6 1 810 2938 788
5450 2 2 6 1 307 1821 306
5451 2 2 6 1 1085 2946 1087
5452 2 2 6 1 2025 3254 384
5453 2 2 6 1 2676 3035 1411
5454 2 2 6 1 2731 3035 1845
5455 2 2 6 1 1176 3145 2124
5456 2 2 6 1 1370 1725 1402
5457 2 2 6 1 2159 2947 2155
5458 2 2 6 1 297 686 7
5459 2 2 6 1 1335 2896 1619
5460 2 2 6 1 748 749 747
5461 2 2 6 1 934 2915 886
5462 2 2 6 1 303 1862 8
5463 2 2 6 1 700 2902 701
5464 2 2 6 1 377 3340 1958
5465 2 2 6 1 2885 2944 2825
5466 2 2 6 1 291 424 6
5467 2 2 6 1 293 430 292
5468 2 2 6 1 2124 3073 2125
5469 2 2 6 1 2192 2975 2899
5470 2 2 6 1 1639 1870 1638
5471 2 2 6 1 1434 1437 1436
5472 2 2 6 1 892 3112 943
5473 2 2 6 1 273 3047 274
5474 2 2 6 1 789 2968 1367
5475 2 2 6 1 2954 3068 888
5476 2 2 6 1 731 811 729
5477 2 2 6 1 2028 3104 3065
5478 2 2 6 1 471 3004 473
5479 2 2 6 1 2906 2951 1739
5480 2 2 6 1 1480 3040 1544
5481 2 2 6 1 696 2950 694
5482 2 2 6 1 1450 2964 2908
5483 2 2 6 1 1622 2977 1645
5484 2 2 6 1 2996 3273 2594
5485 2 2 6 1 2455 3059 2998
5486 2 2 6 1 828 2915 831
5487 2 2 6 1 287 1863 286
5488 2 2 6 1 1317 2948 2596
5489 2 2 6 1 388 3044 139
5490 2 2 6 1 138 3044 345
5491 2 2 6 1 2161 3099 2159
5492 2 2 6 1 2110 3161 1339
5493 2 2 6 1 299 721 298
5494 2 2 6 1 744 746 745
5495 2 2 6 1 1980 3329 309
5496 2 2 6 1 1647 2917 750
5497 2 2 6 1 1802 3002 1902
5498 2 2 6 1 286 1784 285
5499 2 2 6 1 302 2910 301
5500 2 2 6 1 262 3049 261
5501 2 2 6 1 742 744 743
5502 2 2 6 1 2704 2961 1541
5503 2 2 6 1 1736 1737 1734
5504 2 2 6 1 1301 3048 1137
5505 2 2 6 1 1741 1742 1631
5506 2 2 6 1 879 880 878
5507 2 2 6 1 2176 3160 1722
5508 2 2 6 1 1246 3284 2437
5509 2 2 6 1 1759 1768 1761
5510 2 2 6 1 2938 2969 1721
5511 2 2 6 1 746 747 745
5512 2 2 6 1 1648 3000 1323
5513 2 2 6 1 737 794 735
5514 2 2 6 1 1780 2002 1781
5515 2 2 6 1 449 893 447
5516 2 2 6 1 1884 3282 352
5517 2 2 6 1 1860 3206 1768
5518 2 2 6 1 1788 3206 1860
5519 2 2 6 1 340 3127 2702
5520 2 2 6 1 2913 3287 1955
5521 2 2 6 1 1621 3000 2923
5522 2 2 6 1 1850 3121 430
5523 2 2 6 1 7 1799 296
5524 2 2 6 1 390 3052 119
5525 2 2 6 1 118 3052 337
5526 2 2 6 1 2923 3000 1648
5527 2 2 6 1 2055 3331 2057
5528 2 2 6 1 474 3028 472
5529 2 2 6 1 923 3079 1321
5530 2 2 6 1 881 904 880
5531 2 2 6 1 357 3054 133
5532 2 2 6 1 1441 1632 1443
5533 2 2 6 1 1156 3058 1063
5534 2 2 6 1 1065 3058 1095
5535 2 2 6 1 2515 3077 2513
5536 2 2 6 1 1454 3279 1654
5537 2 2 6 1 742 743 741
5538 2 2 6 1 1787 1788 1785
5539 2 2 6 1 2501 3045 2503
5540 2 2 6 1 2908 2964 1716
5541 2 2 6 1 437 866 436
5542 2 2 6 1 1541 3032 2696
5543 2 2 6 1 1428 2876 1659
5544 2 2 6 1 1792 1795 1791
5545 2 2 6 1 1741 3167 3076
5546 2 2 6 1 298 1800 297
5547 2 2 6 1 2169 2959 1881
5548 2 2 6 1 2964 2995 1717
5549 2 2 6 1 328 3354 18
5550 2 2 6 1 1663 2984 2969
5551 2 2 6 1 10 2980 9
5552 2 2 6 1 1388 3098 3053
5553 2 2 6 1 791 1773 305
5554 2 2 6 1 1413 2987 1416
5555 2 2 6 1 2405 3071 2413
5556 2 2 6 1 148 2983 147
5557 2 2 6 1 1777 1779 1778
5558 2 2 6 1 2559 3066 2576
5559 2 2 6 1 2558 3066 2556
5560 2 2 6 1 367 3067 53
5561 2 2 6 1 2080 3038 2078
5562 2 2 6 1 484 3055 653
5563 2 2 6 1 744 745 743
5564 2 2 6 1 859 3055 481
5565 2 2 6 1 2937 2986 1281
5566 2 2 6 1 2832 2952 2032
5567 2 2 6 1 1739 2957 1605
5568 2 2 6 1 2120 2961 1996
5569 2 2 6 1 1305 2982 1408
5570 2 2 6 1 1649 3072 1350
5571 2 2 6 1 2056 3055 859
5572 2 2 6 1 906 2989 1299
5573 2 2 6 1 868 870 869
5574 2 2 6 1 2829 3236 1535
5575 2 2 6 1 1417 3061 2855
5576 2 2 6 1 1602 3173 2662
5577 2 2 6 1 1214 3033 1399
5578 2 2 6 1 2126 3073 2131
5579 2 2 6 1 2078 3038 2077
5580 2 2 6 1 1701 2932 1697
5581 2 2 6 1 1829 3164 3057
5582 2 2 6 1 2005 3339 1855
5583 2 2 6 1 1315 3075 1111
5584 2 2 6 1 2503 2963 2504
5585 2 2 6 1 1113 3075 1349
5586 2 2 6 1 2904 3161 2107
5587 2 2 6 1 3010 3026 1283
5588 2 2 6 1 1783 1906 1779
5589 2 2 6 1 1935 3010 2986
5590 2 2 6 1 445 655 443
5591 2 2 6 1 2898 3009 1598
5592 2 2 6 1 1446 2955 1163
5593 2 2 6 1 1633 2973 2035
5594 2 2 6 1 1700 2956 1374
5595 2 2 6 1 289 1791 288
5596 2 2 6 1 1391 3043 1661
5597 2 2 6 1 1484 2966 1482
5598 2 2 6 1 2507 3083 2508
5599 2 2 6 1 2514 3083 2510
5600 2 2 6 1 1875 3345 1876
5601 2 2 6 1 889 2965 757
5602 2 2 6 1 873 1793 1792
5603 2 2 6 1 1212 3033 1211
5604 2 2 6 1 2028 3065 1299
5605 2 2 6 1 38 3329 383
5606 2 2 6 1 1717 2995 1806
5607 2 2 6 1 1316 3082 1900
5608 2 2 6 1 923 1305 904
5609 2 2 6 1 1264 3089 1262
5610 2 2 6 1 3008 3322 1914
5611 2 2 6 1 2535 3085 2543
5612 2 2 6 1 2540 3085 2537
5613 2 2 6 1 2631 2967 1849
5614 2 2 6 1 1880 3294 399
5615 2 2 6 1 942 1658 1330
5616 2 2 6 1 1408 1809 1376
5617 2 2 6 1 1305 1376 904
5618 2 2 6 1 743 786 741
5619 2 2 6 1 1724 2960 1808
5620 2 2 6 1 2113 3029 2989
5621 2 2 6 1 831 2968 807
5622 2 2 6 1 468 3034 466
5623 2 2 6 1 2837 2969 862
5624 2 2 6 1 1855 3288 1856
5625 2 2 6 1 715 2931 817
5626 2 2 6 1 1666 3087 1652
5627 2 2 6 1 2587 3088 2592
5628 2 2 6 1 2451 3093 410
5629 2 2 6 1 1738 1832 1737
5630 2 2 6 1 1774 1777 1776
5631 2 2 6 1 838 2987 1413
5632 2 2 6 1 2643 2970 1666
5633 2 2 6 1 936 2950 699
5634 2 2 6 1 869 2997 865
5635 2 2 6 1 290 873 289
5636 2 2 6 1 2441 3093 2434
5637 2 2 6 1 441 443 442
5638 2 2 6 1 933 2956 934
5639 2 2 6 1 1876 2932 1701
5640 2 2 6 1 926 3095 1914
5641 2 2 6 1 942 2981 1705
5642 2 2 6 1 1470 2972 2204
5643 2 2 6 1 6 1834 290
5644 2 2 6 1 1887 2934 1390
5645 2 2 6 1 2227 2974 283
5646 2 2 6 1 2887 2989 832
5647 2 2 6 1 2900 2977 2826
5648 2 2 6 1 1889 3086 1891
5649 2 2 6 1 717 2931 715
5650 2 2 6 1 1340 2934 1342
5651 2 2 6 1 1374 2956 933
5652 2 2 6 1 2484 3096 2483
5653 2 2 6 1 2486 3096 2485
5654 2 2 6 1 1385 2951 2906
5655 2 2 6 1 1606 3124 2005
5656 2 2 6 1 1765 3151 1762
5657 2 2 6 1 261 3109 260
5658 2 2 6 1 2113 2989 2887
5659 2 2 6 1 1205 3170 3165
5660 2 2 6 1 2190 2975 2192
5661 2 2 6 1 870 942 869
5662 2 2 6 1 368 3172 241
5663 2 2 6 1 875 876 872
5664 2 2 6 1 2948 3251 1708
5665 2 2 6 1 2001 2964 1450
5666 2 2 6 1 2593 3101 2585
5667 2 2 6 1 1436 2942 1439
5668 2 2 6 1 1769 1770 1767
5669 2 2 6 1 393 3260 1989
5670 2 2 6 1 443 2930 442
5671 2 2 6 1 414 3103 149
5672 2 2 6 1 866 1323 1322
5673 2 2 6 1 1139 3094 1141
5674 2 2 6 1 1865 3334 1864
5675 2 2 6 1 309 3329 39
5676 2 2 6 1 2004 3003 1948
5677 2 2 6 1 112 3107 111
5678 2 2 6 1 2925 3192 183
5679 2 2 6 1 868 869 865
5680 2 2 6 1 2946 3015 1087
5681 2 2 6 1 2453 2998 2928
5682 2 2 6 1 2067 3207 2068
5683 2 2 6 1 1774 1776 1775
5684 2 2 6 1 441 442 439
5685 2 2 6 1 807 2968 789
5686 2 2 6 1 707 1798 300
5687 2 2 6 1 17 3354 387
5688 2 2 6 1 880 903 878
5689 2 2 6 1 430 1802 292
5690 2 2 6 1 1641 1907 1811
5691 2 2 6 1 140 3115 388
5692 2 2 6 1 361 3115 141
5693 2 2 6 1 2185 3009 2898
5694 2 2 6 1 1831 3116 1706
5695 2 2 6 1 2637 3118 1814
5696 2 2 6 1 2778 3114 1714
5697 2 2 6 1 1323 1641 1322
5698 2 2 6 1 1613 1614 1611
5699 2 2 6 1 2428 3122 2424
5700 2 2 6 1 2422 3122 2425
5701 2 2 6 1 2109 3069 890
5702 2 2 6 1 2961 2991 1996
5703 2 2 6 1 1303 3135 2526
5704 2 2 6 1 71 3126 70
5705 2 2 6 1 1722 3160 1213
5706 2 2 6 1 2418 3127 340
5707 2 2 6 1 885 2931 717
5708 2 2 6 1 1390 2934 1340
5709 2 2 6 1 1047 3128 1017
5710 2 2 6 1 1015 3128 1051
5711 2 2 6 1 1203 3223 2564
5712 2 2 6 1 1636 2038 1448
5713 2 2 6 1 2456 3059 2455
5714 2 2 6 1 1870 1972 1871
5715 2 2 6 1 1314 3130 1091
5716 2 2 6 1 1776 1780 1775
5717 2 2 6 1 2492 3132 2490
5718 2 2 6 1 2495 3132 2497
5719 2 2 6 1 2160 3211 2161
5720 2 2 6 1 1935 2986 2937
5721 2 2 6 1 332 3186 2039
5722 2 2 6 1 1046 2999 2703
5723 2 2 6 1 3173 3217 2662
5724 2 2 6 1 1731 3129 1669
5725 2 2 6 1 1766 1767 1764
5726 2 2 6 1 1629 2109 1453
5727 2 2 6 1 1727 1728 1614
5728 2 2 6 1 1205 3165 1918
5729 2 2 6 1 1272 2986 1270
5730 2 2 6 1 1761 1762 1760
5731 2 2 6 1 1766 1769 1767
5732 2 2 6 1 391 2990 2494
5733 2 2 6 1 2001 2995 2964
5734 2 2 6 1 1537 3134 1526
5735 2 2 6 1 1198 3135 1071
5736 2 2 6 1 1073 3135 1303
5737 2 2 6 1 1763 1764 1762
5738 2 2 6 1 1305 1408 1376
5739 2 2 6 1 2941 3048 1301
5740 2 2 6 1 1567 3137 1565
5741 2 2 6 1 2641 3137 1040
5742 2 2 6 1 457 3102 504
5743 2 2 6 1 763 3016 756
5744 2 2 6 1 219 3142 218
5745 2 2 6 1 1721 2984 1212
5746 2 2 6 1 1408 1810 1809
5747 2 2 6 1 1722 3190 2176
5748 2 2 6 1 656 2977 2900
5749 2 2 6 1 433 2979 429
5750 2 2 6 1 1777 1778 1776
5751 2 2 6 1 1662 3117 1927
5752 2 2 6 1 1584 2994 2717
5753 2 2 6 1 430 3227 1802
5754 2 2 6 1 1870 1871 1638
5755 2 2 6 1 837 3271 1932
5756 2 2 6 1 2543 2996 316
5757 2 2 6 1 1909 3170 1205
5758 2 2 6 1 1811 2979 1322
5759 2 2 6 1 2826 2977 1622
5760 2 2 6 1 2890 3274 1912
5761 2 2 6 1 752 2965 1647
5762 2 2 6 1 1752 3150 2604
5763 2 2 6 1 1476 3154 1732
5764 2 2 6 1 1544 3154 1478
5765 2 2 6 1 655 2930 443
5766 2 2 6 1 1786 1787 1785
5767 2 2 6 1 324 3155 2457
5768 2 2 6 1 1293 2998 2784
5769 2 2 6 1 504 3081 459
5770 2 2 6 1 1759 1761 1760
5771 2 2 6 1 324 3204 3155
5772 2 2 6 1 2586 2999 2588
5773 2 2 6 1 3015 3071 1314
5774 2 2 6 1 891 2949 714
5775 2 2 6 1 1786 1789 1787
5776 2 2 6 1 454 2958 451
5777 2 2 6 1 1746 3273 2996
5778 2 2 6 1 1419 3065 1867
5779 2 2 6 1 2121 3032 2120
5780 2 2 6 1 2523 3031 2881
5781 2 2 6 1 866 1322 436
5782 2 2 6 1 710 2992 705
5783 2 2 6 1 714 2949 708
5784 2 2 6 1 1266 3153 1264
5785 2 2 6 1 1742 1815 1631
5786 2 2 6 1 1421 3111 1953
5787 2 2 6 1 1639 2954 1870
5788 2 2 6 1 1787 1827 1788
5789 2 2 6 1 703 2992 2902
5790 2 2 6 1 832 2989 906
5791 2 2 6 1 708 2949 710
5792 2 2 6 1 1095 3166 1067
5793 2 2 6 1 1069 3166 1198
5794 2 2 6 1 3240 3324 1981
5795 2 2 6 1 1299 3065 1215
5796 2 2 6 1 1763 1766 1764
5797 2 2 6 1 2153 3235 2151
5798 2 2 6 1 2966 3040 1482
5799 2 2 6 1 1847 3310 1992
5800 2 2 6 1 427 3113 1444
5801 2 2 6 1 937 3036 1320
5802 2 2 6 1 1021 3005 1019
5803 2 2 6 1 2438 3353 2439
5804 2 2 6 1 2557 3174 2558
5805 2 2 6 1 2564 3174 2562
5806 2 2 6 1 1416 1613 1611
5807 2 2 6 1 52 3006 51
5808 2 2 6 1 2986 3010 1270
5809 2 2 6 1 2648 3176 1747
5810 2 2 6 1 901 3160 900
5811 2 2 6 1 1399 3123 1365
5812 2 2 6 1 1761 1763 1762
5813 2 2 6 1 1437 2942 1436
5814 2 2 6 1 633 3004 471
5815 2 2 6 1 1349 3180 1115
5816 2 2 6 1 1913 3025 922
5817 2 2 6 1 1805 3192 2925
5818 2 2 6 1 1117 3180 1383
5819 2 2 6 1 1328 3190 1804
5820 2 2 6 1 1763 2993 1771
5821 2 2 6 1 1955 3287 1807
5822 2 2 6 1 1416 2987 1613
5823 2 2 6 1 1796 1828 1824
5824 2 2 6 1 1522 3185 1543
5825 2 2 6 1 3152 3229 2037
5826 2 2 6 1 754 2965 752
5827 2 2 6 1 2505 3186 332
5828 2 2 6 1 1564 3188 1748
5829 2 2 6 1 1707 3188 2611
5830 2 2 6 1 453 3062 455
5831 2 2 6 1 2914 3081 504
5832 2 2 6 1 463 3159 519
5833 2 2 6 1 1779 2988 1778
5834 2 2 6 1 2227 3119 2974
5835 2 2 6 1 1879 3102 3062
5836 2 2 6 1 705 2992 703
5837 2 2 6 1 1408 2982 1852
5838 2 2 6 1 1906 2988 1779
5839 2 2 6 1 182 3192 396
5840 2 2 6 1 115 3193 114
5841 2 2 6 1 1332 3212 1722
5842 2 2 6 1 1819 3194 1711
5843 2 2 6 1 2526 3012 2527
5844 2 2 6 1 2496 3013 2411
5845 2 2 6 1 2981 3064 1705
5846 2 2 6 1 2910 3344 707
5847 2 2 6 1 2503 3045 2970
5848 2 2 6 1 2548 3011 408
5849 2 2 6 1 1270 3010 1268
5850 2 2 6 1 2677 3198 1712
5851 2 2 6 1 2138 3143 2140
5852 2 2 6 1 2531 3199 2532
5853 2 2 6 1 325 3200 2486
5854 2 2 6 1 2488 3200 2487
5855 2 2 6 1 1613 1727 1614
5856 2 2 6 1 1862 3184 720
5857 2 2 6 1 2928 2998 1293
5858 2 2 6 1 451 2958 449
5859 2 2 6 1 1430 3240 1981
5860 2 2 6 1 2477 3351 2478
5861 2 2 6 1 2164 3222 2162
5862 2 2 6 1 2500 3251 2948
5863 2 2 6 1 1258 3201 1256
5864 2 2 6 1 1121 3017 2203
5865 2 2 6 1 791 2953 1773
5866 2 2 6 1 2962 3298 915
5867 2 2 6 1 1727 1729 1728
5868 2 2 6 1 2476 3208 2474
5869 2 2 6 1 719 3023 885
5870 2 2 6 1 2929 3146 1869
5871 2 2 6 1 2184 3009 2185
5872 2 2 6 1 3053 3098 2175
5873 2 2 6 1 449 2958 893
5874 2 2 6 1 1488 3213 1486
5875 2 2 6 1 2456 3114 3059
5876 2 2 6 1 2123 3046 2121
5877 2 2 6 1 1087 3015 1089
5878 2 2 6 1 3150 3197 2604
5879 2 2 6 1 2491 3228 2492
5880 2 2 6 1 2035 3030 1372
5881 2 2 6 1 380 3051 1943
5882 2 2 6 1 464 3183 462
5883 2 2 6 1 1051 3223 1013
5884 2 2 6 1 1011 3223 1203
5885 2 2 6 1 145 3018 144
5886 2 2 6 1 2894 3092 889
5887 2 2 6 1 2402 3019 2403
5888 2 2 6 1 1968 3144 1965
5889 2 2 6 1 2795 3017 1121
5890 2 2 6 1 2544 3226 2549
5891 2 2 6 1 1800 3179 686
5892 2 2 6 1 1258 3312 2168
5893 2 2 6 1 1805 3234 1609
5894 2 2 6 1 2999 3056 2703
5895 2 2 6 1 1918 3138 1421
5896 2 2 6 1 1530 3022 1528
5897 2 2 6 1 2578 3090 357
5898 2 2 6 1 2077 3038 2092
5899 2 2 6 1 729 3023 719
5900 2 2 6 1 1598 3009 2867
5901 2 2 6 1 1543 3182 1520
5902 2 2 6 1 2434 3353 2431
5903 2 2 6 1 3044 3325 345
5904 2 2 6 1 1643 3029 2113
5905 2 2 6 1 1394 3246 1816
5906 2 2 6 1 1732 3246 1474
5907 2 2 6 1 284 3247 4
5908 2 2 6 1 4 3247 265
5909 2 2 6 1 9 3248 1
5910 2 2 6 1 1 3248 266
5911 2 2 6 1 128 3249 2
5912 2 2 6 1 147 3250 3
5913 2 2 6 1 2 3249 127
5914 2 2 6 1 3 3250 146
5915 2 2 6 1 2433 3353 2438
5916 2 2 6 1 1793 1796 1794
5917 2 2 6 1 1807 3301 1740
5918 2 2 6 1 1009 3352 1008
5919 2 2 6 1 436 2979 433
5920 2 2 6 1 757 2965 754
5921 2 2 6 1 1934 3026 1935
5922 2 2 6 1 825 3057 887
5923 2 2 6 1 2499 3260 393
5924 2 2 6 1 313 3234 2925
5925 2 2 6 1 1816 3346 1393
5926 2 2 6 1 122 3263 352
5927 2 2 6 1 893 2971 447
5928 2 2 6 1 1388 3053 2875
5929 2 2 6 1 131 3340 377
5930 2 2 6 1 3189 3266 1818
5931 2 2 6 1 2176 3190 2172
5932 2 2 6 1 2770 3275 1743
5933 2 2 6 1 2932 3037 1696
5934 2 2 6 1 1246 3265 1241
5935 2 2 6 1 1888 3323 1756
5936 2 2 6 1 2894 3178 3092
5937 2 2 6 1 154 3283 153
5938 2 2 6 1 1303 3319 1075
5939 2 2 6 1 377 3317 130
5940 2 2 6 1 220 3290 219
5941 2 2 6 1 152 3285 370
5942 2 2 6 1 2662 3217 1156
5943 2 2 6 1 460 3140 656
5944 2 2 6 1 1848 3291 1751
5945 2 2 6 1 1545 3310 1847
5946 2 2 6 1 1518 3310 1516
5947 2 2 6 1 2470 3292 390
5948 2 2 6 1 2468 3293 2469
5949 2 2 6 1 417 3293 2488
5950 2 2 6 1 372 3304 124
5951 2 2 6 1 399 3294 186
5952 2 2 6 1 185 3294 313
5953 2 2 6 1 1746 3300 1566
5954 2 2 6 1 2881 3031 363
5955 2 2 6 1 337 3251 2500
5956 2 2 6 1 1236 3307 1239
5957 2 2 6 1 1330 2997 869
5958 2 2 6 1 1488 3299 2478
5959 2 2 6 1 2947 3026 1934
5960 2 2 6 1 657 3338 482
5961 2 2 6 1 2998 3059 2784
5962 2 2 6 1 2586 3056 2999
5963 2 2 6 1 2525 3245 2524
5964 2 2 6 1 472 3028 664
5965 2 2 6 1 447 2971 445
5966 2 2 6 1 1008 3352 2871
5967 2 2 6 1 1796 1824 1794
5968 2 2 6 1 437 2978 866
5969 2 2 6 1 1426 3195 1750
5970 2 2 6 1 2019 3041 2020
5971 2 2 6 1 870 2981 942
5972 2 2 6 1 811 3023 729
5973 2 2 6 1 2969 2984 1721
5974 2 2 6 1 2846 3325 1812
5975 2 2 6 1 1855 3339 3288
5976 2 2 6 1 1302 3264 2820
5977 2 2 6 1 2064 3039 2063
5978 2 2 6 1 274 3047 311
5979 2 2 6 1 2985 3287 903
5980 2 2 6 1 1411 3035 2731
5981 2 2 6 1 467 3337 469
5982 2 2 6 1 872 2981 870
5983 2 2 6 1 1211 3033 1214
5984 2 2 6 1 1439 3024 1441
5985 2 2 6 1 323 3334 2552
5986 2 2 6 1 2973 3156 2035
5987 2 2 6 1 445 2971 655
5988 2 2 6 1 1441 3024 1632
5989 2 2 6 1 366 3045 2501
5990 2 2 6 1 439 2978 437
5991 2 2 6 1 52 3067 3006
5992 2 2 6 1 2161 3153 3099
5993 2 2 6 1 1935 3026 3010
5994 2 2 6 1 732 3078 926
5995 2 2 6 1 2845 3216 733
5996 2 2 6 1 360 3042 272
5997 2 2 6 1 1384 3237 1385
5998 2 2 6 1 1457 3016 763
5999 2 2 6 1 1966 3330 1967
6000 2 2 6 1 1482 3040 1480
6001 2 2 6 1 898 3152 941
6002 2 2 6 1 466 3034 660
6003 2 2 6 1 1793 1794 1792
6004 2 2 6 1 2704 2991 2961
6005 2 2 6 1 830 3289 1863
6006 2 2 6 1 414 3150 3103
6007 2 2 6 1 2913 3270 903
6008 2 2 6 1 3038 3145 1176
6009 2 2 6 1 413 3171 2579
6010 2 2 6 1 139 3044 138
6011 2 2 6 1 2123 3091 3046
6012 2 2 6 1 2572 3332 2571
6013 2 2 6 1 876 3064 2981
6014 2 2 6 1 1882 3237 1596
6015 2 2 6 1 1376 2985 904
6016 2 2 6 1 1802 3227 3002
6017 2 2 6 1 1137 3048 1139
6018 2 2 6 1 2696 3046 1514
6019 2 2 6 1 2443 3196 367
6020 2 2 6 1 1768 2993 1761
6021 2 2 6 1 1389 3152 822
6022 2 2 6 1 2925 3234 1805
6023 2 2 6 1 2871 3352 2565
6024 2 2 6 1 653 3181 2904
6025 2 2 6 1 1753 3043 1391
6026 2 2 6 1 2922 3182 1543
6027 2 2 6 1 1739 3221 2957
6028 2 2 6 1 1914 3322 1915
6029 2 2 6 1 694 3027 483
6030 2 2 6 1 2942 3024 1439
6031 2 2 6 1 1696 3037 1700
6032 2 2 6 1 1425 3036 937
6033 2 2 6 1 2552 3264 2921
6034 2 2 6 1 2524 3245 2523
6035 2 2 6 1 876 2981 872
6036 2 2 6 1 1640 3027 2950
6037 2 2 6 1 2563 3350 3342
6038 2 2 6 1 1402 3076 1646
6039 2 2 6 1 2070 3266 3189
6040 2 2 6 1 2703 3056 1690
6041 2 2 6 1 519 3302 465
6042 2 2 6 1 2921 3264 1302
6043 2 2 6 1 2142 3048 2941
6044 2 2 6 1 1371 3269 1620
6045 2 2 6 1 1928 3050 2013
6046 2 2 6 1 2069 3081 2914
6047 2 2 6 1 412 3060 2920
6048 2 2 6 1 374 3049 262
6049 2 2 6 1 1322 2979 436
6050 2 2 6 1 2579 3090 2578
6051 2 2 6 1 2790 3308 1796
6052 2 2 6 1 741 3125 739
6053 2 2 6 1 2950 3027 694
6054 2 2 6 1 1750 3268 1980
6055 2 2 6 1 119 3052 118
6056 2 2 6 1 2604 3197 1723
6057 2 2 6 1 904 2985 880
6058 2 2 6 1 2138 3187 3143
6059 2 2 6 1 3019 3130 1314
6060 2 2 6 1 941 3162 939
6061 2 2 6 1 1806 3231 1718
6062 2 2 6 1 2570 3060 2572
6063 2 2 6 1 420 3249 2169
6064 2 2 6 1 133 3054 132
6065 2 2 6 1 2880 3020 1650
6066 2 2 6 1 2585 3056 2586
6067 2 2 6 1 2011 3233 2137
6068 2 2 6 1 1063 3058 1065
6069 2 2 6 1 3114 3155 1714
6070 2 2 6 1 2974 3119 419
6071 2 2 6 1 2024 3320 1429
6072 2 2 6 1 2875 3053 2918
6073 2 2 6 1 924 3079 923
6074 2 2 6 1 1848 3141 2459
6075 2 2 6 1 2784 3059 1395
6076 2 2 6 1 1736 3074 1738
6077 2 2 6 1 2882 3108 745
6078 2 2 6 1 481 3055 484
6079 2 2 6 1 3195 3268 1750
6080 2 2 6 1 391 3142 2990
6081 2 2 6 1 2918 3053 2868
6082 2 2 6 1 2959 3317 377
6083 2 2 6 1 348 3225 3110
6084 2 2 6 1 2883 3110 1623
6085 2 2 6 1 2137 3187 2138
6086 2 2 6 1 880 2985 903
6087 2 2 6 1 840 3057 825
6088 2 2 6 1 3027 3062 483
6089 2 2 6 1 2978 3100 1648
6090 2 2 6 1 1902 3105 424
6091 2 2 6 1 3046 3091 1514
6092 2 2 6 1 2556 3066 2559
6093 2 2 6 1 1638 3001 1636
6094 2 2 6 1 1829 3057 2997
6095 2 2 6 1 3009 3106 2867
6096 2 2 6 1 442 2978 439
6097 2 2 6 1 2979 3113 429
6098 2 2 6 1 53 3067 52
6099 2 2 6 1 2983 3103 1854
6100 2 2 6 1 148 3103 2983
6101 2 2 6 1 1632 3084 1443
6102 2 2 6 1 1614 3070 1611
6103 2 2 6 1 2125 3073 2126
6104 2 2 6 1 2967 3355 3141
6105 2 2 6 1 889 3092 2965
6106 2 2 6 1 2513 3252 2516
6107 2 2 6 1 2993 3276 1904
6108 2 2 6 1 1991 3077 2863
6109 2 2 6 1 2413 3071 2415
6110 2 2 6 1 2855 3061 1704
6111 2 2 6 1 2069 3159 3081
6112 2 2 6 1 1350 3072 1563
6113 2 2 6 1 504 3097 2914
6114 2 2 6 1 1883 3320 2024
6115 2 2 6 1 2415 3071 3015
6116 2 2 6 1 1761 2993 1763
6117 2 2 6 1 3078 3220 926
6118 2 2 6 1 2996 3300 1746
6119 2 2 6 1 1111 3075 1113
6120 2 2 6 1 1778 3008 1776
6121 2 2 6 1 728 3230 730
6122 2 2 6 1 2858 3091 2123
6123 2 2 6 1 2868 3053 2175
6124 2 2 6 1 2863 3077 2515
6125 2 2 6 1 110 3147 366
6126 2 2 6 1 3197 3241 1723
6127 2 2 6 1 1776 3008 1780
6128 2 2 6 1 1736 3157 3074
6129 2 2 6 1 483 3062 453
6130 2 2 6 1 1376 3202 2985
6131 2 2 6 1 2914 3097 1657
6132 2 2 6 1 3018 3291 389
6133 2 2 6 1 3020 3316 1651
6134 2 2 6 1 1344 3240 1430
6135 2 2 6 1 1611 3070 1612
6136 2 2 6 1 2184 3106 3009
6137 2 2 6 1 2920 3060 2570
6138 2 2 6 1 1215 3065 1419
6139 2 2 6 1 745 3108 743
6140 2 2 6 1 1811 3113 2979
6141 2 2 6 1 2460 3204 324
6142 2 2 6 1 2510 3083 2507
6143 2 2 6 1 111 3147 110
6144 2 2 6 1 1789 3007 1787
6145 2 2 6 1 1780 3095 2002
6146 2 2 6 1 1690 3163 1665
6147 2 2 6 1 1636 3001 2038
6148 2 2 6 1 1968 3269 3144
6149 2 2 6 1 32 3080 31
6150 2 2 6 1 733 3216 731
6151 2 2 6 1 1741 3076 1742
6152 2 2 6 1 2537 3085 2535
6153 2 2 6 1 1377 3309 1417
6154 2 2 6 1 2161 3211 3089
6155 2 2 6 1 3059 3114 1395
6156 2 2 6 1 3342 3350 2565
6157 2 2 6 1 2034 3239 1772
6158 2 2 6 1 1787 3007 1827
6159 2 2 6 1 656 3140 3041
6160 2 2 6 1 2967 3141 1849
6161 2 2 6 1 1923 3343 786
6162 2 2 6 1 1871 3001 1638
6163 2 2 6 1 3092 3178 2897
6164 2 2 6 1 2858 3133 3091
6165 2 2 6 1 1652 3087 1819
6166 2 2 6 1 2589 3088 2587
6167 2 2 6 1 354 3106 2184
6168 2 2 6 1 1835 3325 3044
6169 2 2 6 1 2922 3077 1991
6170 2 2 6 1 1262 3089 1290
6171 2 2 6 1 1957 3110 2883
6172 2 2 6 1 2635 3090 1656
6173 2 2 6 1 1514 3091 2685
6174 2 2 6 1 2995 3109 1806
6175 2 2 6 1 2970 3045 1666
6176 2 2 6 1 410 3093 2441
6177 2 2 6 1 459 3081 461
6178 2 2 6 1 446 3120 448
6179 2 2 6 1 3000 3063 1323
6180 2 2 6 1 1647 3092 2897
6181 2 2 6 1 1815 3069 1631
6182 2 2 6 1 1547 3299 1490
6183 2 2 6 1 2175 3098 2174
6184 2 2 6 1 2965 3092 1647
6185 2 2 6 1 2997 3057 840
6186 2 2 6 1 657 3315 2082
6187 2 2 6 1 1665 3163 1805
6188 2 2 6 1 2137 3233 3187
6189 2 2 6 1 1965 3144 1966
6190 2 2 6 1 2485 3096 2484
6191 2 2 6 1 3072 3131 1563
6192 2 2 6 1 1141 3094 1400
6193 2 2 6 1 1631 3069 1629
6194 2 2 6 1 2947 3099 3026
6195 2 2 6 1 2460 3253 3204
6196 2 2 6 1 1646 3286 1672
6197 2 2 6 1 3032 3046 2696
6198 2 2 6 1 2121 3046 3032
6199 2 2 6 1 2847 3318 1431
6200 2 2 6 1 2956 3330 934
6201 2 2 6 1 260 3109 358
6202 2 2 6 1 1818 3104 2028
6203 2 2 6 1 2011 3272 3233
6204 2 2 6 1 2140 3143 2142
6205 2 2 6 1 786 3348 1923
6206 2 2 6 1 1323 3063 1641
6207 2 2 6 1 396 3101 2593
6208 2 2 6 1 353 3117 2181
6209 2 2 6 1 2478 3351 3213
6210 2 2 6 1 1385 3235 2951
6211 2 2 6 1 1723 3241 2637
6212 2 2 6 1 2008 3318 2010
6213 2 2 6 1 149 3103 148
6214 2 2 6 1 2915 3156 831
6215 2 2 6 1 1629 3069 2109
6216 2 2 6 1 943 3232 2811
6217 2 2 6 1 2861 3098 1388
6218 2 2 6 1 907 3112 892
6219 2 2 6 1 1443 3084 1462
6220 2 2 6 1 333 3107 112
6221 2 2 6 1 2910 3157 1735
6222 2 2 6 1 3039 3302 519
6223 2 2 6 1 2017 3218 2018
6224 2 2 6 1 2934 3240 1342
6225 2 2 6 1 3055 3181 653
6226 2 2 6 1 429 3113 427
6227 2 2 6 1 3091 3133 2685
6228 2 2 6 1 3202 3301 1807
6229 2 2 6 1 2402 3175 3130
6230 2 2 6 1 113 3281 333
6231 2 2 6 1 831 3156 2973
6232 2 2 6 1 141 3115 140
6233 2 2 6 1 1395 3114 2778
6234 2 2 6 1 1706 3116 1707
6235 2 2 6 1 1814 3118 1895
6236 2 2 6 1 876 3270 2913
6237 2 2 6 1 2424 3122 2422
6238 2 2 6 1 1849 3141 1848
6239 2 2 6 1 1661 3117 1662
6240 2 2 6 1 2090 3289 830
6241 2 2 6 1 1735 3157 1736
6242 2 2 6 1 2867 3106 1817
6243 2 2 6 1 3107 3194 1819
6244 2 2 6 1 1772 3239 2919
6245 2 2 6 1 2010 3272 2011
6246 2 2 6 1 3159 3207 519
6247 2 2 6 1 3113 3210 1444
6248 2 2 6 1 2070 3189 354
6249 2 2 6 1 1790 3082 1789
6250 2 2 6 1 390 3292 3116
6251 2 2 6 1 1859 3124 1606
6252 2 2 6 1 2905 3256 1872
6253 2 2 6 1 1365 3123 1429
6254 2 2 6 1 1797 3119 1755
6255 2 2 6 1 3077 3252 2513
6256 2 2 6 1 332 3126 71
6257 2 2 6 1 370 3285 3118
6258 2 2 6 1 455 3102 457
6259 2 2 6 1 1967 3330 2956
6260 2 2 6 1 2419 3127 2418
6261 2 2 6 1 1017 3128 1015
6262 2 2 6 1 1091 3130 1093
6263 2 2 6 1 1669 3129 1671
6264 2 2 6 1 3234 3243 2676
6265 2 2 6 1 1563 3131 2644
6266 2 2 6 1 400 3253 2460
6267 2 2 6 1 358 3109 2995
6268 2 2 6 1 3076 3168 1742
6269 2 2 6 1 2174 3148 2176
6270 2 2 6 1 2490 3132 2495
6271 2 2 6 1 1869 3146 2036
6272 2 2 6 1 3026 3099 1283
6273 2 2 6 1 826 3205 1903
6274 2 2 6 1 373 3221 2153
6275 2 2 6 1 3193 3323 1888
6276 2 2 6 1 1737 3068 2954
6277 2 2 6 1 2685 3133 1546
6278 2 2 6 1 2480 3133 2858
6279 2 2 6 1 2992 3288 2902
6280 2 2 6 1 3081 3159 461
6281 2 2 6 1 903 3270 878
6282 2 2 6 1 3049 3231 1806
6283 2 2 6 1 1526 3134 1524
6284 2 2 6 1 2025 3280 3050
6285 2 2 6 1 1071 3135 1073
6286 2 2 6 1 2400 3175 2402
6287 2 2 6 1 2930 3100 442
6288 2 2 6 1 1832 3068 1737
6289 2 2 6 1 1790 3289 2090
6290 2 2 6 1 1898 3203 2987
6291 2 2 6 1 1565 3137 2641
6292 2 2 6 1 1623 3110 1724
6293 2 2 6 1 1753 3295 3043
6294 2 2 6 1 2459 3141 361
6295 2 2 6 1 218 3142 391
6296 2 2 6 1 2543 3300 2996
6297 2 2 6 1 3054 3340 132
6298 2 2 6 1 2037 3229 1710
6299 2 2 6 1 3141 3355 361
6300 2 2 6 1 442 3100 2978
6301 2 2 6 1 2962 3206 1788
6302 2 2 6 1 1654 3335 1653
6303 2 2 6 1 3155 3204 1714
6304 2 2 6 1 248 3242 3149
6305 2 2 6 1 1977 3296 1978
6306 2 2 6 1 2480 3177 3133
6307 2 2 6 1 1290 3312 1260
6308 2 2 6 1 2419 3173 3127
6309 2 2 6 1 2458 3171 413
6310 2 2 6 1 2159 3099 2947
6311 2 2 6 1 2083 3145 2080
6312 2 2 6 1 1981 3324 350
6313 2 2 6 1 3130 3175 1093
6314 2 2 6 1 248 3149 247
6315 2 2 6 1 875 3270 876
6316 2 2 6 1 2057 3331 2178
6317 2 2 6 1 2427 3258 2428
6318 2 2 6 1 1854 3150 1752
6319 2 2 6 1 2861 3148 3098
6320 2 2 6 1 1853 3291 3018
6321 2 2 6 1 3131 3176 2644
6322 2 2 6 1 2178 3331 1331
6323 2 2 6 1 1770 3136 1772
6324 2 2 6 1 915 3298 864
6325 2 2 6 1 2107 3161 2110
6326 2 2 6 1 1478 3154 1476
6327 2 2 6 1 786 3125 741
6328 2 2 6 1 2846 3171 2458
6329 2 2 6 1 3133 3177 1546
6330 2 2 6 1 2566 3350 2563
6331 2 2 6 1 70 3341 69
6332 2 2 6 1 2457 3155 2456
6333 2 2 6 1 1402 3168 3076
6334 2 2 6 1 743 3108 786
6335 2 2 6 1 3098 3148 2174
6336 2 2 6 1 1283 3153 1266
6337 2 2 6 1 462 3140 460
6338 2 2 6 1 1213 3160 901
6339 2 2 6 1 354 3189 3106
6340 2 2 6 1 2400 3214 3175
6341 2 2 6 1 900 3148 2861
6342 2 2 6 1 2020 3218 2017
6343 2 2 6 1 3134 3185 1524
6344 2 2 6 1 3106 3189 1817
6345 2 2 6 1 2402 3130 3019
6346 2 2 6 1 414 3197 3150
6347 2 2 6 1 367 3196 3129
6348 2 2 6 1 2988 3322 1778
6349 2 2 6 1 2564 3342 1203
6350 2 2 6 1 1067 3166 1069
6351 2 2 6 1 2080 3145 3038
6352 2 2 6 1 1856 3288 2992
6353 2 2 6 1 1912 3215 1910
6354 2 2 6 1 3063 3139 1641
6355 2 2 6 1 3008 3095 1780
6356 2 2 6 1 2473 3177 2480
6357 2 2 6 1 3103 3150 1854
6358 2 2 6 1 461 3159 463
6359 2 2 6 1 3143 3187 1400
6360 2 2 6 1 1709 3171 2846
6361 2 2 6 1 2421 3173 2419
6362 2 2 6 1 1520 3182 1518
6363 2 2 6 1 822 3152 898
6364 2 2 6 1 2562 3174 2557
6365 2 2 6 1 2436 3196 2443
6366 2 2 6 1 1093 3175 2773
6367 2 2 6 1 1901 3191 2976
6368 2 2 6 1 1797 3333 2211
6369 2 2 6 1 1830 3164 1829
6370 2 2 6 1 2811 3178 2894
6371 2 2 6 1 1804 3256 2905
6372 2 2 6 1 1705 3138 1658
6373 2 2 6 1 2064 3302 3039
6374 2 2 6 1 1452 3279 1454
6375 2 2 6 1 2644 3176 2648
6376 2 2 6 1 2916 3156 2915
6377 2 2 6 1 1546 3177 2681
6378 2 2 6 1 3313 3320 1873
6379 2 2 6 1 2790 3105 1612
6380 2 2 6 1 1872 3313 1873
6381 2 2 6 1 1700 3347 1997
6382 2 2 6 1 2982 3086 1852
6383 2 2 6 1 3041 3140 2020
6384 2 2 6 1 3034 3244 660
6385 2 2 6 1 1115 3180 1117
6386 2 2 6 1 1715 3255 1916
6387 2 2 6 1 2399 3214 2400
6388 2 2 6 1 3079 3257 1321
6389 2 2 6 1 3162 3259 1407
6390 2 2 6 1 1730 3343 1923
6391 2 2 6 1 1822 3311 2953
6392 2 2 6 1 939 3162 1407
6393 2 2 6 1 3099 3153 1283
6394 2 2 6 1 1661 3327 3117
6395 2 2 6 1 2058 3181 2056
6396 2 2 6 1 1989 3323 393
6397 2 2 6 1 660 3183 464
6398 2 2 6 1 1966 3144 3030
6399 2 2 6 1 1524 3185 1522
6400 2 2 6 1 1641 3139 1907
6401 2 2 6 1 129 3317 2169
6402 2 2 6 1 2506 3186 2505
6403 2 2 6 1 1462 3316 1464
6404 2 2 6 1 2611 3188 1564
6405 2 2 6 1 3144 3269 1372
6406 2 2 6 1 2811 3232 3178
6407 2 2 6 1 1762 3151 1760
6408 2 2 6 1 2473 3219 3177
6409 2 2 6 1 2172 3190 1328
6410 2 2 6 1 3117 3327 2181
6411 2 2 6 1 183 3192 182
6412 2 2 6 1 393 3193 115
6413 2 2 6 1 1768 3276 2993
6414 2 2 6 1 1711 3194 2677
6415 2 2 6 1 1873 3320 1883
6416 2 2 6 1 366 3147 3087
6417 2 2 6 1 3175 3214 2773
6418 2 2 6 1 1400 3187 2838
6419 2 2 6 1 2131 3315 657
6420 2 2 6 1 2440 3261 2439
6421 2 2 6 1 1915 3322 2988
6422 2 2 6 1 2421 3217 3173
6423 2 2 6 1 2595 3197 414
6424 2 2 6 1 3177 3219 2681
6425 2 2 6 1 1817 3189 1818
6426 2 2 6 1 1738 3220 1832
6427 2 2 6 1 1712 3198 1888
6428 2 2 6 1 1704 3195 1426
6429 2 2 6 1 405 3199 2531
6430 2 2 6 1 2399 3262 3214
6431 2 2 6 1 2487 3200 325
6432 2 2 6 1 2068 3207 2069
6433 2 2 6 1 1256 3201 1302
6434 2 2 6 1 2456 3155 3114
6435 2 2 6 1 2436 3238 3196
6436 2 2 6 1 1425 3321 3036
6437 2 2 6 1 3050 3280 1399
6438 2 2 6 1 1714 3204 1713
6439 2 2 6 1 1651 3316 3014
6440 2 2 6 1 3111 3138 1705
6441 2 2 6 1 2506 3236 3186
6442 2 2 6 1 2478 3208 2476
6443 2 2 6 1 2162 3211 2160
6444 2 2 6 1 2435 3238 2436
6445 2 2 6 1 1725 3168 1402
6446 2 2 6 1 2002 3220 1738
6447 2 2 6 1 3101 3163 1690
6448 2 2 6 1 1867 3326 1961
6449 2 2 6 1 2439 3261 1239
6450 2 2 6 1 2563 3342 2564
6451 2 2 6 1 2974 3247 284
6452 2 2 6 1 2474 3219 2473
6453 2 2 6 1 1366 3212 1332
6454 2 2 6 1 3301 3306 3303
6455 2 2 6 1 2987 3203 1613
6456 2 2 6 1 1486 3213 1542
6457 2 2 6 1 3178 3232 1655
6458 2 2 6 1 2595 3241 3197
6459 2 2 6 1 2773 3214 1309
6460 2 2 6 1 383 3268 1974
6461 2 2 6 1 1992 3182 2922
6462 2 2 6 1 2897 3178 1655
6463 2 2 6 1 2425 3217 2421
6464 2 2 6 1 2168 3222 2164
6465 2 2 6 1 2681 3219 1547
6466 2 2 6 1 2151 3235 2152
6467 2 2 6 1 3064 3111 1705
6468 2 2 6 1 114 3281 113
6469 2 2 6 1 2397 3262 2399
6470 2 2 6 1 1013 3223 1011
6471 2 2 6 1 3187 3233 2838
6472 2 2 6 1 2056 3181 3055
6473 2 2 6 1 3204 3253 1713
6474 2 2 6 1 397 3226 2544
6475 2 2 6 1 2494 3228 2491
6476 2 2 6 1 1809 3202 1376
6477 2 2 6 1 3196 3238 1671
6478 2 2 6 1 249 3242 248
6479 2 2 6 1 3256 3313 1872
6480 2 2 6 1 3110 3225 1724
6481 2 2 6 1 1974 3268 3195
6482 2 2 6 1 384 3254 2093
6483 2 2 6 1 2960 3172 1808
6484 2 2 6 1 1609 3234 2676
6485 2 2 6 1 2508 3236 2506
6486 2 2 6 1 2676 3243 3035
6487 2 2 6 1 387 3266 2070
6488 2 2 6 1 2435 3284 3238
6489 2 2 6 1 1260 3312 1258
6490 2 2 6 1 3214 3262 1309
6491 2 2 6 1 1811 3210 3113
6492 2 2 6 1 2838 3233 1418
6493 2 2 6 1 2397 3297 3262
6494 2 2 6 1 370 3241 2595
6495 2 2 6 1 2142 3143 3094
6496 2 2 6 1 1999 3321 2000
6497 2 2 6 1 1671 3238 2835
6498 2 2 6 1 2211 3333 374
6499 2 2 6 1 1782 3224 1783
6500 2 2 6 1 2528 3245 2525
6501 2 2 6 1 397 3273 3226
6502 2 2 6 1 374 3333 3231
6503 2 2 6 1 1596 3237 1384
6504 2 2 6 1 1474 3246 1394
6505 2 2 6 1 2437 3284 2435
6506 2 2 6 1 265 3247 419
6507 2 2 6 1 266 3248 421
6508 2 2 6 1 1339 3305 2178
6509 2 2 6 1 1748 3282 1884
6510 2 2 6 1 146 3250 418
6511 2 2 6 1 127 3249 420
6512 2 2 6 1 69 3341 400
6513 2 2 6 1 1708 3251 1831
6514 2 2 6 1 1713 3253 2770
6515 2 2 6 1 1399 3280 3123
6516 2 2 6 1 3233 3272 1418
6517 2 2 6 1 2780 3349 2407
6518 2 2 6 1 361 3355 3115
6519 2 2 6 1 2023 3280 2025
6520 2 2 6 1 1794 3191 1792
6521 2 2 6 1 2082 3315 2083
6522 2 2 6 1 1198 3356 3135
6523 2 2 6 1 1008 3314 2891
6524 2 2 6 1 1655 3232 1833
6525 2 2 6 1 3030 3144 1372
6526 2 2 6 1 2500 3260 2499
6527 2 2 6 1 1718 3231 2903
6528 2 2 6 1 2820 3264 1865
6529 2 2 6 1 1309 3262 2783
6530 2 2 6 1 123 3263 122
6531 2 2 6 1 1239 3261 2793
6532 2 2 6 1 1490 3299 1488
6533 2 2 6 1 1833 3229 1389
6534 2 2 6 1 1742 3169 1815
6535 2 2 6 1 2976 3191 1794
6536 2 2 6 1 2398 3297 2397
6537 2 2 6 1 1331 3331 2059
6538 2 2 6 1 1241 3265 1238
6539 2 2 6 1 2169 3317 2959
6540 2 2 6 1 3238 3284 2835
6541 2 2 6 1 2494 3278 3228
6542 2 2 6 1 731 3216 811
6543 2 2 6 1 3014 3316 1462
6544 2 2 6 1 2594 3273 397
6545 2 2 6 1 1743 3275 1896
6546 2 2 6 1 1792 3191 1795
6547 2 2 6 1 3208 3299 1547
6548 2 2 6 1 2178 3305 2057
6549 2 2 6 1 251 3345 250
6550 2 2 6 1 3242 3306 1810
6551 2 2 6 1 1429 3320 3313
6552 2 2 6 1 3262 3297 2783
6553 2 2 6 1 2398 3349 3297
6554 2 2 6 1 123 3304 3263
6555 2 2 6 1 352 3282 2471
6556 2 2 6 1 2922 3252 3077
6557 2 2 6 1 347 3283 154
6558 2 2 6 1 887 3274 2890
6559 2 2 6 1 1372 3269 1371
6560 2 2 6 1 3265 3307 1238
6561 2 2 6 1 153 3285 152
6562 2 2 6 1 1342 3240 1344
6563 2 2 6 1 330 3290 220
6564 2 2 6 1 1751 3291 1853
6565 2 2 6 1 2471 3292 2470
6566 2 2 6 1 2835 3284 1246
6567 2 2 6 1 1421 3138 3111
6568 2 2 6 1 1613 3203 1727
6569 2 2 6 1 1418 3272 2847
6570 2 2 6 1 1907 3210 1811
6571 2 2 6 1 2469 3293 417
6572 2 2 6 1 18 3354 17
6573 2 2 6 1 186 3294 185
6574 2 2 6 1 39 3329 38
6575 2 2 6 1 2891 3314 2574
6576 2 2 6 1 347 3328 3283
6577 2 2 6 1 2407 3349 2398
6578 2 2 6 1 2181 3327 2182
6579 2 2 6 1 2783 3297 1216
6580 2 2 6 1 1566 3300 1567
6581 2 2 6 1 124 3304 123
6582 2 2 6 1 1238 3307 1236
6583 2 2 6 1 3288 3339 1298
6584 2 2 6 1 1516 3310 1545
6585 2 2 6 1 3297 3349 1216
6586 2 2 6 1 469 3337 633
6587 2 2 6 1 130 3317 129
6588 2 2 6 1 1075 3319 1077
6589 2 2 6 1 1366 3313 3256
6590 2 2 6 1 1756 3323 1989
6591 2 2 6 1 2571 3332 2574
6592 2 2 6 1 1812 3325 1835
6593 2 2 6 1 3043 3327 1661
6594 2 2 6 1 2582 3328 347
6595 2 2 6 1 1724 3225 2960
6596 2 2 6 1 2057 3305 2058
6597 2 2 6 1 1755 3295 1753
6598 2 2 6 1 132 3340 131
6599 2 2 6 1 2431 3353 2433
6600 2 2 6 1 3231 3333 2903
6601 2 2 6 1 1393 3346 1570
6602 2 2 6 1 2523 3245 3031
6603 2 2 6 1 2872 3351 2477
6604 2 2 6 1 1203 3352 1009
6605 2 2 6 1 3087 3147 1819
6606 2 2 6 1 1216 3349 2780
6607 2 2 6 1 1543 3252 2922
6608 2 2 6 1 3094 3143 1400
6609 2 2 6 1 2980 3248 9
6610 2 2 6 1 2983 3250 147
6611 2 2 6 1 2951 3221 1739
6612 2 2 6 1 482 3338 480
6613 2 2 6 1 333 3281 3198
6614 2 2 6 1 465 3302 467
6615 2 2 6 1 1429 3313 1366
6616 2 2 6 1 419 3247 2974
6617 2 2 6 1 374 3231 3049
6618 2 2 6 1 2069 3207 3159
6619 2 2 6 1 3079 3158 1728
6620 2 2 6 1 2871 3314 1008
6621 2 2 6 1 1850 3335 3121
6622 2 2 6 1 924 3158 3079
6623 2 2 6 1 1542 3351 2872
6624 2 2 6 1 1832 3220 3078
6625 2 2 6 1 3296 3309 1430
6626 2 2 6 1 3074 3184 1781
6627 2 2 6 1 2902 3288 1298
6628 2 2 6 1 396 3163 3101
6629 2 2 6 1 2526 3356 3012
6630 2 2 6 1 3203 3277 1727
6631 2 2 6 1 1298 3339 1425
6632 2 2 6 1 421 3248 2980
6633 2 2 6 1 1740 3303 1875
6634 2 2 6 1 418 3250 2983
6635 2 2 6 1 3002 3227 1715
6636 2 2 6 1 934 3330 2916
6637 2 2 6 1 878 3270 875
6638 2 2 6 1 3227 3255 1715
6639 2 2 6 1 1430 3309 1377
6640 2 2 6 1 2903 3333 1797
6641 2 2 6 1 3089 3211 1290
6642 2 2 6 1 1727 3277 1729
6643 2 2 6 1 3031 3245 2528
6644 2 2 6 1 3121 3255 3227
6645 2 2 6 1 3222 3312 1290
6646 2 2 6 1 1830 3215 3164
6647 2 2 6 1 333 3194 3107
6648 2 2 6 1 3037 3347 1700
6649 2 2 6 1 3183 3218 2020
6650 2 2 6 1 1729 3257 1728
6651 2 2 6 1 1904 3276 2962
6652 2 2 6 1 1818 3266 3104
6653 2 2 6 1 3035 3243 1880
6654 2 2 6 1 3012 3258 2427
6655 2 2 6 1 1810 3306 1809
6656 2 2 6 1 2990 3278 2494
6657 2 2 6 1 1809 3306 3301
6658 2 2 6 1 3212 3256 1804
6659 2 2 6 1 3168 3169 1742
6660 2 2 6 1 3129 3196 1671
6661 2 2 6 1 1887 3324 2934
6662 2 2 6 1 1735 3344 2910
6663 2 2 6 1 3070 3308 1612
6664 2 2 6 1 3121 3335 1654
6665 2 2 6 1 3118 3285 1895
6666 2 2 6 1 3116 3292 1707
6667 2 2 6 1 1612 3308 2790
6668 2 2 6 1 1837 3355 2967
6669 2 2 6 1 1832 3230 3068
6670 2 2 6 1 1828 3336 1824
6671 2 2 6 1 3121 3227 430
6672 2 2 6 1 2962 3276 3206
6673 2 2 6 1 3108 3348 786
6674 2 2 6 1 3303 3306 369
6675 2 2 6 1 2182 3327 3043
6676 2 2 6 1 1464 3316 3020
6677 2 2 6 1 1912 3274 3215
6678 2 2 6 1 3158 3336 1828
6679 2 2 6 1 2953 3311 1782
6680 2 2 6 1 1728 3257 3079
6681 2 2 6 1 3123 3280 2023
6682 2 2 6 1 660 3218 3183
6683 2 2 6 1 1654 3255 3121
6684 2 2 6 1 1778 3322 3008
6685 2 2 6 1 3168 3271 3169
6686 2 2 6 1 786 3343 3125
6687 2 2 6 1 3012 3356 3258
6688 2 2 6 1 3115 3355 1837
6689 2 2 6 1 1725 3271 3168
6690 2 2 6 1 924 3336 3158
6691 2 2 6 1 707 3344 3209
6692 2 2 6 1 3164 3274 887
6693 2 2 6 1 3104 3326 1867
6694 2 2 6 1 1366 3256 3212
6695 2 2 6 1 3215 3274 3164
6696 2 2 6 1 3198 3281 1888
6697 2 2 6 1 3169 3271 837
6698 2 2 6 1 400 3341 3275
6699 2 2 6 1 1782 3311 3224
6700 2 2 6 1 3206 3276 1768
6701 2 2 6 1 3135 3356 2526
6702 2 2 6 1 393 3323 3193
6703 2 2 6 1 2478 3299 3208
6704 2 2 6 1 3266 3326 3104
6705 2 2 6 1 1672 3286 3179
6706 2 2 6 1 1809 3301 3202
6707 2 2 6 1 387 3326 3266
6708 2 2 6 1 2168 3312 3222
6709 2 2 6 1 3213 3351 1542
6710 2 2 6 1 3301 3303 1740
6711 2 2 6 1 3275 3341 1896
6712 2 2 6 1 3258 3356 1198
$EndElements
